{
  "features": [
    "carry_share",
    "target_share",
    "cpg",
    "tpg",
    "rush_ypg",
    "rec_ypg",
    "rush_td_rate",
    "rec_td_rate",
    "anytime_rate",
    "gp",
    "team_rush_tdpg",
    "team_rec_tdpg",
    "opp_rush_td_allowed_pg",
    "opp_rec_td_allowed_pg",
    "is_home",
    "mkt_implied_total",
    "mkt_total",
    "mkt_team_margin"
  ],
  "mean": [
    0.08826873539941371,
    0.08758005699965168,
    2.7441632930042816,
    3.294987822344572,
    11.967013233109387,
    24.655242153352244,
    0.034881439996364505,
    0.046245853199528404,
    0.21381368625324568,
    6.809107030490247,
    0.9039407184119188,
    1.4545554697248115,
    0.8776464329931004,
    1.355101862833094,
    0.49911332303643957,
    22.260768834734854,
    44.45374978548138,
    0.06778788398833019
  ],
  "std": [
    0.16056190373851625,
    0.08056150182576614,
    4.663998697536134,
    2.662219066490859,
    21.43808205984289,
    23.81552199667241,
    0.011915511626011477,
    0.016327902035897505,
    0.11721042577623057,
    4.367912117311707,
    0.47676979081725646,
    0.600868763334294,
    0.4491852595750283,
    0.4977594464588307,
    0.49999921380334433,
    3.8740736828892937,
    4.387958758504083,
    6.400897837588953
  ],
  "coef": [
    0.15518774129349966,
    0.1583051445052195,
    0.001138100326076853,
    0.13168938418114956,
    0.24266025827277526,
    0.112695070553849,
    0.05845498165189643,
    -0.017938679802990593,
    0.13885076219026385,
    0.06945986456297,
    -0.0355279765967632,
    -0.01613494688024094,
    0.03268780047215567,
    -0.02297904754949763,
    0.04951947851272694,
    0.09359956243829737,
    0.07165961000174244,
    0.06417596409583756
  ],
  "intercept": -1.4473909533167864,
  "platt_a": 0.9998707655101066,
  "platt_b": -0.00023846521928678156,
  "constants": {
    "K_RUSH": 25.0,
    "K_REC": 30.0,
    "K_ANY": 4.0,
    "LG_RUSH": 0.0347,
    "LG_REC": 0.0469,
    "LG_ANY": 0.21
  },
  "notes": "logistic + market on season-to-date features; P=platt(sigmoid(w.x+b))",
  "selftest": [
    {
      "x": [
        0.07692307692307693,
        0.0,
        2.0,
        0.0,
        8.0,
        0.0,
        0.03212962962962963,
        0.046900000000000004,
        0.16799999999999998,
        1.0,
        0.0,
        0.0,
        0.0,
        3.0,
        0.0,
        19.25,
        52.0,
        -13.5
      ],
      "p": 0.0924263903076062
    },
    {
      "x": [
        0.5769230769230769,
        0.18181818181818182,
        15.0,
        6.0,
        49.0,
        23.0,
        0.021687500000000002,
        0.03908333333333333,
        0.16799999999999998,
        1.0,
        0.0,
        0.0,
        0.0,
        3.0,
        0.0,
        19.25,
        52.0,
        -13.5
      ],
      "p": 0.3511957076380357
    },
    {
      "x": [
        0.2692307692307692,
        0.06060606060606061,
        7.0,
        2.0,
        54.0,
        13.0,
        0.027109375,
        0.04396875,
        0.16799999999999998,
        1.0,
        0.0,
        0.0,
        0.0,
        3.0,
        0.0,
        19.25,
        52.0,
        -13.5
      ],
      "p": 0.2110539959932363
    }
  ]
}