date,gamePk,market,kind,name,p,y,miss,resid,pa,outs,total_runs,margin,extras
2026-03-28,823082,h1,batter,Yandy Díaz,0.7419730719390241,1,0,0.25802692806097594,5.0,,11,1,1
2026-03-28,823488,h1,batter,Trea Turner,0.7061680000862708,0,1,-0.7061680000862708,5.0,,9,1,1
2026-03-28,823651,h1,batter,Bo Bichette,0.7261837100211126,1,0,0.2738162899788874,5.0,,6,2,1
2026-03-28,823651,h1,batter,Francisco Lindor,0.7158969755023484,0,1,-0.7158969755023484,5.0,,6,2,1
2026-03-28,823811,h1,batter,Brice Turang,0.7227980699259772,1,0,0.27720193007402283,5.0,,7,5,0
2026-03-28,824701,h1,batter,Alex Bregman,0.7182031417557683,0,1,-0.7182031417557683,5.0,,12,8,0
2026-03-28,824701,h1,batter,Nico Hoerner,0.7188875347512065,1,0,0.2811124652487935,5.0,,12,8,0
2026-03-29,823079,h1,batter,JJ Wetherholt,0.7071156381073735,1,0,0.29288436189262645,5.0,,18,4,0
2026-03-29,823079,h1,batter,Alec Burleson,0.7031012495732332,0,1,-0.7031012495732332,5.0,,18,4,0
2026-03-29,823079,h1,batter,Yandy Díaz,0.7113425444186295,1,0,0.28865745558137046,6.0,,18,4,0
2026-03-29,823160,h1,batter,Steven Kwan,0.7106982047484715,0,1,-0.7106982047484715,3.0,,8,8,0
2026-03-29,823647,h1,batter,Bo Bichette,0.7045820268651591,0,1,-0.7045820268651591,5.0,,7,1,1
2026-03-29,823810,h1,batter,Brice Turang,0.7347468317768802,1,0,0.26525316822311984,5.0,,16,2,0
2026-03-29,824215,h1,batter,Jeremy Peña,0.7524848844906223,0,1,-0.7524848844906223,5.0,,16,2,0
2026-03-29,824700,h1,batter,Alex Bregman,0.7127230322751575,1,0,0.28727696772484246,4.0,,9,3,0
2026-03-29,824700,h1,batter,Nico Hoerner,0.720233143579552,1,0,0.27976685642044796,4.0,,9,3,0
2026-03-30,823080,h1,batter,Bo Bichette,0.7016704948659901,1,0,0.2983295051340099,5.0,,6,2,0
2026-03-30,823484,h1,batter,Alec Bohm,0.7059313238363524,0,1,-0.7059313238363524,4.0,,15,11,0
2026-03-30,823484,h1,batter,Trea Turner,0.7354288445951478,1,0,0.2645711554048522,5.0,,15,11,0
2026-03-30,823484,h1,batter,Daylen Lile,0.7093142001139036,1,0,0.29068579988609644,6.0,,15,11,0
2026-03-30,823484,h1,batter,Luis García Jr.,0.7106009861065268,1,0,0.2893990138934732,6.0,,15,11,0
2026-03-30,823809,h1,batter,Brice Turang,0.722805131086419,1,0,0.277194868913581,4.0,,5,1,0
2026-03-30,823809,h1,batter,Yandy Díaz,0.7088846700430536,1,0,0.29111532995694644,4.0,,5,1,0
2026-03-30,823890,h1,batter,Jakob Marsee,0.7144690326523121,1,0,0.2855309673476879,5.0,,13,5,0
2026-03-30,823890,h1,batter,Xavier Edwards,0.7327694094594598,1,0,0.2672305905405402,5.0,,13,5,0
2026-03-30,824135,h1,batter,Bobby Witt Jr.,0.7000918326342997,0,1,-0.7000918326342997,4.0,,4,2,0
2026-03-31,823077,h1,batter,Bo Bichette,0.7240032296891593,0,1,-0.7240032296891593,4.0,,3,3,0
2026-03-31,823077,h1,batter,Francisco Lindor,0.7165566767959813,0,1,-0.7165566767959813,4.0,,3,3,0
2026-03-31,823320,h1,batter,Luis Arraez,0.7271434406662187,0,1,-0.7271434406662187,4.0,,5,1,0
2026-03-31,823485,h1,batter,Trea Turner,0.7084525529271608,1,0,0.2915474470728392,4.0,,5,1,0
2026-03-31,823485,h1,batter,CJ Abrams,0.7049085513778736,1,0,0.29509144862212644,4.0,,5,1,0
2026-03-31,823485,h1,batter,Daylen Lile,0.7090100368342801,1,0,0.2909899631657199,4.0,,5,1,0
2026-03-31,823485,h1,batter,Luis García Jr.,0.7137376260844058,0,1,-0.7137376260844058,4.0,,5,1,0
2026-03-31,823807,h1,batter,Brice Turang,0.7140160875180599,1,0,0.2859839124819401,4.0,,8,4,0
2026-03-31,823888,h1,batter,Jakob Marsee,0.7171454583874434,0,1,-0.7171454583874434,4.0,,11,7,0
2026-03-31,823888,h1,batter,Xavier Edwards,0.7331840538535896,1,0,0.26681594614641035,4.0,,11,7,0
2026-03-31,824537,h1,batter,Jake Mangum,0.7075675227226796,1,0,0.29243247727732036,5.0,,11,5,0
2026-04-01,822835,h1,batter,George Springer,0.7035843479493671,0,1,-0.7035843479493671,5.0,,3,1,1
2026-04-01,823078,h1,batter,Bo Bichette,0.7065352696034805,1,0,0.29346473039651955,5.0,,3,1,1
2026-04-01,823322,h1,batter,Luis Arraez,0.741293457996027,1,0,0.25870654200397303,5.0,,12,6,0
2026-04-01,823483,h1,batter,Trea Turner,0.7236116331733378,1,0,0.27638836682666224,5.0,,11,1,1
2026-04-01,823889,h1,batter,Xavier Edwards,0.703371481325881,1,0,0.296628518674119,3.0,,10,10,0
2026-04-01,824212,h1,batter,Jeremy Peña,0.7154325866701363,1,0,0.2845674133298637,5.0,,11,7,0
2026-04-01,824536,h1,batter,Jake Mangum,0.7220477612135012,0,1,-0.7220477612135012,5.0,,11,5,0
2026-04-01,824536,h1,batter,Nick Gonzales,0.706166033543064,1,0,0.29383396645693605,5.0,,11,5,0
2026-04-01,824698,h1,batter,Nico Hoerner,0.7166467102833797,1,0,0.2833532897166203,5.0,,8,4,0
2026-04-03,822758,h1,batter,Mookie Betts,0.7136357159680595,1,0,0.2863642840319405,6.0,,19,7,0
2026-04-03,823242,h1,batter,Luis Arraez,0.7032795476669091,1,0,0.29672045233309086,5.0,,9,5,0
2026-04-03,823732,h1,batter,Yandy Díaz,0.7149328948630677,1,0,0.28506710513693234,4.0,,14,6,0
2026-04-03,824377,h1,batter,Alec Bohm,0.7165736941735349,1,0,0.2834263058264651,5.0,,11,9,0
2026-04-03,824377,h1,batter,Trea Turner,0.7512142608003376,1,0,0.2487857391996624,4.0,,11,9,0
2026-04-03,824458,h1,batter,Nico Hoerner,0.7021835026904214,0,1,-0.7021835026904214,4.0,,5,3,0
2026-04-04,822757,h1,batter,Mookie Betts,0.7066304576807765,0,1,-0.7066304576807765,1.0,,15,5,0
2026-04-04,823730,h1,batter,Luke Keaschall,0.718624800010768,1,0,0.281375199989232,4.0,,8,6,0
2026-04-04,823730,h1,batter,Yandy Díaz,0.7179469100918904,1,0,0.2820530899081096,5.0,,8,6,0
2026-04-04,824134,h1,batter,Brice Turang,0.7006026339681594,1,0,0.29939736603184064,4.0,,10,6,0
2026-04-04,824782,h1,batter,Trevor Story,0.7118636401082633,0,1,-0.7118636401082633,4.0,,5,1,0
2026-04-04,824782,h1,batter,Jarren Duran,0.7102845294504215,1,0,0.28971547054957847,3.0,,5,1,0
2026-04-04,825026,h1,batter,Jeremy Peña,0.7186890143272262,1,0,0.2813109856727738,5.0,,15,7,0
2026-04-04,825027,h1,batter,Jeremy Peña,0.7078183364156219,1,0,0.29218166358437814,4.0,,11,11,0
2026-04-04,825103,h1,batter,Drake Baldwin,0.7060268879927829,1,0,0.2939731120072171,4.0,,2,2,0
2026-04-04,825103,h1,batter,Ozzie Albies,0.7033368885695938,1,0,0.29666311143040625,4.0,,2,2,0
2026-04-05,823238,h1,batter,Luis Arraez,0.7051828798668968,1,0,0.29481712013310324,4.0,,7,3,0
2026-04-05,823239,h1,batter,Luis Arraez,0.7058393740215293,0,1,-0.7058393740215293,4.0,,9,9,0
2026-04-05,823729,h1,batter,Luke Keaschall,0.7065957826838268,0,1,-0.7065957826838268,4.0,,5,3,1
2026-04-05,823729,h1,batter,Chandler Simpson,0.7149820195221283,1,0,0.28501798047787175,5.0,,5,3,1
2026-04-05,823729,h1,batter,Yandy Díaz,0.7190775496952768,1,0,0.2809224503047232,5.0,,5,3,1
2026-04-05,824054,h1,batter,Josh Naylor,0.7084527178719479,1,0,0.29154728212805214,4.0,,1,1,0
2026-04-05,824054,h1,batter,Julio Rodríguez,0.7022778262041978,1,0,0.29772217379580224,4.0,,1,1,0
2026-04-05,824378,h1,batter,Alec Bohm,0.7087661005199025,1,0,0.2912338994800975,4.0,,3,1,0
2026-04-05,824378,h1,batter,Trea Turner,0.7438962047402982,1,0,0.25610379525970184,5.0,,3,1,0
2026-04-05,824379,h1,batter,Ezequiel Tovar,0.730706150374513,0,1,-0.730706150374513,4.0,,5,3,0
2026-04-05,824379,h1,batter,Bryce Harper,0.7008730191890344,0,1,-0.7008730191890344,4.0,,5,3,0
2026-04-05,824379,h1,batter,Alec Bohm,0.7434477343350983,1,0,0.25655226566490175,4.0,,5,3,0
2026-04-05,824379,h1,batter,Trea Turner,0.7774126125988885,1,0,0.2225873874011115,4.0,,5,3,0
2026-04-05,824459,h1,batter,Nico Hoerner,0.7015540189681215,0,1,-0.7015540189681215,4.0,,1,1,0
2026-04-05,824460,h1,batter,Nico Hoerner,0.7251151121594048,1,0,0.27488488784059517,5.0,,11,1,0
2026-04-05,824620,h1,batter,George Springer,0.7071756148929668,1,0,0.29282438510703324,4.0,,3,3,0
2026-04-05,824620,h1,batter,Vladimir Guerrero Jr.,0.7056801608285577,1,0,0.29431983917144233,4.0,,3,3,0
2026-04-06,822755,h1,batter,Luis García Jr.,0.7105579747435585,0,1,-0.7105579747435585,3.0,,15,3,0
2026-04-06,822755,h1,batter,JJ Wetherholt,0.7055650784150684,1,0,0.29443492158493156,5.0,,15,3,0
2026-04-06,822755,h1,batter,Alec Burleson,0.717660504556546,0,1,-0.717660504556546,5.0,,15,3,0
2026-04-06,823002,h1,batter,Yandy Díaz,0.7117470072904405,1,0,0.2882529927095595,4.0,,10,2,0
2026-04-06,823002,h1,batter,Nico Hoerner,0.7207662938789771,1,0,0.27923370612102294,4.0,,10,2,0
2026-04-06,824456,h1,batter,Steven Kwan,0.7108330455575513,1,0,0.28916695444244866,4.0,,6,2,0
2026-04-06,824783,h1,batter,Brice Turang,0.7235315024919652,0,1,-0.7235315024919652,6.0,,14,2,0
2026-04-07,822754,h1,batter,Alec Burleson,0.7071290103779655,1,0,0.2928709896220345,5.0,,13,1,1
2026-04-07,822999,h1,batter,Yandy Díaz,0.709885501000444,0,1,-0.709885501000444,4.0,,11,7,0
2026-04-07,822999,h1,batter,Nico Hoerner,0.7275540739038056,1,0,0.27244592609619445,5.0,,11,7,0
2026-04-07,823237,h1,batter,Luis Arraez,0.7182980275128354,1,0,0.28170197248716455,5.0,,10,2,0
2026-04-07,823237,h1,batter,Trea Turner,0.7351873141013816,1,0,0.2648126858986184,5.0,,10,2,0
2026-04-07,823648,h1,batter,Bo Bichette,0.7009858678968703,1,0,0.29901413210312966,5.0,,7,1,1
2026-04-07,824376,h1,batter,Jose Altuve,0.7127572552525279,1,0,0.28724274474747213,5.0,,16,2,0
2026-04-07,824376,h1,batter,Jeremy Peña,0.753160656120919,1,0,0.24683934387908102,5.0,,16,2,0
2026-04-07,824376,h1,batter,Yordan Alvarez,0.7050729741764266,0,1,-0.7050729741764266,5.0,,16,2,0
2026-04-08,822753,h1,batter,Luis García Jr.,0.7088569178632776,1,0,0.29114308213672235,4.0,,7,5,0
2026-04-08,822753,h1,batter,JJ Wetherholt,0.7302352691808524,0,1,-0.7302352691808524,5.0,,7,5,0
2026-04-08,822753,h1,batter,Alec Burleson,0.7354617009938634,1,0,0.26453829900613657,5.0,,7,5,0
2026-04-08,822753,h1,batter,Iván Herrera,0.7158706207338015,1,0,0.2841293792661985,5.0,,7,5,0
2026-04-08,822916,h1,batter,Brendan Donovan,0.7000121249780873,1,0,0.2999878750219127,5.0,,5,1,0
2026-04-08,823000,h1,batter,Yandy Díaz,0.713189021004976,0,1,-0.713189021004976,4.0,,8,4,0
2026-04-08,823000,h1,batter,Nico Hoerner,0.7066983972164557,1,0,0.29330160278354434,5.0,,8,4,0
2026-04-08,823234,h1,batter,Luis Arraez,0.7232292088293578,1,0,0.2767707911706422,4.0,,5,5,0
2026-04-08,823234,h1,batter,Trea Turner,0.7198666839193836,0,1,-0.7198666839193836,4.0,,5,5,0
2026-04-08,823235,h1,batter,Luis Arraez,0.7166528370725712,1,0,0.2833471629274288,4.0,,6,6,0
2026-04-08,823564,h1,batter,Cody Bellinger,0.7026849634304265,1,0,0.2973150365695735,4.0,,5,1,0
2026-04-08,823646,h1,batter,Bo Bichette,0.71324518882969,1,0,0.28675481117031,4.0,,9,5,0
2026-04-08,824374,h1,batter,Jose Altuve,0.7192312124107361,1,0,0.28076878758926394,4.0,,10,8,0
2026-04-08,824374,h1,batter,Jeremy Peña,0.7574923460114895,1,0,0.24250765398851049,5.0,,10,8,0
2026-04-08,824374,h1,batter,Yordan Alvarez,0.7058739719346786,1,0,0.2941260280653214,4.0,,10,8,0
2026-04-08,824375,h1,batter,Jose Altuve,0.739718279893381,0,1,-0.739718279893381,4.0,,6,4,0
2026-04-08,824375,h1,batter,Jeremy Peña,0.7761312206002556,0,1,-0.7761312206002556,4.0,,6,4,0
2026-04-08,824375,h1,batter,Yainer Diaz,0.7005266333147074,0,1,-0.7005266333147074,3.0,,6,4,0
2026-04-08,824375,h1,batter,Yordan Alvarez,0.7270986372705887,0,1,-0.7270986372705887,4.0,,6,4,0
2026-04-09,823565,h1,batter,Jacob Wilson,0.7171342443900948,1,0,0.28286575560990523,4.0,,1,1,0
2026-04-09,823645,h1,batter,Bo Bichette,0.7189449931535494,1,0,0.2810550068464506,4.0,,8,6,0
2026-04-09,824130,h1,batter,Maikel Garcia,0.7173936174049931,1,0,0.2826063825950069,5.0,,2,2,0
2026-04-09,824130,h1,batter,Bobby Witt Jr.,0.7170836676917098,1,0,0.28291633230829016,5.0,,2,2,0
2026-04-10,822829,h1,batter,Luke Keaschall,0.7150531479379348,1,0,0.28494685206206516,4.0,,14,6,0
2026-04-10,823482,h1,batter,Trea Turner,0.7013055717547207,1,0,0.29869442824527925,5.0,,9,1,0
2026-04-10,823643,h1,batter,Bo Bichette,0.7044621794117799,1,0,0.2955378205882201,4.0,,4,4,0
2026-04-10,823808,h1,batter,Brice Turang,0.7219643867362641,1,0,0.27803561326373594,4.0,,10,4,0
2026-04-10,824128,h1,batter,Maikel Garcia,0.7295342016911722,1,0,0.2704657983088278,4.0,,2,2,0
2026-04-10,824128,h1,batter,Bobby Witt Jr.,0.7301399515451722,1,0,0.2698600484548278,4.0,,2,2,0
2026-04-10,824297,h1,batter,Xavier Edwards,0.7235592505992735,1,0,0.2764407494007265,4.0,,2,2,0
2026-04-10,824534,h1,batter,Elly De La Cruz,0.7026920396529189,1,0,0.29730796034708107,4.0,,12,8,0
2026-04-10,824534,h1,batter,TJ Friedl,0.7210695698925088,0,1,-0.7210695698925088,4.0,,12,8,0
2026-04-10,824695,h1,batter,Nico Hoerner,0.7359973807532019,1,0,0.26400261924679813,5.0,,2,2,0
2026-04-10,824858,h1,batter,Luis Arraez,0.7352140598571687,0,1,-0.7352140598571687,5.0,,9,3,0
2026-04-10,824941,h1,batter,José Ramírez,0.7000504446650062,0,1,-0.7000504446650062,5.0,,16,6,0
2026-04-10,824941,h1,batter,Steven Kwan,0.7168619401814463,1,0,0.28313805981855367,5.0,,16,6,0
2026-04-11,823156,h1,batter,Jeremy Peña,0.7166679529640203,1,0,0.2833320470359797,5.0,,15,3,0
2026-04-11,823480,h1,batter,Trea Turner,0.7337818525385348,0,1,-0.7337818525385348,4.0,,7,1,0
2026-04-11,823480,h1,batter,Ketel Marte,0.7207502794909755,1,0,0.2792497205090245,4.0,,7,1,0
2026-04-11,823480,h1,batter,Geraldo Perdomo,0.7158729428134137,0,1,-0.7158729428134137,4.0,,7,1,0
2026-04-11,823480,h1,batter,Corbin Carroll,0.7218025675318295,0,1,-0.7218025675318295,4.0,,7,1,0
2026-04-11,824129,h1,batter,Vinnie Pasquantino,0.7029473272915325,0,1,-0.7029473272915325,4.0,,2,2,0
2026-04-11,824129,h1,batter,Maikel Garcia,0.7353019012518383,1,0,0.26469809874816175,4.0,,2,2,0
2026-04-11,824129,h1,batter,Bobby Witt Jr.,0.736502795009519,0,1,-0.736502795009519,4.0,,2,2,0
2026-04-11,824294,h1,batter,Xavier Edwards,0.7210322946218102,0,1,-0.7210322946218102,4.0,,7,5,0
2026-04-11,824697,h1,batter,Nico Hoerner,0.7251150371434663,1,0,0.27488496285653374,6.0,,7,1,1
2026-04-11,824857,h1,batter,Luis Arraez,0.7480861080659106,1,0,0.2519138919340894,3.0,,8,4,0
2026-04-11,824939,h1,batter,José Ramírez,0.7016165336746668,1,0,0.2983834663253332,5.0,,6,6,0
2026-04-11,824939,h1,batter,Steven Kwan,0.7207802609866184,0,1,-0.7207802609866184,5.0,,6,6,0
2026-04-12,822828,h1,batter,Ernie Clement,0.7066544478241836,1,0,0.29334555217581637,5.0,,10,6,0
2026-04-12,823479,h1,batter,Trea Turner,0.7156358935802636,1,0,0.2843641064197364,4.0,,7,1,0
2026-04-12,823479,h1,batter,Ildemaro Vargas,0.7235056093514102,1,0,0.2764943906485898,5.0,,7,1,0
2026-04-12,823479,h1,batter,Corbin Carroll,0.7010775814040584,1,0,0.2989224185959416,5.0,,7,1,0
2026-04-12,823804,h1,batter,Brice Turang,0.7165680788649372,1,0,0.28343192113506277,5.0,,14,2,0
2026-04-12,824533,h1,batter,Zach Neto,0.7024733638959085,0,1,-0.7024733638959085,6.0,,15,3,0
2026-04-12,824696,h1,batter,Nico Hoerner,0.7242230974169344,1,0,0.27577690258306564,5.0,,13,1,0
2026-04-12,824859,h1,batter,Gunnar Henderson,0.7001416947881046,1,0,0.2998583052118954,5.0,,8,4,0
2026-04-13,823073,h1,batter,José Ramírez,0.7097305239426498,1,0,0.2902694760573502,5.0,,12,6,0
2026-04-13,823073,h1,batter,Steven Kwan,0.7238467733240531,1,0,0.2761532266759469,5.0,,12,6,0
2026-04-13,823481,h1,batter,Trea Turner,0.7306331414065694,1,0,0.26936685859343057,4.0,,20,6,0
2026-04-13,823481,h1,batter,Nico Hoerner,0.7454008546414302,0,1,-0.7454008546414302,3.0,,20,6,0
2026-04-14,823072,h1,batter,José Ramírez,0.7225342063757434,1,0,0.2774657936242566,5.0,,11,1,1
2026-04-14,823072,h1,batter,Steven Kwan,0.7362992397427993,0,1,-0.7362992397427993,5.0,,11,1,1
2026-04-14,823478,h1,batter,Trea Turner,0.7188819083691043,1,0,0.28111809163089574,4.0,,14,6,0
2026-04-14,823478,h1,batter,Nico Hoerner,0.7436059758996927,1,0,0.2563940241003073,6.0,,14,6,0
2026-04-14,824292,h1,batter,Maikel Garcia,0.7006249369427677,1,0,0.29937506305723227,4.0,,3,1,0
2026-04-14,824531,h1,batter,Luis Arraez,0.7595424004815527,1,0,0.24045759951844725,4.0,,3,1,0
2026-04-14,824616,h1,batter,Chandler Simpson,0.7199455680322508,1,0,0.28005443196774915,5.0,,13,3,0
2026-04-14,824616,h1,batter,Yandy Díaz,0.7407261788372845,1,0,0.25927382116271547,5.0,,13,3,0
2026-04-14,824853,h1,batter,Ildemaro Vargas,0.705027058476224,1,0,0.29497294152377596,5.0,,7,1,0
2026-04-15,823071,h1,batter,José Ramírez,0.7058990856260916,0,1,-0.7058990856260916,4.0,,8,2,0
2026-04-15,823071,h1,batter,Steven Kwan,0.7171155674041254,1,0,0.2828844325958746,4.0,,8,2,0
2026-04-15,823477,h1,batter,Trea Turner,0.7167968012561537,1,0,0.28320319874384625,3.0,,13,9,0
2026-04-15,823477,h1,batter,Nico Hoerner,0.7319547033512541,1,0,0.2680452966487459,5.0,,13,9,0
2026-04-15,823561,h1,batter,Cody Bellinger,0.7237084638663668,1,0,0.2762915361336332,4.0,,9,1,0
2026-04-15,824210,h1,batter,Jose Altuve,0.7046087034648162,0,1,-0.7046087034648162,5.0,,13,1,0
2026-04-15,824210,h1,batter,Tyler Freeman,0.706769734486881,0,1,-0.706769734486881,5.0,,13,1,0
2026-04-15,824532,h1,batter,Luis Arraez,0.7674905202586091,1,0,0.2325094797413909,4.0,,11,5,0
2026-04-15,824615,h1,batter,Chandler Simpson,0.7442481922964234,0,1,-0.7442481922964234,5.0,,11,5,0
2026-04-15,824936,h1,batter,Drake Baldwin,0.7148203762620299,1,0,0.2851796237379701,4.0,,9,3,0
2026-04-15,824936,h1,batter,Xavier Edwards,0.7249999514666683,1,0,0.2750000485333317,5.0,,9,3,0
2026-04-15,824936,h1,batter,Otto Lopez,0.701949089413858,1,0,0.29805091058614197,5.0,,9,3,0
2026-04-16,823314,h1,batter,Brendan Donovan,0.7254332880847622,1,0,0.27456671191523785,5.0,,13,1,0
2026-04-16,823560,h1,batter,Cody Bellinger,0.7070218563334977,1,0,0.2929781436665023,4.0,,15,7,0
2026-04-16,823801,h1,batter,Brice Turang,0.7151924248133144,1,0,0.28480757518668565,4.0,,3,1,0
2026-04-16,824289,h1,batter,Maikel Garcia,0.7226432623720487,1,0,0.2773567376279513,5.0,,19,1,0
2026-04-16,824289,h1,batter,Bobby Witt Jr.,0.721880295533527,1,0,0.27811970446647305,5.0,,19,1,0
2026-04-16,824530,h1,batter,Luis Arraez,0.7422800006112823,0,1,-0.7422800006112823,4.0,,3,3,0
2026-04-16,824614,h1,batter,Chandler Simpson,0.7271277460323848,0,1,-0.7271277460323848,6.0,,8,2,0
2026-04-17,822752,h1,batter,Luis Arraez,0.7774865558079191,1,0,0.22251344419208086,5.0,,15,5,0
2026-04-17,823313,h1,batter,Brendan Donovan,0.7138309554799331,1,0,0.28616904452006686,4.0,,7,3,0
2026-04-17,823397,h1,batter,Chandler Simpson,0.7263676765722157,1,0,0.2736323234277843,4.0,,6,4,0
2026-04-17,823476,h1,batter,Trea Turner,0.7345904253550418,1,0,0.2654095746449582,5.0,,9,9,0
2026-04-17,823476,h1,batter,Drake Baldwin,0.7387558679811036,1,0,0.2612441320188964,5.0,,9,9,0
2026-04-17,823476,h1,batter,Ozzie Albies,0.7111541201712105,0,1,-0.7111541201712105,5.0,,9,9,0
2026-04-17,823559,h1,batter,Cody Bellinger,0.7017655103924444,1,0,0.2982344896075556,4.0,,6,2,0
2026-04-17,823883,h1,batter,Xavier Edwards,0.7200640088273065,1,0,0.2799359911726935,5.0,,12,2,1
2026-04-17,823883,h1,batter,Sal Frelick,0.7169982980163152,1,0,0.2830017019836848,6.0,,12,2,1
2026-04-17,823883,h1,batter,Brice Turang,0.7092356759512018,0,1,-0.7092356759512018,5.0,,12,2,1
2026-04-17,824454,h1,batter,Steven Kwan,0.7117620779553738,1,0,0.28823792204462617,5.0,,10,2,0
2026-04-17,824693,h1,batter,Nico Hoerner,0.7307363707217984,1,0,0.2692636292782016,5.0,,16,8,0
2026-04-17,824693,h1,batter,Bo Bichette,0.700181845486924,1,0,0.29981815451307603,5.0,,16,8,0
2026-04-18,822751,h1,batter,CJ Abrams,0.7004104563578263,0,1,-0.7004104563578263,6.0,,13,1,1
2026-04-18,822751,h1,batter,Luis García Jr.,0.7055889606574558,1,0,0.2944110393425442,3.0,,13,1,1
2026-04-18,822751,h1,batter,Luis Arraez,0.7722233071780098,1,0,0.2277766928219902,6.0,,13,1,1
2026-04-18,823474,h1,batter,Drake Baldwin,0.703962944323154,1,0,0.296037055676846,5.0,,4,2,0
2026-04-18,823558,h1,batter,Maikel Garcia,0.7149484678548795,1,0,0.28505153214512047,4.0,,17,9,0
2026-04-18,823558,h1,batter,Bobby Witt Jr.,0.7170604516658823,1,0,0.2829395483341177,3.0,,17,9,0
2026-04-18,823882,h1,batter,Sal Frelick,0.7014013643817971,1,0,0.2985986356182029,5.0,,7,3,0
2026-04-18,824206,h1,batter,Jose Altuve,0.7237257069831662,0,1,-0.7237257069831662,5.0,,12,2,0
2026-04-18,824207,h1,batter,Jose Altuve,0.704814784383516,1,0,0.29518521561648403,5.0,,13,5,0
2026-04-18,824207,h1,batter,JJ Wetherholt,0.7005193328798133,1,0,0.2994806671201867,5.0,,13,5,0
2026-04-18,824207,h1,batter,Alec Burleson,0.7191136876682709,1,0,0.2808863123317291,5.0,,13,5,0
2026-04-18,824373,h1,batter,Will Smith,0.7081358901906227,1,0,0.29186410980937727,5.0,,8,6,0
2026-04-18,824373,h1,batter,Kyle Tucker,0.7197930843855442,1,0,0.28020691561445576,5.0,,8,6,0
2026-04-18,824373,h1,batter,Freddie Freeman,0.7343627113495781,1,0,0.2656372886504219,5.0,,8,6,0
2026-04-18,824373,h1,batter,Shohei Ohtani,0.7328605910522679,1,0,0.26713940894773214,5.0,,8,6,0
2026-04-18,824373,h1,batter,Teoscar Hernández,0.701561083279372,0,1,-0.701561083279372,5.0,,8,6,0
2026-04-18,824373,h1,batter,Andy Pages,0.7050277736966206,1,0,0.2949722263033794,4.0,,8,6,0
2026-04-18,824451,h1,batter,Steven Kwan,0.7092250744067878,0,1,-0.7092250744067878,4.0,,6,2,0
2026-04-18,824694,h1,batter,Nico Hoerner,0.7148720338706717,0,1,-0.7148720338706717,4.0,,6,2,0
2026-04-18,824694,h1,batter,Bo Bichette,0.736280628174643,1,0,0.263719371825357,4.0,,6,2,0
2026-04-18,824775,h1,batter,Kevin McGonigle,0.7119245945137557,1,0,0.28807540548624433,5.0,,5,3,0
2026-04-18,825019,h1,batter,Jacob Wilson,0.708174257628278,0,1,-0.708174257628278,4.0,,11,7,0
2026-04-18,825020,h1,batter,Jacob Wilson,0.7118017919163573,1,0,0.2881982080836427,6.0,,13,1,1
2026-04-19,822750,h1,batter,Luis Arraez,0.7584595829499329,0,1,-0.7584595829499329,4.0,,3,3,0
2026-04-19,823393,h1,batter,Chandler Simpson,0.7488180465869188,1,0,0.25118195341308125,4.0,,9,3,0
2026-04-19,823475,h1,batter,Trea Turner,0.7057527612357452,1,0,0.29424723876425485,5.0,,6,2,0
2026-04-19,823475,h1,batter,Drake Baldwin,0.7050435106312614,0,1,-0.7050435106312614,5.0,,6,2,0
2026-04-19,823556,h1,batter,Maikel Garcia,0.719641807040169,0,1,-0.719641807040169,4.0,,7,7,0
2026-04-19,823556,h1,batter,Bobby Witt Jr.,0.7213272273356024,1,0,0.2786727726643976,4.0,,7,7,0
2026-04-19,824049,h1,batter,Zach Neto,0.7073516393144045,1,0,0.2926483606855955,4.0,,5,3,0
2026-04-19,824205,h1,batter,Carlos Correa,0.7021657914369204,0,1,-0.7021657914369204,5.0,,12,2,1
2026-04-19,824205,h1,batter,Alec Burleson,0.7089698860293263,0,1,-0.7089698860293263,5.0,,12,2,1
2026-04-19,824371,h1,batter,Kyle Tucker,0.7050642675985043,1,0,0.29493573240149573,5.0,,15,3,0
2026-04-19,824371,h1,batter,Shohei Ohtani,0.7195128123550866,1,0,0.2804871876449134,5.0,,15,3,0
2026-04-19,824371,h1,batter,Andy Pages,0.7092703974898986,1,0,0.2907296025101014,5.0,,15,3,0
2026-04-19,824372,h1,batter,Kyle Tucker,0.7074268793991559,1,0,0.29257312060084406,5.0,,7,1,0
2026-04-19,824372,h1,batter,Freddie Freeman,0.7221985311956397,1,0,0.2778014688043603,4.0,,7,1,0
2026-04-19,824372,h1,batter,Shohei Ohtani,0.7229293558540527,1,0,0.2770706441459473,5.0,,7,1,0
2026-04-19,824372,h1,batter,Andy Pages,0.7299310071508819,0,1,-0.7299310071508819,4.0,,7,1,0
2026-04-19,824452,h1,batter,Steven Kwan,0.7115255772152571,0,1,-0.7115255772152571,5.0,,12,4,0
2026-04-19,824691,h1,batter,Nico Hoerner,0.755169846571267,1,0,0.24483015342873304,5.0,,3,1,1
2026-04-19,824691,h1,batter,Bo Bichette,0.7351369307000452,0,1,-0.7351369307000452,4.0,,3,1,1
2026-04-19,825018,h1,batter,Jacob Wilson,0.7303499856397857,1,0,0.2696500143602143,5.0,,11,3,0
2026-04-19,825098,h1,batter,Ernie Clement,0.7187812074701578,1,0,0.28121879252984217,5.0,,8,4,0
2026-04-19,825100,h1,batter,Ernie Clement,0.7298472074437445,1,0,0.27015279255625546,5.0,,14,6,0
2026-04-20,822749,h1,batter,Drake Baldwin,0.7252898602671553,1,0,0.27471013973284475,5.0,,13,5,0
2026-04-20,822994,h1,batter,Chandler Simpson,0.7352614565130386,1,0,0.26473854348696135,5.0,,7,5,0
2026-04-20,823879,h1,batter,Jakob Marsee,0.7073139471396294,0,1,-0.7073139471396294,4.0,,8,2,0
2026-04-20,823879,h1,batter,Xavier Edwards,0.719010153864318,1,0,0.280989846135682,4.0,,8,2,0
2026-04-20,823879,h1,batter,Otto Lopez,0.7194713801935437,1,0,0.28052861980645627,4.0,,8,2,0
2026-04-20,823879,h1,batter,Alec Burleson,0.7012530216536444,0,1,-0.7012530216536444,4.0,,8,2,0
2026-04-20,824692,h1,batter,Nico Hoerner,0.7510076291568285,1,0,0.2489923708431715,4.0,,6,4,0
2026-04-20,824692,h1,batter,Trea Turner,0.7471250082196841,0,1,-0.7471250082196841,5.0,,6,4,0
2026-04-21,822747,h1,batter,Drake Baldwin,0.7062583750517373,1,0,0.2937416249482627,5.0,,15,7,0
2026-04-21,823880,h1,batter,Otto Lopez,0.700942115856664,0,1,-0.700942115856664,5.0,,8,2,0
2026-04-21,823880,h1,batter,JJ Wetherholt,0.703619002233002,1,0,0.296380997766998,5.0,,8,2,0
2026-04-21,823880,h1,batter,Alec Burleson,0.7202568402180469,1,0,0.2797431597819531,4.0,,8,2,0
2026-04-21,824127,h1,batter,Maikel Garcia,0.709398668943262,1,0,0.290601331056738,5.0,,11,1,0
2026-04-21,824127,h1,batter,Bobby Witt Jr.,0.7125582616097629,1,0,0.2874417383902371,5.0,,11,1,0
2026-04-21,824290,h1,batter,Brice Turang,0.7104513739099099,1,0,0.28954862609009013,6.0,,16,8,0
2026-04-21,824370,h1,batter,Will Smith,0.7002123460455328,0,1,-0.7002123460455328,5.0,,15,9,0
2026-04-21,824370,h1,batter,Shohei Ohtani,0.725862491368883,1,0,0.27413750863111697,6.0,,15,9,0
2026-04-21,824370,h1,batter,Andy Pages,0.711678652666263,1,0,0.28832134733373704,5.0,,15,9,0
2026-04-21,824448,h1,batter,José Ramírez,0.7009683722099006,1,0,0.2990316277900994,5.0,,13,3,0
2026-04-21,824448,h1,batter,Steven Kwan,0.7107475558867213,1,0,0.28925244411327866,5.0,,13,3,0
2026-04-21,824690,h1,batter,Nico Hoerner,0.7375870167201062,1,0,0.2624129832798938,6.0,,11,3,0
2026-04-21,824690,h1,batter,Trea Turner,0.7213856535575135,0,1,-0.7213856535575135,5.0,,11,3,0
2026-04-22,822748,h1,batter,Drake Baldwin,0.7297827422011494,1,0,0.27021725779885064,4.0,,14,2,0
2026-04-22,822748,h1,batter,Ozzie Albies,0.7018138401570342,1,0,0.2981861598429658,4.0,,14,2,0
2026-04-22,822993,h1,batter,Yandy Díaz,0.7039947084846946,1,0,0.2960052915153054,4.0,,7,5,0
2026-04-22,823641,h1,batter,Bo Bichette,0.7362554721923074,1,0,0.26374452780769264,4.0,,5,1,0
2026-04-22,823878,h1,batter,Xavier Edwards,0.7205375099639486,0,1,-0.7205375099639486,5.0,,5,3,0
2026-04-22,823878,h1,batter,JJ Wetherholt,0.7073771458180111,0,1,-0.7073771458180111,4.0,,5,3,0
2026-04-22,823878,h1,batter,Iván Herrera,0.7013286801879507,1,0,0.2986713198120493,4.0,,5,3,0
2026-04-22,824044,h1,batter,Ernie Clement,0.709117090605528,1,0,0.29088290939447203,5.0,,10,4,0
2026-04-22,824045,h1,batter,Zach Neto,0.7003219524828643,0,1,-0.7003219524828643,4.0,,6,2,0
2026-04-22,824045,h1,batter,Ernie Clement,0.7565024427842562,1,0,0.24349755721574384,4.0,,6,2,0
2026-04-22,824045,h1,batter,Nathan Lukes,0.7064563850432998,0,1,-0.7064563850432998,3.0,,6,2,0
2026-04-22,824045,h1,batter,Vladimir Guerrero Jr.,0.7255322981406745,1,0,0.27446770185932545,4.0,,6,2,0
2026-04-22,824123,h1,batter,Maikel Garcia,0.7243688775851239,0,1,-0.7243688775851239,3.0,,14,2,0
2026-04-22,824123,h1,batter,Bobby Witt Jr.,0.7279838314880682,1,0,0.2720161685119318,5.0,,14,2,0
2026-04-22,824123,h1,batter,Gunnar Henderson,0.7017959445987398,0,1,-0.7017959445987398,5.0,,14,2,0
2026-04-22,824286,h1,batter,Brice Turang,0.7133873295677775,0,1,-0.7133873295677775,5.0,,7,3,0
2026-04-22,824369,h1,batter,Mickey Moniak,0.7205866176061868,1,0,0.2794133823938132,4.0,,1,1,0
2026-04-22,824369,h1,batter,Hunter Goodman,0.7066800832255411,1,0,0.2933199167744589,4.0,,1,1,0
2026-04-22,824369,h1,batter,Jackson Merrill,0.7083006277139803,0,1,-0.7083006277139803,4.0,,1,1,0
2026-04-22,824369,h1,batter,Ramón Laureano,0.7002828290740284,0,1,-0.7002828290740284,4.0,,1,1,0
2026-04-22,824449,h1,batter,José Ramírez,0.7172374450851019,1,0,0.2827625549148981,4.0,,2,2,0
2026-04-22,824449,h1,batter,Steven Kwan,0.7266229804435891,1,0,0.2733770195564109,4.0,,2,2,0
2026-04-22,824688,h1,batter,Alex Bregman,0.7002417053818485,1,0,0.2997582946181515,5.0,,9,5,0
2026-04-22,824688,h1,batter,Nico Hoerner,0.758801015933032,1,0,0.24119898406696805,5.0,,9,5,0
2026-04-22,824688,h1,batter,Trea Turner,0.7128214682870538,1,0,0.28717853171294616,4.0,,9,5,0
2026-04-22,824774,h1,batter,Cody Bellinger,0.7130297745598576,0,1,-0.7130297745598576,4.0,,5,3,0
2026-04-23,822745,h1,batter,Drake Baldwin,0.722672034344852,1,0,0.27732796565514795,5.0,,9,5,0
2026-04-23,823231,h1,batter,Luis Arraez,0.701975704755721,1,0,0.298024295244279,4.0,,3,3,0
2026-04-23,824367,h1,batter,Mickey Moniak,0.7073714817718569,1,0,0.29262851822814306,4.0,,11,5,0
2026-04-23,824367,h1,batter,Jackson Merrill,0.7484711265441598,1,0,0.2515288734558402,4.0,,11,5,0
2026-04-23,824367,h1,batter,Ramón Laureano,0.7410413957558845,0,1,-0.7410413957558845,5.0,,11,5,0
2026-04-23,824367,h1,batter,Manny Machado,0.7266118930466066,1,0,0.27338810695339344,4.0,,11,5,0
2026-04-23,824367,h1,batter,Fernando Tatis Jr.,0.7363636070512948,0,1,-0.7363636070512948,4.0,,11,5,0
2026-04-23,824367,h1,batter,Xander Bogaerts,0.7284807305640203,1,0,0.2715192694359797,4.0,,11,5,0
2026-04-23,824368,h1,batter,Jackson Merrill,0.732937235247629,0,1,-0.732937235247629,5.0,,18,2,0
2026-04-23,824368,h1,batter,Ramón Laureano,0.7233131799143279,1,0,0.27668682008567214,6.0,,18,2,0
2026-04-23,824368,h1,batter,Manny Machado,0.7101483901598467,1,0,0.28985160984015335,5.0,,18,2,0
2026-04-23,824368,h1,batter,Miguel Andujar,0.7155013442328316,1,0,0.2844986557671684,5.0,,18,2,0
2026-04-23,824368,h1,batter,Fernando Tatis Jr.,0.718767926977448,1,0,0.28123207302255204,5.0,,18,2,0
2026-04-23,824368,h1,batter,Xander Bogaerts,0.7130594616035348,1,0,0.28694053839646516,5.0,,18,2,0
2026-04-23,824689,h1,batter,Nico Hoerner,0.7539309237674127,0,1,-0.7539309237674127,6.0,,15,1,1
2026-04-23,824689,h1,batter,Trea Turner,0.7111797181012348,0,1,-0.7111797181012348,5.0,,15,1,1
2026-04-23,824770,h1,batter,Amed Rosario,0.7019726357811384,1,0,0.29802736421886156,3.0,,6,2,0
2026-04-23,825096,h1,batter,Geraldo Perdomo,0.7178464286659734,1,0,0.28215357133402663,4.0,,5,3,0
2026-04-23,825097,h1,batter,Chase Meidroth,0.7059074512532554,1,0,0.2940925487467446,5.0,,18,4,0
2026-04-24,822827,h1,batter,José Ramírez,0.7166769106054712,1,0,0.28332308939452877,5.0,,14,2,0
2026-04-24,822992,h1,batter,Chandler Simpson,0.7229888359641199,0,1,-0.7229888359641199,4.0,,8,4,0
2026-04-24,823638,h1,batter,Bo Bichette,0.7391894525327664,1,0,0.26081054746723364,4.0,,7,1,0
2026-04-24,824124,h1,batter,Bobby Witt Jr.,0.7110443479187551,1,0,0.28895565208124485,4.0,,9,3,0
2026-04-24,824854,h1,batter,Jarren Duran,0.7029854616658658,1,0,0.29701453833413416,5.0,,13,7,0
2026-04-24,824932,h1,batter,Drake Baldwin,0.7007826197228665,0,1,-0.7007826197228665,5.0,,8,2,0
2026-04-24,824932,h1,batter,Trea Turner,0.7119342337740685,1,0,0.2880657662259315,5.0,,8,2,0
2026-04-25,822826,h1,batter,José Ramírez,0.704954614718859,1,0,0.295045385281141,4.0,,8,2,0
2026-04-25,822909,h1,batter,Brandon Nimmo,0.7097891052205901,0,1,-0.7097891052205901,4.0,,9,7,0
2026-04-25,822910,h1,batter,Brandon Nimmo,0.7015809510027073,0,1,-0.7015809510027073,4.0,,7,1,0
2026-04-25,822989,h1,batter,Chandler Simpson,0.730918057407471,0,1,-0.730918057407471,4.0,,7,5,0
2026-04-25,823069,h1,batter,Josh Naylor,0.7006439876689806,1,0,0.2993560123310194,4.0,,5,1,0
2026-04-25,823069,h1,batter,Julio Rodríguez,0.7001303274791114,0,1,-0.7001303274791114,4.0,,5,1,0
2026-04-25,823229,h1,batter,Luis Arraez,0.7130099935018689,1,0,0.2869900064981311,5.0,,8,4,0
2026-04-25,823232,h1,batter,Luis Arraez,0.7486947427292251,1,0,0.2513052572707749,5.0,,13,5,0
2026-04-25,823232,h1,batter,Jakob Marsee,0.7034056931468637,1,0,0.29659430685313626,6.0,,13,5,0
2026-04-25,823232,h1,batter,Xavier Edwards,0.7115844773131158,1,0,0.2884155226868842,5.0,,13,5,0
2026-04-25,823232,h1,batter,Otto Lopez,0.7102874729686275,1,0,0.2897125270313725,5.0,,13,5,0
2026-04-25,823799,h1,batter,Brice Turang,0.7057502544867931,1,0,0.29424974551320693,5.0,,9,3,1
2026-04-25,823960,h1,batter,Freddie Freeman,0.7044837265407722,1,0,0.2955162734592278,5.0,,16,8,0
2026-04-25,823960,h1,batter,Nico Hoerner,0.7483819739582884,1,0,0.2516180260417116,3.0,,16,8,0
2026-04-25,823962,h1,batter,Freddie Freeman,0.7047362080946825,0,1,-0.7047362080946825,4.0,,10,2,0
2026-04-25,823962,h1,batter,Nico Hoerner,0.7226353538209329,1,0,0.2773646461790671,5.0,,10,2,0
2026-04-25,824121,h1,batter,Bobby Witt Jr.,0.7180035195918553,1,0,0.28199648040814473,6.0,,13,11,0
2026-04-25,824527,h1,batter,Kevin McGonigle,0.7138559718037684,1,0,0.28614402819623164,5.0,,11,7,0
2026-04-25,824933,h1,batter,Trea Turner,0.7385767243542907,1,0,0.26142327564570933,5.0,,13,3,1
2026-04-25,825093,h1,batter,Ketel Marte,0.7076573067854344,1,0,0.29234269321456563,5.0,,10,2,0
2026-04-25,825093,h1,batter,Geraldo Perdomo,0.7331162300752575,0,1,-0.7331162300752575,3.0,,10,2,0
2026-04-25,825093,h1,batter,Corbin Carroll,0.7026768546436455,0,1,-0.7026768546436455,4.0,,10,2,0
2026-04-26,822824,h1,batter,Ernie Clement,0.7504256107209186,1,0,0.24957438927908138,4.0,,6,2,0
2026-04-26,822824,h1,batter,Vladimir Guerrero Jr.,0.705667758984781,1,0,0.29433224101521904,4.0,,6,2,0
2026-04-26,822824,h1,batter,José Ramírez,0.7363812691766266,0,1,-0.7363812691766266,4.0,,6,2,0
2026-04-26,822824,h1,batter,Steven Kwan,0.7439072467157923,1,0,0.25609275328420766,5.0,,6,2,0
2026-04-26,822911,h1,batter,Jacob Wilson,0.7103627733650107,1,0,0.28963722663498925,4.0,,3,1,0
2026-04-26,822991,h1,batter,Chandler Simpson,0.7362514133774377,1,0,0.2637485866225623,4.0,,6,2,0
2026-04-26,823068,h1,batter,Julio Rodríguez,0.7069578211746959,1,0,0.29304217882530414,4.0,,5,1,0
2026-04-26,823230,h1,batter,Jung Hoo Lee,0.7019310612075196,1,0,0.2980689387924804,5.0,,9,3,0
2026-04-26,823230,h1,batter,Luis Arraez,0.7338729236112104,0,1,-0.7338729236112104,4.0,,9,3,0
2026-04-26,823635,h1,batter,Bo Bichette,0.7435520412038567,1,0,0.25644795879614335,4.0,,4,2,0
2026-04-26,823637,h1,batter,Bo Bichette,0.7274416563487375,0,1,-0.7274416563487375,4.0,,3,3,0
2026-04-26,823959,h1,batter,Nico Hoerner,0.7510335454435818,1,0,0.2489664545564182,5.0,,6,6,0
2026-04-26,824122,h1,batter,Bobby Witt Jr.,0.70272804615862,1,0,0.29727195384138005,5.0,,20,2,1
2026-04-26,824528,h1,batter,TJ Friedl,0.7002701958684951,1,0,0.29972980413150485,4.0,,11,5,0
2026-04-26,824528,h1,batter,Kevin McGonigle,0.7218083697989054,1,0,0.2781916302010946,5.0,,11,5,0
2026-04-27,822825,h1,batter,Ernie Clement,0.7253880219902802,0,1,-0.7253880219902802,4.0,,5,5,0
2026-04-27,824446,h1,batter,José Ramírez,0.7127558097722688,1,0,0.2872441902277312,4.0,,5,1,0
2026-04-27,824446,h1,batter,Steven Kwan,0.72305022323557,0,1,-0.72305022323557,4.0,,5,1,0
2026-04-27,824446,h1,batter,Yandy Díaz,0.7189157659993491,0,1,-0.7189157659993491,5.0,,5,1,0
2026-04-27,824609,h1,batter,Andrew Benintendi,0.7073187240035388,1,0,0.2926812759964612,4.0,,15,1,0
2026-04-27,824609,h1,batter,Zach Neto,0.7028693714324478,1,0,0.29713062856755224,5.0,,15,1,0
2026-04-28,822823,h1,batter,Ernie Clement,0.7078880866603209,0,1,-0.7078880866603209,4.0,,3,3,0
2026-04-28,823311,h1,batter,Alex Bregman,0.7048097694772151,0,1,-0.7048097694772151,5.0,,16,2,0
2026-04-28,823311,h1,batter,Nico Hoerner,0.7691401982529997,0,1,-0.7691401982529997,5.0,,16,2,0
2026-04-28,823473,h1,batter,Trea Turner,0.7306917105538216,1,0,0.26930828944617835,5.0,,7,7,0
2026-04-28,823473,h1,batter,Jung Hoo Lee,0.7177060416426476,0,1,-0.7177060416426476,4.0,,7,7,0
2026-04-28,823473,h1,batter,Luis Arraez,0.7434949106314959,1,0,0.25650508936850414,3.0,,7,7,0
2026-04-28,823636,h1,batter,Bo Bichette,0.7537071686322453,1,0,0.2462928313677547,4.0,,8,8,0
2026-04-28,823798,h1,batter,Ildemaro Vargas,0.7188933162834926,1,0,0.2811066837165074,4.0,,15,11,0
2026-04-28,823961,h1,batter,Freddie Freeman,0.7157278814667902,1,0,0.28427211853320977,5.0,,9,1,0
2026-04-28,824447,h1,batter,José Ramírez,0.7205881329744308,0,1,-0.7205881329744308,4.0,,1,1,0
2026-04-28,824447,h1,batter,Steven Kwan,0.7277900854500466,1,0,0.27220991454995336,4.0,,1,1,0
2026-04-28,824447,h1,batter,Chandler Simpson,0.7395123530369128,1,0,0.26048764696308724,5.0,,1,1,0
2026-04-28,824526,h1,batter,Elly De La Cruz,0.7077862159632167,1,0,0.29221378403678333,4.0,,9,5,0
2026-04-28,824610,h1,batter,Zach Neto,0.706863635529031,1,0,0.293136364470969,5.0,,7,3,0
2026-04-28,824931,h1,batter,Drake Baldwin,0.7086865028719781,0,1,-0.7086865028719781,4.0,,7,3,0
2026-04-29,822821,h1,batter,Ernie Clement,0.7423238566264468,1,0,0.25767614337355316,5.0,,9,7,0
2026-04-29,822821,h1,batter,Vladimir Guerrero Jr.,0.7020775513023019,1,0,0.29792244869769813,4.0,,9,7,0
2026-04-29,822907,h1,batter,Josh Jung,0.7004309193050114,1,0,0.29956908069498855,4.0,,3,3,0
2026-04-29,822907,h1,batter,Brandon Nimmo,0.7072782310428034,1,0,0.2927217689571966,3.0,,3,3,0
2026-04-29,823310,h1,batter,Nico Hoerner,0.7587710821181408,1,0,0.24122891788185918,5.0,,11,5,0
2026-04-29,823312,h1,batter,Nico Hoerner,0.7500068667398121,1,0,0.2499931332601879,5.0,,9,1,0
2026-04-29,823633,h1,batter,Bo Bichette,0.7425934645500217,1,0,0.25740653544997827,5.0,,16,12,0
2026-04-29,823796,h1,batter,Brice Turang,0.7042048693818654,1,0,0.29579513061813456,4.0,,8,4,0
2026-04-29,823956,h1,batter,Freddie Freeman,0.7174013665795236,1,0,0.2825986334204764,4.0,,3,1,0
2026-04-29,823958,h1,batter,Freddie Freeman,0.7019040404848171,0,1,-0.7019040404848171,5.0,,5,1,0
2026-04-29,824445,h1,batter,Chandler Simpson,0.720662478291187,1,0,0.279337521708813,4.0,,4,2,0
2026-04-29,824525,h1,batter,Elly De La Cruz,0.7109185858137651,0,1,-0.7109185858137651,4.0,,15,11,0
2026-04-29,824525,h1,batter,TJ Friedl,0.7146709881435895,1,0,0.28532901185641046,5.0,,15,11,0
2026-04-29,824608,h1,batter,Zach Neto,0.7114919274190262,0,1,-0.7114919274190262,4.0,,5,1,1
2026-04-29,825017,h1,batter,Jacob Wilson,0.7225244915758698,1,0,0.27747550842413016,5.0,,5,3,1
2026-04-29,825017,h1,batter,Maikel Garcia,0.7245292039306724,1,0,0.27547079606932756,5.0,,5,3,1
2026-04-29,825017,h1,batter,Bobby Witt Jr.,0.7349185588360732,1,0,0.26508144116392685,5.0,,5,3,1
2026-04-30,823471,h1,batter,Trea Turner,0.7572776209390026,1,0,0.24272237906099736,5.0,,11,1,1
2026-04-30,823471,h1,batter,Heliot Ramos,0.7061829486451683,1,0,0.2938170513548317,6.0,,11,1,1
2026-04-30,823471,h1,batter,Luis Arraez,0.7722171535333816,1,0,0.2277828464666184,6.0,,11,1,1
2026-04-30,823472,h1,batter,Trea Turner,0.7348852768027356,0,1,-0.7348852768027356,4.0,,5,1,0
2026-04-30,823472,h1,batter,Luis Arraez,0.7585041700217515,0,1,-0.7585041700217515,4.0,,5,1,0
2026-04-30,823634,h1,batter,Bo Bichette,0.7703133906063054,0,1,-0.7703133906063054,4.0,,9,1,0
2026-04-30,824850,h1,batter,Yordan Alvarez,0.7022879096154444,1,0,0.2977120903845556,5.0,,16,6,0
2026-04-30,824929,h1,batter,Kevin McGonigle,0.7173517744305082,0,1,-0.7173517744305082,5.0,,7,3,0
2026-04-30,825015,h1,batter,Jacob Wilson,0.7157583394519126,1,0,0.2842416605480874,4.0,,7,3,0
2026-04-30,825015,h1,batter,Maikel Garcia,0.7282585030958723,0,1,-0.7282585030958723,4.0,,7,3,0
2026-04-30,825015,h1,batter,Bobby Witt Jr.,0.7404459304563707,1,0,0.25955406954362925,4.0,,7,3,0
2026-04-30,825016,h1,batter,Jacob Wilson,0.7453328738941822,1,0,0.25466712610581776,5.0,,9,3,0
2026-04-30,825016,h1,batter,Maikel Garcia,0.7209802984780461,1,0,0.2790197015219539,5.0,,9,3,0
2026-04-30,825016,h1,batter,Bobby Witt Jr.,0.7351237265231093,0,1,-0.7351237265231093,5.0,,9,3,0
2026-05-01,822744,h1,batter,Brice Turang,0.7192604207179282,1,0,0.2807395792820718,5.0,,7,5,0
2026-05-01,822990,h1,batter,Chandler Simpson,0.7049574831421195,1,0,0.2950425168578805,4.0,,3,3,0
2026-05-01,822990,h1,batter,Luis Arraez,0.7303715860737986,1,0,0.2696284139262014,4.0,,3,3,0
2026-05-01,824686,h1,batter,Nico Hoerner,0.7571439557980014,1,0,0.24285604420199858,1.0,,11,1,0
2026-05-01,824686,h1,batter,Ildemaro Vargas,0.7377140567928833,1,0,0.26228594320711673,5.0,,11,1,0
2026-05-01,824686,h1,batter,Geraldo Perdomo,0.7207172850586674,1,0,0.2792827149413326,5.0,,11,1,0
2026-05-01,824772,h1,batter,Jarren Duran,0.7066285019830155,1,0,0.2933714980169845,4.0,,4,2,0
2026-05-01,824772,h1,batter,Carlos Correa,0.7253043824761984,1,0,0.27469561752380156,5.0,,4,2,0
2026-05-01,824772,h1,batter,Yainer Diaz,0.7009748214418594,1,0,0.2990251785581406,4.0,,4,2,0
2026-05-01,824772,h1,batter,Yordan Alvarez,0.7227826567712766,0,1,-0.7227826567712766,5.0,,4,2,0
2026-05-02,822988,h1,batter,Chandler Simpson,0.7234181047694189,1,0,0.2765818952305811,4.0,,6,4,0
2026-05-02,822988,h1,batter,Luis Arraez,0.7010793005120672,1,0,0.29892069948793276,4.0,,6,4,0
2026-05-02,823066,h1,batter,Freddie Freeman,0.7090520972574479,1,0,0.2909479027425521,4.0,,9,5,0
2026-05-02,823067,h1,batter,Freddie Freeman,0.7181864919761264,1,0,0.2818135080238736,4.0,,5,1,0
2026-05-02,823067,h1,batter,Shohei Ohtani,0.7004888367300535,0,1,-0.7004888367300535,4.0,,5,1,0
2026-05-02,823146,h1,batter,Bobby Witt Jr.,0.7021528002936124,1,0,0.2978471997063876,5.0,,13,1,0
2026-05-02,823713,h1,batter,Byron Buxton,0.7087040500290276,1,0,0.2912959499709724,5.0,,10,4,0
2026-05-02,823713,h1,batter,Vladimir Guerrero Jr.,0.7033049316182082,0,1,-0.7033049316182082,5.0,,10,4,0
2026-05-02,823715,h1,batter,Ernie Clement,0.7163849737718035,1,0,0.28361502622819645,5.0,,15,7,0
2026-05-02,823876,h1,batter,Xavier Edwards,0.700026641200909,1,0,0.29997335879909104,4.0,,4,4,0
2026-05-02,823876,h1,batter,Otto Lopez,0.7048882465552789,1,0,0.29511175344472107,5.0,,4,4,0
2026-05-02,823876,h1,batter,Trea Turner,0.7308369642535318,0,1,-0.7308369642535318,4.0,,4,4,0
2026-05-02,824041,h1,batter,Bo Bichette,0.7286766724454384,1,0,0.27132332755456157,4.0,,7,1,0
2026-05-02,824366,h1,batter,Mauricio Dubón,0.7136074913633587,1,0,0.28639250863664134,5.0,,14,2,0
2026-05-02,824366,h1,batter,Drake Baldwin,0.7462457162598245,0,1,-0.7462457162598245,5.0,,14,2,0
2026-05-02,824366,h1,batter,Matt Olson,0.7031676078051793,1,0,0.2968323921948207,5.0,,14,2,0
2026-05-02,824366,h1,batter,Ronald Acuña Jr.,0.7114408145884014,1,0,0.28855918541159864,5.0,,14,2,0
2026-05-02,824366,h1,batter,Ozzie Albies,0.7500659385053642,1,0,0.24993406149463582,5.0,,14,2,0
2026-05-02,824685,h1,batter,Alex Bregman,0.7000861515422668,0,1,-0.7000861515422668,4.0,,2,2,0
2026-05-02,825012,h1,batter,Jacob Wilson,0.7137393498091619,1,0,0.28626065019083813,5.0,,13,3,0
2026-05-02,825012,h1,batter,José Ramírez,0.7043447378306694,0,1,-0.7043447378306694,5.0,,13,3,0
2026-05-02,825012,h1,batter,Steven Kwan,0.7099714249205967,1,0,0.2900285750794033,5.0,,13,3,0
2026-05-02,825014,h1,batter,Jacob Wilson,0.7089172128147199,1,0,0.29108278718528013,3.0,,20,8,0
2026-05-03,822987,h1,batter,Chandler Simpson,0.735553209199084,0,1,-0.735553209199084,5.0,,3,1,1
2026-05-03,822987,h1,batter,Luis Arraez,0.7445072520892009,0,1,-0.7445072520892009,4.0,,3,1,1
2026-05-03,823065,h1,batter,Freddie Freeman,0.7002198335280634,1,0,0.2997801664719366,5.0,,5,3,0
2026-05-03,823144,h1,batter,Maikel Garcia,0.72593655468789,1,0,0.27406344531211,5.0,,5,1,1
2026-05-03,823144,h1,batter,Bobby Witt Jr.,0.7352150740575996,1,0,0.26478492594240044,5.0,,5,1,1
2026-05-03,823145,h1,batter,Maikel Garcia,0.7060594534370173,1,0,0.29394054656298274,5.0,,5,3,0
2026-05-03,823145,h1,batter,Bobby Witt Jr.,0.7150721472735462,1,0,0.2849278527264538,5.0,,5,3,0
2026-05-03,823307,h1,batter,Miguel Andujar,0.708321962888935,1,0,0.291678037111065,4.0,,7,1,0
2026-05-03,823555,h1,batter,Cody Bellinger,0.7133611542545005,1,0,0.28663884574549947,5.0,,14,8,0
2026-05-03,823875,h1,batter,Otto Lopez,0.7000494663407375,1,0,0.2999505336592625,4.0,,9,5,0
2026-05-03,823875,h1,batter,Alec Bohm,0.707624792394807,1,0,0.292375207605193,5.0,,9,5,0
2026-05-03,823875,h1,batter,Trea Turner,0.7514834831124906,1,0,0.24851651688750942,5.0,,9,5,0
2026-05-03,824042,h1,batter,Bo Bichette,0.7095424417791033,1,0,0.2904575582208967,5.0,,7,1,1
2026-05-03,824043,h1,batter,Bo Bichette,0.7692682467937386,1,0,0.23073175320626138,5.0,,6,4,0
2026-05-03,824364,h1,batter,Mauricio Dubón,0.7677256259713195,0,1,-0.7677256259713195,5.0,,17,5,0
2026-05-03,824364,h1,batter,Drake Baldwin,0.7597279596282539,1,0,0.2402720403717461,5.0,,17,5,0
2026-05-03,824364,h1,batter,Matt Olson,0.7197131815690009,1,0,0.2802868184309991,5.0,,17,5,0
2026-05-03,824364,h1,batter,Ozzie Albies,0.7646216562098906,1,0,0.23537834379010936,5.0,,17,5,0
2026-05-03,824365,h1,batter,Michael Harris II,0.7035796297630088,1,0,0.2964203702369912,4.0,,10,8,0
2026-05-03,824365,h1,batter,Drake Baldwin,0.7250982542644059,1,0,0.2749017457355941,5.0,,10,8,0
2026-05-03,824365,h1,batter,Ozzie Albies,0.7299408668796475,1,0,0.27005913312035246,5.0,,10,8,0
2026-05-03,824687,h1,batter,Nico Hoerner,0.7593085785378998,1,0,0.2406914214621002,5.0,,12,4,0
2026-05-03,824769,h1,batter,Jarren Duran,0.7088388375465211,1,0,0.2911611624534789,5.0,,4,2,1
2026-05-03,824769,h1,batter,Carlos Correa,0.7089323684680767,0,1,-0.7089323684680767,5.0,,4,2,1
2026-05-03,825013,h1,batter,Jacob Wilson,0.7339750731753932,1,0,0.26602492682460677,5.0,,8,6,0
2026-05-03,825013,h1,batter,José Ramírez,0.7155252212903385,1,0,0.28447477870966154,4.0,,8,6,0
2026-05-03,825013,h1,batter,Steven Kwan,0.7244044378362702,0,1,-0.7244044378362702,4.0,,8,6,0
2026-05-04,822984,h1,batter,Chandler Simpson,0.7295355630780931,1,0,0.2704644369219069,4.0,,6,4,0
2026-05-04,822984,h1,batter,Ernie Clement,0.7019372824581891,1,0,0.2980627175418109,4.0,,6,4,0
2026-05-04,822984,h1,batter,Vladimir Guerrero Jr.,0.7030472550688514,1,0,0.29695274493114865,4.0,,6,4,0
2026-05-04,823874,h1,batter,Trea Turner,0.7524535438456323,0,1,-0.7524535438456323,4.0,,1,1,0
2026-05-04,824120,h1,batter,Maikel Garcia,0.7132609504980476,0,1,-0.7132609504980476,4.0,,8,4,0
2026-05-04,824120,h1,batter,Bobby Witt Jr.,0.7213841585366965,1,0,0.27861584146330354,4.0,,8,4,0
2026-05-04,824120,h1,batter,José Ramírez,0.7218846460543442,1,0,0.2781153539456558,4.0,,8,4,0
2026-05-04,824120,h1,batter,Steven Kwan,0.7314743739392883,0,1,-0.7314743739392883,4.0,,8,4,0
2026-05-04,824363,h1,batter,Mickey Moniak,0.7061401720949806,1,0,0.2938598279050194,4.0,,6,2,0
2026-05-04,824363,h1,batter,Bo Bichette,0.7878005788725502,0,1,-0.7878005788725502,4.0,,6,2,0
2026-05-04,824363,h1,batter,Marcus Semien,0.70535459108257,0,1,-0.70535459108257,3.0,,6,2,0
2026-05-04,824363,h1,batter,Juan Soto,0.7184428051080467,0,1,-0.7184428051080467,4.0,,6,2,0
2026-05-04,824684,h1,batter,Nico Hoerner,0.7582716831011854,1,0,0.24172831689881458,5.0,,9,1,0
2026-05-05,822743,h1,batter,Byron Buxton,0.7079101180072015,1,0,0.2920898819927985,6.0,,14,8,0
2026-05-05,822986,h1,batter,Chandler Simpson,0.7237503526564482,1,0,0.27624964734355184,4.0,,7,1,0
2026-05-05,823228,h1,batter,Jung Hoo Lee,0.7331537291447401,0,1,-0.7331537291447401,4.0,,5,1,0
2026-05-05,823228,h1,batter,Luis Arraez,0.7596017788376477,1,0,0.24039822116235232,4.0,,5,1,0
2026-05-05,823469,h1,batter,Trea Turner,0.7381962079496246,1,0,0.2618037920503754,5.0,,10,8,0
2026-05-05,823469,h1,batter,Jacob Wilson,0.7528832523514477,1,0,0.2471167476485523,4.0,,10,8,0
2026-05-05,823873,h1,batter,Xavier Edwards,0.7299905932553395,1,0,0.27000940674466045,5.0,,16,2,0
2026-05-05,823873,h1,batter,Otto Lopez,0.7101331939579185,1,0,0.2898668060420815,5.0,,16,2,0
2026-05-05,824119,h1,batter,Bobby Witt Jr.,0.7037229050484978,1,0,0.29627709495150223,4.0,,8,2,0
2026-05-05,824119,h1,batter,José Ramírez,0.7298127622511192,0,1,-0.7298127622511192,4.0,,8,2,0
2026-05-05,824119,h1,batter,Steven Kwan,0.7383358841067812,0,1,-0.7383358841067812,4.0,,8,2,0
2026-05-05,824682,h1,batter,Alex Bregman,0.7054900497504617,1,0,0.2945099502495383,5.0,,5,1,1
2026-05-05,824682,h1,batter,Nico Hoerner,0.7642807355786853,1,0,0.23571926442131474,5.0,,5,1,1
2026-05-05,824682,h1,batter,TJ Friedl,0.7006291839868111,0,1,-0.7006291839868111,5.0,,5,1,1
2026-05-06,822740,h1,batter,Brooks Lee,0.7349572966617172,0,1,-0.7349572966617172,4.0,,17,13,0
2026-05-06,822740,h1,batter,Byron Buxton,0.7435731175538687,0,1,-0.7435731175538687,3.0,,17,13,0
2026-05-06,822740,h1,batter,Luke Keaschall,0.7054314657196885,1,0,0.2945685342803115,3.0,,17,13,0
2026-05-06,822985,h1,batter,Yandy Díaz,0.7242200991801336,1,0,0.27577990081986636,4.0,,3,3,0
2026-05-06,823063,h1,batter,Jackson Chourio,0.7115341664931979,1,0,0.2884658335068021,5.0,,8,4,0
2026-05-06,823063,h1,batter,Sal Frelick,0.7135116671538292,1,0,0.2864883328461708,5.0,,8,4,0
2026-05-06,823063,h1,batter,Brice Turang,0.7025822767405085,1,0,0.29741772325949145,5.0,,8,4,0
2026-05-06,823226,h1,batter,Jackson Merrill,0.7158419194602884,1,0,0.2841580805397116,5.0,,6,4,0
2026-05-06,823226,h1,batter,Manny Machado,0.7018861307377712,0,1,-0.7018861307377712,5.0,,6,4,0
2026-05-06,823226,h1,batter,Miguel Andujar,0.7172190520975417,0,1,-0.7172190520975417,4.0,,6,4,0
2026-05-06,823227,h1,batter,Jung Hoo Lee,0.7203629840325346,1,0,0.2796370159674654,4.0,,15,5,0
2026-05-06,823470,h1,batter,Trea Turner,0.7330649186480505,1,0,0.26693508135194954,5.0,,9,3,0
2026-05-06,823470,h1,batter,Jacob Wilson,0.700510167846413,1,0,0.29948983215358704,5.0,,9,3,0
2026-05-06,823872,h1,batter,Xavier Edwards,0.7393161504551162,0,1,-0.7393161504551162,4.0,,11,3,0
2026-05-06,824118,h1,batter,Bobby Witt Jr.,0.7052627499034628,0,1,-0.7052627499034628,4.0,,4,2,0
2026-05-06,824200,h1,batter,Freddie Freeman,0.7123885064913685,1,0,0.28761149350863147,4.0,,3,1,0
2026-05-06,824683,h1,batter,Nico Hoerner,0.7592712181035591,0,1,-0.7592712181035591,5.0,,13,1,1
2026-05-06,824683,h1,batter,TJ Friedl,0.7025724742038405,1,0,0.2974275257961595,4.0,,13,1,1
2026-05-06,825092,h1,batter,Nick Gonzales,0.7284776183412737,0,1,-0.7284776183412737,4.0,,9,9,0
2026-05-07,822741,h1,batter,Daylen Lile,0.7016378180368636,1,0,0.29836218196313635,4.0,,12,2,0
2026-05-07,822741,h1,batter,Byron Buxton,0.72077301997335,1,0,0.27922698002665003,5.0,,12,2,0
2026-05-07,823467,h1,batter,Trea Turner,0.7280056923109252,0,1,-0.7280056923109252,3.0,,13,11,0
2026-05-07,823467,h1,batter,Jacob Wilson,0.7144248835512305,1,0,0.28557511644876954,4.0,,13,11,0
2026-05-07,823551,h1,batter,Brandon Nimmo,0.7066749126261656,1,0,0.29332508737383445,5.0,,11,7,0
2026-05-07,823870,h1,batter,Otto Lopez,0.7263474837271569,1,0,0.27365251627284315,4.0,,7,1,0
2026-05-07,824117,h1,batter,Vinnie Pasquantino,0.705912450483454,1,0,0.29408754951654603,5.0,,13,3,0
2026-05-07,824117,h1,batter,Maikel Garcia,0.7310735256200406,1,0,0.2689264743799594,5.0,,13,3,0
2026-05-07,824117,h1,batter,Bobby Witt Jr.,0.7451867112200828,1,0,0.25481328877991716,5.0,,13,3,0
2026-05-07,824117,h1,batter,José Ramírez,0.7123132771133484,1,0,0.28768672288665165,5.0,,13,3,0
2026-05-07,824117,h1,batter,Steven Kwan,0.7179678630016556,1,0,0.2820321369983444,5.0,,13,3,0
2026-05-07,824361,h1,batter,Bo Bichette,0.7696976392436609,1,0,0.23030236075633914,5.0,,15,5,0
2026-05-07,824361,h1,batter,Juan Soto,0.7008865719157331,1,0,0.2991134280842669,5.0,,15,5,0
2026-05-07,824362,h1,batter,Mickey Moniak,0.7079202742543794,0,1,-0.7079202742543794,4.0,,8,4,0
2026-05-07,824362,h1,batter,Tyler Freeman,0.7007484288008021,1,0,0.2992515711991979,4.0,,8,4,0
2026-05-07,824362,h1,batter,Bo Bichette,0.7747586583596016,0,1,-0.7747586583596016,4.0,,8,4,0
2026-05-07,824362,h1,batter,Juan Soto,0.7071926807962773,1,0,0.2928073192037227,4.0,,8,4,0
2026-05-07,824681,h1,batter,Nico Hoerner,0.7639894273396134,1,0,0.2360105726603866,5.0,,11,5,0
2026-05-07,824767,h1,batter,Yandy Díaz,0.7323894868769417,1,0,0.2676105131230583,5.0,,12,4,0
2026-05-07,825090,h1,batter,Geraldo Perdomo,0.7131212816024981,0,1,-0.7131212816024981,4.0,,6,2,0
2026-05-08,823306,h1,batter,Jackson Merrill,0.705291348180623,0,1,-0.705291348180623,4.0,,3,1,0
2026-05-08,823306,h1,batter,Miguel Andujar,0.7164212261363657,1,0,0.2835787738636343,4.0,,3,1,0
2026-05-08,823466,h1,batter,Trea Turner,0.7323898883480632,0,1,-0.7323898883480632,6.0,,16,2,1
2026-05-08,823871,h1,batter,Xavier Edwards,0.7195938527800558,1,0,0.28040614721994417,4.0,,5,1,0
2026-05-08,823871,h1,batter,Otto Lopez,0.7102189825492298,1,0,0.28978101745077023,4.0,,5,1,0
2026-05-08,824116,h1,batter,Vinnie Pasquantino,0.7058170561086317,0,1,-0.7058170561086317,4.0,,7,1,0
2026-05-08,824116,h1,batter,Maikel Garcia,0.7315354805238423,1,0,0.2684645194761577,4.0,,7,1,0
2026-05-08,824116,h1,batter,Bobby Witt Jr.,0.7471837747730808,1,0,0.25281622522691916,4.0,,7,1,0
2026-05-08,824768,h1,batter,Jarren Duran,0.7016398526879362,1,0,0.29836014731206384,4.0,,2,2,0
2026-05-08,824768,h1,batter,Yandy Díaz,0.7222599453133951,0,1,-0.7222599453133951,4.0,,2,2,0
2026-05-09,822820,h1,batter,Ernie Clement,0.7114102977678316,1,0,0.2885897022321684,5.0,,15,13,0
2026-05-09,822820,h1,batter,George Springer,0.7036089738317767,1,0,0.2963910261682233,5.0,,15,13,0
2026-05-09,822820,h1,batter,Vladimir Guerrero Jr.,0.728389184360448,1,0,0.27161081563955203,5.0,,15,13,0
2026-05-09,822904,h1,batter,Alex Bregman,0.7020416898224817,1,0,0.2979583101775183,5.0,,8,6,0
2026-05-09,822904,h1,batter,Nico Hoerner,0.766434194135108,0,1,-0.766434194135108,5.0,,8,6,0
2026-05-09,822905,h1,batter,Nico Hoerner,0.7526253235040281,0,1,-0.7526253235040281,4.0,,6,6,0
2026-05-09,823225,h1,batter,Jung Hoo Lee,0.701028975790214,1,0,0.29897102420978605,4.0,,7,3,0
2026-05-09,823225,h1,batter,Luis Arraez,0.7361679568266397,1,0,0.2638320431733603,4.0,,7,3,0
2026-05-09,823303,h1,batter,Jackson Merrill,0.7117545958389218,1,0,0.28824540416107824,4.0,,6,6,0
2026-05-09,823303,h1,batter,Xander Bogaerts,0.7006824294541842,0,1,-0.7006824294541842,4.0,,6,6,0
2026-05-09,823304,h1,batter,JJ Wetherholt,0.707817114506243,1,0,0.29218288549375704,5.0,,6,2,0
2026-05-09,823304,h1,batter,Alec Burleson,0.7216432880782393,0,1,-0.7216432880782393,4.0,,6,2,0
2026-05-09,823304,h1,batter,Iván Herrera,0.7004014331763241,1,0,0.2995985668236759,4.0,,6,2,0
2026-05-09,823468,h1,batter,Trea Turner,0.7591715739765889,1,0,0.24082842602341115,5.0,,12,6,0
2026-05-09,823869,h1,batter,Xavier Edwards,0.7269376975405102,1,0,0.2730623024594898,5.0,,15,1,0
2026-05-09,823869,h1,batter,Otto Lopez,0.7209527261139693,1,0,0.2790472738860307,5.0,,15,1,0
2026-05-09,823869,h1,batter,CJ Abrams,0.7019250678316986,1,0,0.2980749321683014,5.0,,15,1,0
2026-05-09,823869,h1,batter,Luis García Jr.,0.7056358791402015,1,0,0.29436412085979846,5.0,,15,1,0
2026-05-09,824115,h1,batter,Maikel Garcia,0.7210056459672001,1,0,0.27899435403279993,4.0,,6,4,0
2026-05-09,824115,h1,batter,Bobby Witt Jr.,0.7357942469294646,1,0,0.2642057530705354,4.0,,6,4,0
2026-05-09,824115,h1,batter,Kevin McGonigle,0.7151782553530792,1,0,0.2848217446469208,4.0,,6,4,0
2026-05-09,824606,h1,batter,Josh Naylor,0.7144951462583787,1,0,0.28550485374162127,4.0,,7,5,0
2026-05-09,824606,h1,batter,Julio Rodríguez,0.7131591398140217,1,0,0.2868408601859783,4.0,,7,5,0
2026-05-09,824847,h1,batter,Jacob Wilson,0.7014507734211429,0,1,-0.7014507734211429,5.0,,8,4,0
2026-05-09,825088,h1,batter,Bo Bichette,0.7396007971010754,0,1,-0.7396007971010754,4.0,,4,2,1
2026-05-09,825089,h1,batter,Bo Bichette,0.7342394589274358,0,1,-0.7342394589274358,4.0,,3,1,0
2026-05-10,822819,h1,batter,Ernie Clement,0.7309608133884941,1,0,0.26903918661150594,4.0,,7,5,0
2026-05-10,822902,h1,batter,Brandon Nimmo,0.703107880618563,0,1,-0.703107880618563,4.0,,3,3,0
2026-05-10,822902,h1,batter,Nico Hoerner,0.7284259659639276,1,0,0.2715740340360724,4.0,,3,3,0
2026-05-10,823221,h1,batter,Luis Arraez,0.7271607450179624,1,0,0.27283925498203765,6.0,,13,1,1
2026-05-10,823224,h1,batter,Luis Arraez,0.7233481167960885,1,0,0.27665188320391154,4.0,,16,10,0
2026-05-10,823305,h1,batter,Alec Burleson,0.7089794719577368,1,0,0.2910205280422632,4.0,,5,1,1
2026-05-10,823463,h1,batter,Trea Turner,0.7630745995493876,0,1,-0.7630745995493876,4.0,,6,6,0
2026-05-10,823868,h1,batter,Xavier Edwards,0.7303923719367224,1,0,0.26960762806327765,4.0,,7,3,0
2026-05-10,823868,h1,batter,Otto Lopez,0.715588933465557,0,1,-0.715588933465557,4.0,,7,3,0
2026-05-10,824113,h1,batter,Vinnie Pasquantino,0.7077040083542773,1,0,0.29229599164572273,4.0,,9,3,0
2026-05-10,824113,h1,batter,Maikel Garcia,0.7330944093741973,1,0,0.26690559062580266,4.0,,9,3,0
2026-05-10,824113,h1,batter,Bobby Witt Jr.,0.7481732371504114,1,0,0.2518267628495886,4.0,,9,3,0
2026-05-10,824440,h1,batter,José Ramírez,0.7039781620268644,1,0,0.29602183797313564,5.0,,9,1,0
2026-05-10,824440,h1,batter,Steven Kwan,0.7096493068123308,0,1,-0.7096493068123308,5.0,,9,1,0
2026-05-10,824520,h1,batter,Jose Altuve,0.7209789225173008,1,0,0.2790210774826992,4.0,,5,5,0
2026-05-10,824520,h1,batter,Yordan Alvarez,0.7118648594682458,0,1,-0.7118648594682458,4.0,,5,5,0
2026-05-10,824605,h1,batter,Josh Naylor,0.7218222988902986,1,0,0.2781777011097014,4.0,,3,1,0
2026-05-10,824605,h1,batter,Brendan Donovan,0.712932966359887,0,1,-0.712932966359887,5.0,,3,1,0
2026-05-10,824605,h1,batter,Julio Rodríguez,0.72091841935831,1,0,0.27908158064169,4.0,,3,1,0
2026-05-10,824765,h1,batter,Jarren Duran,0.7251749736457272,1,0,0.27482502635427275,5.0,,5,3,0
2026-05-10,824765,h1,batter,Chandler Simpson,0.7427583300076677,0,1,-0.7427583300076677,4.0,,5,3,0
2026-05-10,825085,h1,batter,Bo Bichette,0.741480552405205,0,1,-0.741480552405205,4.0,,6,4,0
2026-05-11,822818,h1,batter,Chandler Simpson,0.7423145228546839,1,0,0.2576854771453161,5.0,,13,3,0
2026-05-11,824441,h1,batter,José Ramírez,0.714687517537811,0,1,-0.714687517537811,5.0,,9,5,0
2026-05-11,824441,h1,batter,Steven Kwan,0.7171638989428271,0,1,-0.7171638989428271,5.0,,9,5,0
2026-05-11,824844,h1,batter,Cody Bellinger,0.7156073880337028,0,1,-0.7156073880337028,4.0,,5,1,0
2026-05-12,822817,h1,batter,Yandy Díaz,0.7420704638352754,0,1,-0.7420704638352754,6.0,,13,1,1
2026-05-12,822817,h1,batter,Junior Caminero,0.7072165126085836,1,0,0.29278348739141635,6.0,,13,1,1
2026-05-12,822901,h1,batter,Ketel Marte,0.7013391502634162,1,0,0.2986608497365838,4.0,,1,1,0
2026-05-12,822901,h1,batter,Ildemaro Vargas,0.7036398909269669,0,1,-0.7036398909269669,4.0,,1,1,0
2026-05-12,823712,h1,batter,Xavier Edwards,0.7259383627826556,0,1,-0.7259383627826556,4.0,,3,3,0
2026-05-12,823712,h1,batter,Otto Lopez,0.7097544212339035,0,1,-0.7097544212339035,3.0,,3,3,0
2026-05-12,823953,h1,batter,Jung Hoo Lee,0.7208544559851617,1,0,0.27914554401483826,6.0,,12,6,0
2026-05-12,823953,h1,batter,Luis Arraez,0.7558626863554301,1,0,0.24413731364456992,6.0,,12,6,0
2026-05-12,824199,h1,batter,Josh Naylor,0.7214782863286984,0,1,-0.7214782863286984,4.0,,4,2,0
2026-05-12,824199,h1,batter,Brendan Donovan,0.7114991525719836,0,1,-0.7114991525719836,4.0,,4,2,0
2026-05-12,824199,h1,batter,Julio Rodríguez,0.7196040043268677,1,0,0.28039599567313234,4.0,,4,2,0
2026-05-12,824521,h1,batter,Elly De La Cruz,0.722542222989784,1,0,0.277457777010216,5.0,,14,6,0
2026-05-12,824521,h1,batter,TJ Friedl,0.7294885821624856,1,0,0.2705114178375144,5.0,,14,6,0
2026-05-12,824521,h1,batter,Spencer Steer,0.7192182711581193,1,0,0.2807817288418807,5.0,,14,6,0
2026-05-12,824521,h1,batter,Luis García Jr.,0.7084673707585116,1,0,0.2915326292414884,5.0,,14,6,0
2026-05-12,824604,h1,batter,Vinnie Pasquantino,0.7191140428335729,1,0,0.28088595716642706,5.0,,11,1,0
2026-05-12,824604,h1,batter,Maikel Garcia,0.7408343366550465,1,0,0.2591656633449535,5.0,,11,1,0
2026-05-12,824604,h1,batter,Bobby Witt Jr.,0.7572761307919013,1,0,0.24272386920809874,5.0,,11,1,0
2026-05-12,824764,h1,batter,Trea Turner,0.7342404637734167,0,1,-0.7342404637734167,4.0,,3,1,0
2026-05-12,824843,h1,batter,Cody Bellinger,0.7018379852299034,0,1,-0.7018379852299034,4.0,,8,4,0
2026-05-12,824927,h1,batter,Drake Baldwin,0.7130638945256168,1,0,0.2869361054743832,4.0,,7,3,0
2026-05-12,824927,h1,batter,Ozzie Albies,0.7205035055012665,0,1,-0.7205035055012665,4.0,,7,3,0
2026-05-12,824927,h1,batter,Nico Hoerner,0.7379775377693292,0,1,-0.7379775377693292,4.0,,7,3,0
2026-05-13,822815,h1,batter,Chandler Simpson,0.7065946813596937,0,1,-0.7065946813596937,5.0,,8,2,1
2026-05-13,823631,h1,batter,Bo Bichette,0.7007998256791523,1,0,0.29920017432084767,4.0,,5,1,1
2026-05-13,823710,h1,batter,Xavier Edwards,0.7337240257258156,1,0,0.26627597427418437,5.0,,14,4,0
2026-05-13,823710,h1,batter,Otto Lopez,0.7167647475430188,1,0,0.2832352524569812,5.0,,14,4,0
2026-05-13,823951,h1,batter,Freddie Freeman,0.7083489448913973,1,0,0.2916510551086027,4.0,,8,4,0
2026-05-13,823951,h1,batter,Mookie Betts,0.7120950581140628,0,1,-0.7120950581140628,4.0,,8,4,0
2026-05-13,823951,h1,batter,Luis Arraez,0.7207617890018069,0,1,-0.7207617890018069,5.0,,8,4,0
2026-05-13,824197,h1,batter,Josh Naylor,0.7025560298901085,1,0,0.29744397010989154,5.0,,12,8,0
2026-05-13,824519,h1,batter,Elly De La Cruz,0.7105671384818075,1,0,0.2894328615181925,5.0,,15,1,1
2026-05-13,824603,h1,batter,Maikel Garcia,0.7153191014759076,0,1,-0.7153191014759076,5.0,,11,1,0
2026-05-13,824603,h1,batter,Bobby Witt Jr.,0.7330108083196752,1,0,0.26698919168032476,5.0,,11,1,0
2026-05-13,824763,h1,batter,Jarren Duran,0.7183951539451604,0,1,-0.7183951539451604,4.0,,4,2,0
2026-05-13,824928,h1,batter,Nico Hoerner,0.744237705490763,1,0,0.25576229450923704,4.0,,5,3,0
2026-05-13,825011,h1,batter,Shea Langeliers,0.703733947051317,1,0,0.296266052948683,4.0,,10,2,0
2026-05-14,822900,h1,batter,Ketel Marte,0.7000504613548346,1,0,0.2999495386451654,5.0,,11,1,0
2026-05-14,822900,h1,batter,Ildemaro Vargas,0.7041683638828196,1,0,0.29583163611718044,5.0,,11,1,0
2026-05-14,822900,h1,batter,Geraldo Perdomo,0.7026040719437656,0,1,-0.7026040719437656,5.0,,11,1,0
2026-05-14,823630,h1,batter,Bo Bichette,0.7259650679908498,0,1,-0.7259650679908498,5.0,,13,5,0
2026-05-14,823709,h1,batter,Xavier Edwards,0.7280435741540336,0,1,-0.7280435741540336,4.0,,10,8,0
2026-05-14,823709,h1,batter,Otto Lopez,0.7100964926371057,1,0,0.2899035073628943,4.0,,10,8,0
2026-05-14,823789,h1,batter,Jackson Chourio,0.7091095924324254,0,1,-0.7091095924324254,5.0,,8,6,0
2026-05-14,823789,h1,batter,Brice Turang,0.7008903484053758,1,0,0.2991096515946242,4.0,,8,6,0
2026-05-14,823952,h1,batter,Luis Arraez,0.7244142048397358,1,0,0.27558579516026416,4.0,,4,4,0
2026-05-14,824195,h1,batter,Josh Naylor,0.7036691288263199,1,0,0.29633087117368007,5.0,,7,1,1
2026-05-14,824195,h1,batter,Julio Rodríguez,0.7000078784553392,1,0,0.2999921215446608,5.0,,7,1,1
2026-05-14,824196,h1,batter,Josh Naylor,0.7108395832949036,1,0,0.2891604167050964,5.0,,11,5,0
2026-05-14,824196,h1,batter,Julio Rodríguez,0.707630395116566,0,1,-0.707630395116566,5.0,,11,5,0
2026-05-14,824602,h1,batter,Maikel Garcia,0.7330970970193509,1,0,0.2669029029806491,5.0,,8,4,0
2026-05-14,824602,h1,batter,Bobby Witt Jr.,0.7517233008577241,1,0,0.2482766991422759,4.0,,8,4,0
2026-05-14,824762,h1,batter,Trea Turner,0.7381157202483145,1,0,0.2618842797516855,5.0,,4,2,0
2026-05-14,824926,h1,batter,Nico Hoerner,0.7008748385131195,0,1,-0.7008748385131195,4.0,,2,2,0
2026-05-14,825008,h1,batter,Shea Langeliers,0.7040244421052458,1,0,0.29597555789475416,5.0,,9,1,0
2026-05-14,825010,h1,batter,Shea Langeliers,0.7118039922101892,0,1,-0.7118039922101892,5.0,,8,4,0
2026-05-15,822739,h1,batter,Gunnar Henderson,0.7121509489664586,1,0,0.2878490510335414,5.0,,5,1,0
2026-05-15,822983,h1,batter,Chandler Simpson,0.7526233933827807,1,0,0.24737660661721927,4.0,,9,5,0
2026-05-15,822983,h1,batter,Junior Caminero,0.700570099200813,0,1,-0.700570099200813,4.0,,9,5,0
2026-05-15,823384,h1,batter,Trea Turner,0.7050781420350449,1,0,0.29492185796495507,6.0,,20,2,1
2026-05-15,823950,h1,batter,Luis Arraez,0.7246818263548075,0,1,-0.7246818263548075,4.0,,7,3,0
2026-05-15,824280,h1,batter,Vladimir Guerrero Jr.,0.7020022419411388,0,1,-0.7020022419411388,4.0,,5,1,0
2026-05-15,824439,h1,batter,José Ramírez,0.7116633734593689,1,0,0.2883366265406311,5.0,,13,1,0
2026-05-15,824439,h1,batter,Steven Kwan,0.7109325830009954,0,1,-0.7109325830009954,5.0,,13,1,0
2026-05-15,824601,h1,batter,Nico Hoerner,0.7462236999694221,1,0,0.25377630003057794,6.0,,15,5,0
2026-05-16,822981,h1,batter,Chandler Simpson,0.7442894366164617,1,0,0.25571056338353826,5.0,,15,5,1
2026-05-16,822981,h1,batter,Xavier Edwards,0.7307086774601325,1,0,0.26929132253986754,5.0,,15,5,1
2026-05-16,822981,h1,batter,Otto Lopez,0.713100063304253,1,0,0.286899936695747,5.0,,15,5,1
2026-05-16,823060,h1,batter,Maikel Garcia,0.7209434224300552,1,0,0.27905657756994484,4.0,,6,2,0
2026-05-16,823060,h1,batter,Bobby Witt Jr.,0.7398760017420029,1,0,0.26012399825799715,4.0,,6,2,0
2026-05-16,823061,h1,batter,Alec Burleson,0.7007239375849147,1,0,0.2992760624150853,5.0,,9,1,1
2026-05-16,823061,h1,batter,Maikel Garcia,0.7218097317875961,0,1,-0.7218097317875961,6.0,,9,1,1
2026-05-16,823061,h1,batter,Bobby Witt Jr.,0.7400117342371139,1,0,0.25998826576288614,5.0,,9,1,1
2026-05-16,823139,h1,batter,Josh Naylor,0.7057462202792241,1,0,0.29425377972077593,5.0,,11,3,0
2026-05-16,823139,h1,batter,Julio Rodríguez,0.7023807046779643,1,0,0.2976192953220357,5.0,,11,3,0
2026-05-16,823140,h1,batter,Josh Naylor,0.7181838564315578,1,0,0.2818161435684422,4.0,,2,2,0
2026-05-16,823140,h1,batter,Brendan Donovan,0.7118074221975421,1,0,0.2881925778024579,5.0,,2,2,0
2026-05-16,823140,h1,batter,Julio Rodríguez,0.714272345249634,0,1,-0.714272345249634,4.0,,2,2,0
2026-05-16,823382,h1,batter,Trea Turner,0.7115662919559141,1,0,0.28843370804408586,5.0,,6,6,0
2026-05-16,824037,h1,batter,Shohei Ohtani,0.7080821118924921,1,0,0.29191788810750785,5.0,,6,6,0
2026-05-16,824037,h1,batter,Mookie Betts,0.7217462608678997,0,1,-0.7217462608678997,5.0,,6,6,0
2026-05-16,824359,h1,batter,TJ Rumfield,0.7135028794651374,1,0,0.28649712053486265,4.0,,6,2,0
2026-05-16,824359,h1,batter,Nolan Arenado,0.7467742424696482,0,1,-0.7467742424696482,4.0,,6,2,0
2026-05-16,824359,h1,batter,Ketel Marte,0.7530382333811015,1,0,0.24696176661889846,5.0,,6,2,0
2026-05-16,824359,h1,batter,Ildemaro Vargas,0.7541510278633262,0,1,-0.7541510278633262,4.0,,6,2,0
2026-05-16,824359,h1,batter,Geraldo Perdomo,0.7503487602724442,1,0,0.24965123972755576,5.0,,6,2,0
2026-05-16,824359,h1,batter,Corbin Carroll,0.7444301057289133,1,0,0.2555698942710867,5.0,,6,2,0
2026-05-16,824359,h1,batter,Lourdes Gurriel Jr.,0.723294833192089,1,0,0.276705166807911,4.0,,6,2,0
2026-05-16,824360,h1,batter,Mickey Moniak,0.7136591189782008,1,0,0.2863408810217992,4.0,,10,8,0
2026-05-16,824360,h1,batter,Nolan Arenado,0.7454130779253036,1,0,0.25458692207469635,5.0,,10,8,0
2026-05-16,824360,h1,batter,Ketel Marte,0.7541390728577807,0,1,-0.7541390728577807,5.0,,10,8,0
2026-05-16,824360,h1,batter,Ildemaro Vargas,0.7528748480203066,1,0,0.24712515197969342,5.0,,10,8,0
2026-05-16,824360,h1,batter,Geraldo Perdomo,0.7504875628668376,1,0,0.2495124371331624,5.0,,10,8,0
2026-05-16,824360,h1,batter,Corbin Carroll,0.744459276157532,1,0,0.25554072384246795,5.0,,10,8,0
2026-05-16,824360,h1,batter,Lourdes Gurriel Jr.,0.7249161280105223,1,0,0.2750838719894777,5.0,,10,8,0
2026-05-16,824435,h1,batter,José Ramírez,0.7329504557062744,1,0,0.2670495442937256,5.0,,11,3,0
2026-05-16,824600,h1,batter,Nico Hoerner,0.7569348579929682,1,0,0.24306514200703178,5.0,,11,5,0
2026-05-16,825009,h1,batter,Jung Hoo Lee,0.7328529184805781,1,0,0.2671470815194219,5.0,,7,3,0
2026-05-16,825009,h1,batter,Luis Arraez,0.7637589844415978,1,0,0.23624101555840216,5.0,,7,3,0
2026-05-17,822738,h1,batter,Luis García Jr.,0.7102757602434732,1,0,0.28972423975652684,5.0,,10,4,0
2026-05-17,822982,h1,batter,Chandler Simpson,0.7063354852732485,0,1,-0.7063354852732485,4.0,,9,3,0
2026-05-17,822982,h1,batter,Xavier Edwards,0.7022087202516271,1,0,0.29779127974837294,5.0,,9,3,0
2026-05-17,823058,h1,batter,Alec Burleson,0.7100716350977785,1,0,0.2899283649022215,4.0,,2,2,0
2026-05-17,823058,h1,batter,Vinnie Pasquantino,0.7111592477527909,1,0,0.28884075224720906,4.0,,2,2,0
2026-05-17,823058,h1,batter,Maikel Garcia,0.7346771310618783,1,0,0.26532286893812174,5.0,,2,2,0
2026-05-17,823058,h1,batter,Bobby Witt Jr.,0.7520734338773832,0,1,-0.7520734338773832,4.0,,2,2,0
2026-05-17,823138,h1,batter,Miguel Andujar,0.702288213022175,1,0,0.29771178697782497,5.0,,11,5,0
2026-05-17,823628,h1,batter,Bo Bichette,0.7049422911860566,1,0,0.29505770881394344,5.0,,13,1,1
2026-05-17,823708,h1,batter,Jackson Chourio,0.7076882830506214,1,0,0.29231171694937863,5.0,,9,1,0
2026-05-17,824358,h1,batter,Nolan Arenado,0.7302336515086216,1,0,0.26976634849137837,5.0,,14,2,0
2026-05-17,824358,h1,batter,Ildemaro Vargas,0.7771363189999028,1,0,0.22286368100009724,5.0,,14,2,0
2026-05-17,824358,h1,batter,Geraldo Perdomo,0.7363526205626896,1,0,0.2636473794373104,5.0,,14,2,0
2026-05-17,824358,h1,batter,Corbin Carroll,0.7313363773070712,1,0,0.26866362269292876,5.0,,14,2,0
2026-05-17,824358,h1,batter,Lourdes Gurriel Jr.,0.719828233535704,1,0,0.280171766464296,5.0,,14,2,0
2026-05-17,824436,h1,batter,José Ramírez,0.710695992824971,1,0,0.289304007175029,5.0,,13,7,0
2026-05-17,824599,h1,batter,Sam Antonacci,0.702257494072287,1,0,0.297742505927713,3.0,,17,1,1
2026-05-17,824599,h1,batter,Alex Bregman,0.7106988724974014,1,0,0.2893011275025986,6.0,,17,1,1
2026-05-17,824599,h1,batter,Nico Hoerner,0.7681899779557841,1,0,0.23181002204421586,6.0,,17,1,1
2026-05-17,824923,h1,batter,Drake Baldwin,0.7100999613239027,0,1,-0.7100999613239027,5.0,,9,7,0
2026-05-17,824923,h1,batter,Ozzie Albies,0.7077534222629482,1,0,0.29224657773705176,5.0,,9,7,0
2026-05-17,825006,h1,batter,Luis Arraez,0.765417887356947,1,0,0.23458211264305295,5.0,,11,9,0
2026-05-17,825007,h1,batter,Jung Hoo Lee,0.7345936484828635,1,0,0.26540635151713654,5.0,,10,2,0
2026-05-17,825007,h1,batter,Luis Arraez,0.7725985201831997,1,0,0.22740147981680026,5.0,,10,2,0
2026-05-18,822734,h1,batter,Bo Bichette,0.7410544805089482,1,0,0.2589455194910518,7.0,,23,9,1
2026-05-18,822734,h1,batter,Carson Benge,0.7057148374939904,1,0,0.29428516250600956,7.0,,23,9,1
2026-05-18,822980,h1,batter,Yandy Díaz,0.7105320593278539,1,0,0.2894679406721461,5.0,,22,10,0
2026-05-18,823465,h1,batter,Trea Turner,0.7208309141960574,1,0,0.2791690858039426,4.0,,9,1,0
2026-05-18,823549,h1,batter,Cody Bellinger,0.7176137510938243,1,0,0.2823862489061757,4.0,,13,1,0
2026-05-18,823705,h1,batter,Jeremy Peña,0.7022225589953537,0,1,-0.7022225589953537,5.0,,9,3,0
2026-05-18,823867,h1,batter,Xavier Edwards,0.7063087909021825,1,0,0.29369120909781754,4.0,,12,12,0
2026-05-18,823867,h1,batter,Ozzie Albies,0.7001243428503288,1,0,0.29987565714967124,4.0,,12,12,0
2026-05-18,824114,h1,batter,Bobby Witt Jr.,0.7146087938925125,1,0,0.28539120610748747,4.0,,4,2,0
2026-05-18,824114,h1,batter,Jarren Duran,0.7032664275166653,0,1,-0.7032664275166653,5.0,,4,2,0
2026-05-18,824680,h1,batter,Nico Hoerner,0.7348406440663564,0,1,-0.7348406440663564,5.0,,12,6,0
2026-05-18,824680,h1,batter,Jackson Chourio,0.7046073210504602,1,0,0.2953926789495398,5.0,,12,6,0
2026-05-19,822736,h1,batter,Bo Bichette,0.7193578816016134,1,0,0.2806421183983866,4.0,,15,3,0
2026-05-19,823059,h1,batter,Nick Gonzales,0.7265118422277741,1,0,0.2734881577722259,6.0,,15,3,1
2026-05-19,823704,h1,batter,Byron Buxton,0.7062187996709703,1,0,0.29378120032902966,5.0,,3,1,0
2026-05-19,823704,h1,batter,Jeremy Peña,0.7158251468542922,1,0,0.2841748531457078,4.0,,3,1,0
2026-05-19,823865,h1,batter,Xavier Edwards,0.7252281012684728,1,0,0.2747718987315272,5.0,,12,4,0
2026-05-19,823865,h1,batter,Otto Lopez,0.7138741758733608,1,0,0.2861258241266392,5.0,,12,4,0
2026-05-19,824112,h1,batter,Maikel Garcia,0.7125556588179084,1,0,0.2874443411820916,4.0,,8,6,0
2026-05-19,824112,h1,batter,Bobby Witt Jr.,0.729866287533563,1,0,0.270133712466437,4.0,,8,6,0
2026-05-19,824112,h1,batter,Jarren Duran,0.7254965360992867,1,0,0.27450346390071334,5.0,,8,6,0
2026-05-19,824112,h1,batter,Ceddanne Rafaela,0.7197651547022754,1,0,0.2802348452977246,5.0,,8,6,0
2026-05-19,824276,h1,batter,José Ramírez,0.7286622354176575,0,1,-0.7286622354176575,4.0,,7,1,0
2026-05-19,824357,h1,batter,Josh Jung,0.7310204184120168,1,0,0.2689795815879832,5.0,,13,1,0
2026-05-19,824357,h1,batter,Brandon Nimmo,0.7252198477802119,0,1,-0.7252198477802119,5.0,,13,1,0
2026-05-19,825087,h1,batter,Jung Hoo Lee,0.7294606309343857,1,0,0.27053936906561427,2.0,,14,10,0
2026-05-19,825087,h1,batter,Luis Arraez,0.7668970314334566,0,1,-0.7668970314334566,3.0,,14,10,0
2026-05-20,822735,h1,batter,Bo Bichette,0.7538478846890682,1,0,0.24615211531093184,4.0,,12,4,0
2026-05-20,822735,h1,batter,Carson Benge,0.7240040539616182,1,0,0.27599594603838185,4.0,,12,4,0
2026-05-20,822977,h1,batter,Chandler Simpson,0.7284053733984869,0,1,-0.7284053733984869,4.0,,8,2,0
2026-05-20,823057,h1,batter,Nick Gonzales,0.730263289105351,1,0,0.269736710894649,5.0,,7,7,0
2026-05-20,823462,h1,batter,Alec Bohm,0.7105891387127063,1,0,0.28941086128729365,4.0,,13,5,0
2026-05-20,823462,h1,batter,Trea Turner,0.7390444957162045,1,0,0.26095550428379555,4.0,,13,5,0
2026-05-20,823866,h1,batter,Michael Harris II,0.7258768451702663,1,0,0.2741231548297337,5.0,,10,8,0
2026-05-20,823866,h1,batter,Ozzie Albies,0.7068673050432842,1,0,0.2931326949567158,4.0,,10,8,0
2026-05-20,824111,h1,batter,Maikel Garcia,0.7000647859923098,0,1,-0.7000647859923098,5.0,,7,1,0
2026-05-20,824111,h1,batter,Bobby Witt Jr.,0.7161925307301484,1,0,0.28380746926985156,4.0,,7,1,0
2026-05-20,824111,h1,batter,Jarren Duran,0.7135987989526851,1,0,0.2864012010473149,5.0,,7,1,0
2026-05-20,824355,h1,batter,Jake McCarthy,0.7127613559101694,1,0,0.2872386440898306,5.0,,9,1,0
2026-05-20,824355,h1,batter,Josh Jung,0.7371104088861627,1,0,0.26288959111383725,5.0,,9,1,0
2026-05-20,824355,h1,batter,Brandon Nimmo,0.7274136920756192,1,0,0.27258630792438077,3.0,,9,1,0
2026-05-20,824356,h1,batter,Mickey Moniak,0.7150151164185323,0,1,-0.7150151164185323,4.0,,10,10,0
2026-05-20,824356,h1,batter,TJ Rumfield,0.7071364791454042,0,1,-0.7071364791454042,4.0,,10,10,0
2026-05-20,824356,h1,batter,Josh Jung,0.7199491492441549,1,0,0.2800508507558451,5.0,,10,10,0
2026-05-20,824356,h1,batter,Brandon Nimmo,0.707816609357297,1,0,0.29218339064270304,5.0,,10,10,0
2026-05-20,824678,h1,batter,Nico Hoerner,0.7316190203180128,1,0,0.26838097968198715,4.0,,5,5,0
2026-05-20,825084,h1,batter,Ildemaro Vargas,0.724985441854052,0,1,-0.724985441854052,4.0,,9,3,0
2026-05-20,825084,h1,batter,Luis Arraez,0.7702988750421754,1,0,0.22970112495782458,4.0,,9,3,0
2026-05-20,825086,h1,batter,Luis Arraez,0.7728625261974914,1,0,0.2271374738025086,5.0,,8,2,0
2026-05-21,822733,h1,batter,Bo Bichette,0.7389024769026206,1,0,0.26109752309737944,4.0,,3,1,0
2026-05-21,822733,h1,batter,Carson Benge,0.7091864706700992,1,0,0.2908135293299008,5.0,,3,1,0
2026-05-21,823299,h1,batter,Mookie Betts,0.7022711437545975,1,0,0.29772885624540246,5.0,,4,4,0
2026-05-21,823864,h1,batter,Michael Harris II,0.7145393920206193,1,0,0.28546060797938067,5.0,,12,6,0
2026-05-21,824032,h1,batter,Carlos Cortes,0.7227708292924457,1,0,0.27722917070755426,5.0,,11,1,1
2026-05-21,824032,h1,batter,Shea Langeliers,0.7254509574545777,0,1,-0.7254509574545777,5.0,,11,1,1
2026-05-21,824274,h1,batter,José Ramírez,0.7196595278310665,1,0,0.28034047216893354,4.0,,4,2,0
2026-05-22,823461,h1,batter,Trea Turner,0.7030876424670081,0,1,-0.7030876424670081,4.0,,1,1,0
2026-05-22,823461,h1,batter,José Ramírez,0.7142874315821892,1,0,0.2857125684178108,4.0,,1,1,0
2026-05-22,823546,h1,batter,Cody Bellinger,0.708682150649207,1,0,0.29131784935079297,4.0,,6,2,0
2026-05-22,823546,h1,batter,Chandler Simpson,0.73253539507583,1,0,0.26746460492417,5.0,,6,2,0
2026-05-22,823788,h1,batter,Jackson Chourio,0.702319077010785,1,0,0.297680922989215,4.0,,6,4,0
2026-05-22,823863,h1,batter,Xavier Edwards,0.7236924651655354,0,1,-0.7236924651655354,4.0,,3,1,0
2026-05-22,824110,h1,batter,Julio Rodríguez,0.7104886547761395,1,0,0.28951134522386046,4.0,,2,2,0
2026-05-22,824679,h1,batter,Nico Hoerner,0.7277665697002752,0,1,-0.7277665697002752,5.0,,6,2,0
2026-05-22,824679,h1,batter,Jeremy Peña,0.7307836449898094,1,0,0.2692163550101906,5.0,,6,2,0
2026-05-22,824922,h1,batter,Luis García Jr.,0.7014633070643768,0,1,-0.7014633070643768,4.0,,9,1,1
2026-05-22,825083,h1,batter,Nolan Arenado,0.7015144523589634,0,1,-0.7015144523589634,4.0,,3,1,0
2026-05-22,825083,h1,batter,Ketel Marte,0.7138439780368007,1,0,0.28615602196319934,5.0,,3,1,0
2026-05-22,825083,h1,batter,Ildemaro Vargas,0.7147158497244382,0,1,-0.7147158497244382,4.0,,3,1,0
2026-05-22,825083,h1,batter,Geraldo Perdomo,0.7049610149939235,0,1,-0.7049610149939235,4.0,,3,1,0
2026-05-22,825083,h1,batter,Corbin Carroll,0.7034786954218384,1,0,0.2965213045781616,5.0,,3,1,0
2026-05-22,825083,h1,batter,Tyler Freeman,0.7048473723612114,1,0,0.2951526276387886,4.0,,3,1,0
2026-05-23,822814,h1,batter,Konnor Griffin,0.7145451158513679,0,1,-0.7145451158513679,4.0,,7,3,0
2026-05-23,822814,h1,batter,Nick Gonzales,0.7450694979306494,0,1,-0.7450694979306494,4.0,,7,3,0
2026-05-23,823222,h1,batter,Luis Arraez,0.7194717514512297,1,0,0.28052824854877034,5.0,,13,7,0
2026-05-23,823222,h1,batter,Sam Antonacci,0.7069969833413405,0,1,-0.7069969833413405,5.0,,13,7,0
2026-05-23,823223,h1,batter,Luis Arraez,0.7536693682767467,1,0,0.2463306317232533,5.0,,13,5,0
2026-05-23,823298,h1,batter,Miguel Andujar,0.7074341788817476,1,0,0.29256582111825236,4.0,,10,4,0
2026-05-23,823458,h1,batter,Alec Bohm,0.7136436364614542,1,0,0.28635636353854577,4.0,,3,3,0
2026-05-23,823458,h1,batter,Trea Turner,0.7417589628311245,0,1,-0.7417589628311245,4.0,,3,3,0
2026-05-23,823862,h1,batter,Bo Bichette,0.7191114735316766,0,1,-0.7191114735316766,4.0,,5,3,0
2026-05-23,824109,h1,batter,Maikel Garcia,0.7124352861223475,1,0,0.2875647138776525,4.0,,5,5,0
2026-05-23,824109,h1,batter,Bobby Witt Jr.,0.7269830681457141,1,0,0.2730169318542859,4.0,,5,5,0
2026-05-23,824109,h1,batter,Josh Naylor,0.7266291270348625,0,1,-0.7266291270348625,3.0,,5,5,0
2026-05-23,824109,h1,batter,Julio Rodríguez,0.7247770929140969,0,1,-0.7247770929140969,4.0,,5,5,0
2026-05-23,824516,h1,batter,JJ Wetherholt,0.7165562389672838,1,0,0.2834437610327162,6.0,,13,1,1
2026-05-23,824516,h1,batter,Alec Burleson,0.7289466739305321,1,0,0.27105332606946786,5.0,,13,1,1
2026-05-23,824516,h1,batter,Iván Herrera,0.7103245205102791,1,0,0.28967547948972094,6.0,,13,1,1
2026-05-23,824518,h1,batter,Elly De La Cruz,0.7095640034800682,0,1,-0.7095640034800682,4.0,,9,7,0
2026-05-23,824518,h1,batter,JJ Wetherholt,0.7365889457446969,1,0,0.2634110542553031,6.0,,9,7,0
2026-05-23,824518,h1,batter,Alec Burleson,0.7480565836924337,1,0,0.25194341630756634,5.0,,9,7,0
2026-05-23,824518,h1,batter,Iván Herrera,0.7305216951479959,1,0,0.2694783048520041,5.0,,9,7,0
2026-05-23,824674,h1,batter,Nico Hoerner,0.7068918560401383,0,1,-0.7068918560401383,3.0,,3,3,0
2026-05-23,824674,h1,batter,Jeremy Peña,0.7357449952109308,0,1,-0.7357449952109308,4.0,,3,3,0
2026-05-23,824920,h1,batter,Michael Harris II,0.7236581347955308,1,0,0.27634186520446924,4.0,,2,2,0
2026-05-23,824920,h1,batter,Ozzie Albies,0.7042278251654343,0,1,-0.7042278251654343,4.0,,2,2,0
2026-05-23,825082,h1,batter,Nolan Arenado,0.716851888525449,1,0,0.283148111474551,4.0,,5,1,0
2026-05-23,825082,h1,batter,Ketel Marte,0.7318955116269107,1,0,0.2681044883730893,4.0,,5,1,0
2026-05-23,825082,h1,batter,Ildemaro Vargas,0.7294064778799441,0,1,-0.7294064778799441,4.0,,5,1,0
2026-05-23,825082,h1,batter,Geraldo Perdomo,0.7204328414295492,0,1,-0.7204328414295492,4.0,,5,1,0
2026-05-23,825082,h1,batter,Corbin Carroll,0.722178071801799,1,0,0.27782192819820095,4.0,,5,1,0
2026-05-24,823220,h1,batter,Luis Arraez,0.7388755781760186,0,1,-0.7388755781760186,5.0,,13,3,0
2026-05-24,823297,h1,batter,Miguel Andujar,0.7034302078833549,1,0,0.29656979211664514,4.0,,7,3,0
2026-05-24,823459,h1,batter,Trea Turner,0.7128517823586054,0,1,-0.7128517823586054,5.0,,4,2,0
2026-05-24,823459,h1,batter,José Ramírez,0.7289948287127963,0,1,-0.7289948287127963,4.0,,4,2,0
2026-05-24,823544,h1,batter,Chandler Simpson,0.7009950790873182,0,1,-0.7009950790873182,4.0,,2,2,0
2026-05-24,823544,h1,batter,Yandy Díaz,0.7150145816220674,1,0,0.28498541837793256,4.0,,2,2,0
2026-05-24,823861,h1,batter,Xavier Edwards,0.704263803162765,1,0,0.29573619683723495,5.0,,4,4,0
2026-05-24,823861,h1,batter,Bo Bichette,0.7304905374995846,1,0,0.2695094625004154,4.0,,4,4,0
2026-05-24,824108,h1,batter,Bobby Witt Jr.,0.7154708776114388,1,0,0.2845291223885612,5.0,,14,2,0
2026-05-24,824108,h1,batter,Josh Naylor,0.709855232157435,1,0,0.29014476784256504,5.0,,14,2,0
2026-05-24,824108,h1,batter,Julio Rodríguez,0.7078665109387121,1,0,0.2921334890612879,5.0,,14,2,0
2026-05-24,824676,h1,batter,Nico Hoerner,0.7395443343564437,1,0,0.26045566564355627,5.0,,13,3,0
2026-05-24,824759,h1,batter,Jarren Duran,0.7096408487543664,1,0,0.2903591512456336,5.0,,11,1,0
2026-05-24,824759,h1,batter,Ceddanne Rafaela,0.7021997695090413,1,0,0.2978002304909587,5.0,,11,1,0
2026-05-24,824839,h1,batter,Kevin McGonigle,0.7011048793968764,1,0,0.2988951206031236,5.0,,8,2,0
2026-05-24,825080,h1,batter,Ketel Marte,0.7115249938493996,1,0,0.2884750061506004,5.0,,9,1,0
2026-05-24,825080,h1,batter,Ildemaro Vargas,0.7068082218196902,0,1,-0.7068082218196902,4.0,,9,1,0
2026-05-24,825080,h1,batter,Corbin Carroll,0.7026789128875828,1,0,0.2973210871124172,5.0,,9,1,0
2026-05-24,825080,h1,batter,Jake McCarthy,0.703313453531888,0,1,-0.703313453531888,5.0,,9,1,0
2026-05-24,825081,h1,batter,Ketel Marte,0.717772136064467,1,0,0.282227863935533,4.0,,10,8,0
2026-05-24,825081,h1,batter,Ildemaro Vargas,0.7082750488818113,0,1,-0.7082750488818113,4.0,,10,8,0
2026-05-24,825081,h1,batter,Geraldo Perdomo,0.701743284406252,0,1,-0.701743284406252,4.0,,10,8,0
2026-05-24,825081,h1,batter,Corbin Carroll,0.7063088945775936,1,0,0.2936911054224064,4.0,,10,8,0
2026-05-24,825081,h1,batter,Jake McCarthy,0.7112982382407325,1,0,0.28870176175926754,4.0,,10,8,0
2026-05-25,822812,h1,batter,Ernie Clement,0.7082181665836076,1,0,0.2917818334163924,4.0,,10,6,0
2026-05-25,822812,h1,batter,George Springer,0.7085038329039123,0,1,-0.7085038329039123,5.0,,10,6,0
2026-05-25,822812,h1,batter,Xavier Edwards,0.7149476930053544,1,0,0.28505230699464557,5.0,,10,6,0
2026-05-25,822899,h1,batter,Jeremy Peña,0.7253243500598722,1,0,0.27467564994012783,4.0,,9,9,0
2026-05-25,823219,h1,batter,Luis Arraez,0.7492310783892921,1,0,0.25076892161070785,4.0,,8,4,0
2026-05-25,823296,h1,batter,Trea Turner,0.7203650961480647,0,1,-0.7203650961480647,4.0,,3,3,0
2026-05-25,823625,h1,batter,Bo Bichette,0.7050031457276116,1,0,0.2949968542723884,4.0,,9,5,0
2026-05-25,823784,h1,batter,Jackson Chourio,0.7232258367315536,0,1,-0.7232258367315536,4.0,,6,4,0
2026-05-25,823784,h1,batter,Brice Turang,0.7064790877527768,0,1,-0.7064790877527768,4.0,,6,4,0
2026-05-25,824107,h1,batter,Maikel Garcia,0.7036780669797692,1,0,0.2963219330202308,5.0,,7,1,0
2026-05-25,824107,h1,batter,Bobby Witt Jr.,0.7171589293837399,1,0,0.28284107061626007,4.0,,7,1,0
2026-05-25,824107,h1,batter,Cody Bellinger,0.7041976406319889,1,0,0.29580235936801114,4.0,,7,1,0
2026-05-25,824437,h1,batter,José Ramírez,0.7055565863188581,1,0,0.2944434136811419,3.0,,12,8,0
2026-05-25,824598,h1,batter,Byron Buxton,0.7110883573379804,1,0,0.28891164266201963,4.0,,4,2,0
2026-05-25,824838,h1,batter,Chandler Simpson,0.7115474915368595,1,0,0.2884525084631405,6.0,,16,2,1
2026-05-26,823379,h1,batter,Nico Hoerner,0.7091242265467409,1,0,0.2908757734532591,5.0,,13,11,0
2026-05-26,823785,h1,batter,Jackson Chourio,0.72167411687191,1,0,0.27832588312809003,4.0,,6,6,0
2026-05-26,823785,h1,batter,Brice Turang,0.7041734959227923,0,1,-0.7041734959227923,4.0,,6,6,0
2026-05-26,823948,h1,batter,Freddie Freeman,0.7021068918205682,1,0,0.2978931081794318,4.0,,8,2,0
2026-05-26,823948,h1,batter,Shohei Ohtani,0.7044269500079716,1,0,0.2955730499920284,4.0,,8,2,0
2026-05-26,823948,h1,batter,Mookie Betts,0.7140744957144501,0,1,-0.7140744957144501,4.0,,8,2,0
2026-05-26,824106,h1,batter,Cody Bellinger,0.7303002809036203,1,0,0.2696997190963797,5.0,,16,14,0
2026-05-26,824275,h1,batter,Kevin McGonigle,0.7239882444770294,1,0,0.27601175552297064,5.0,,16,4,0
2026-05-26,824275,h1,batter,Dillon Dingler,0.7034476580428826,0,1,-0.7034476580428826,5.0,,16,4,0
2026-05-26,824434,h1,batter,José Ramírez,0.7145756070792268,1,0,0.28542439292077315,5.0,,9,3,0
2026-05-26,824758,h1,batter,Mauricio Dubón,0.7049376085162339,1,0,0.2950623914837661,5.0,,13,1,0
2026-05-26,824837,h1,batter,Chandler Simpson,0.7429463448534963,1,0,0.2570536551465037,4.0,,7,5,0
2026-05-26,825005,h1,batter,Josh Naylor,0.7111413413155889,1,0,0.2888586586844111,5.0,,11,7,0
2026-05-26,825005,h1,batter,Julio Rodríguez,0.7111731441680799,1,0,0.28882685583192014,4.0,,11,7,0
2026-05-27,822809,h1,batter,Xavier Edwards,0.7208326345521161,1,0,0.2791673654478839,4.0,,3,1,0
2026-05-27,822809,h1,batter,Otto Lopez,0.7021489760911729,1,0,0.2978510239088271,4.0,,3,1,0
2026-05-27,822898,h1,batter,Jeremy Peña,0.7125147289800724,1,0,0.2874852710199276,5.0,,17,3,0
2026-05-27,823217,h1,batter,Luis Arraez,0.7258394765030151,1,0,0.27416052349698494,4.0,,5,1,0
2026-05-27,823294,h1,batter,Alec Bohm,0.7041016263384284,1,0,0.29589837366157157,4.0,,7,1,0
2026-05-27,823294,h1,batter,Trea Turner,0.7297957694274303,1,0,0.2702042305725697,5.0,,7,1,0
2026-05-27,823295,h1,batter,Alec Bohm,0.7015665662391144,1,0,0.2984334337608856,4.0,,3,3,0
2026-05-27,823295,h1,batter,Trea Turner,0.719452107946218,1,0,0.28054789205378206,4.0,,3,3,0
2026-05-27,823376,h1,batter,Nico Hoerner,0.7099313978708991,1,0,0.2900686021291009,6.0,,14,6,0
2026-05-27,823626,h1,batter,Bo Bichette,0.7252005260042086,0,1,-0.7252005260042086,4.0,,6,2,0
2026-05-27,823783,h1,batter,Jackson Chourio,0.7052854965621349,0,1,-0.7052854965621349,4.0,,3,1,0
2026-05-27,823949,h1,batter,Freddie Freeman,0.7099292520697611,1,0,0.2900707479302389,5.0,,21,9,0
2026-05-27,823949,h1,batter,Shohei Ohtani,0.708172611551421,0,1,-0.708172611551421,3.0,,21,9,0
2026-05-27,823949,h1,batter,Andy Pages,0.7189787247196107,1,0,0.28102127528038934,5.0,,21,9,0
2026-05-27,823949,h1,batter,Mookie Betts,0.7001156314928365,1,0,0.2998843685071635,5.0,,21,9,0
2026-05-27,824104,h1,batter,Maikel Garcia,0.7023711419570313,1,0,0.2976288580429687,4.0,,7,7,0
2026-05-27,824104,h1,batter,Bobby Witt Jr.,0.7131031670164117,0,1,-0.7131031670164117,4.0,,7,7,0
2026-05-27,824104,h1,batter,Cody Bellinger,0.7004670903693515,0,1,-0.7004670903693515,4.0,,7,7,0
2026-05-27,824432,h1,batter,José Ramírez,0.7084464022897159,0,1,-0.7084464022897159,4.0,,5,1,0
2026-05-27,824596,h1,batter,Brooks Lee,0.7076817681462811,0,1,-0.7076817681462811,3.0,,17,13,0
2026-05-27,824596,h1,batter,Byron Buxton,0.7163069096792494,1,0,0.28369309032075063,3.0,,17,13,0
2026-05-27,824756,h1,batter,Jarren Duran,0.7172001435824372,1,0,0.2827998564175628,5.0,,8,8,0
2026-05-27,824756,h1,batter,Ceddanne Rafaela,0.7054035854406663,1,0,0.2945964145593337,5.0,,8,8,0
2026-05-27,824836,h1,batter,Chandler Simpson,0.749598077085816,1,0,0.25040192291418395,5.0,,13,9,0
2026-05-27,825003,h1,batter,Josh Naylor,0.7000762959377717,1,0,0.29992370406222835,5.0,,10,8,0
2026-05-27,825003,h1,batter,Julio Rodríguez,0.7080191964584261,1,0,0.29198080354157385,5.0,,10,8,0
2026-05-27,825004,h1,batter,Josh Naylor,0.7131480271023521,1,0,0.28685197289764786,4.0,,5,3,0
2026-05-27,825004,h1,batter,Julio Rodríguez,0.7207968027325814,1,0,0.2792031972674186,5.0,,5,3,0
2026-05-28,823947,h1,batter,Freddie Freeman,0.7145345460593605,1,0,0.2854654539406395,4.0,,5,3,0
2026-05-28,823947,h1,batter,Shohei Ohtani,0.7104092292508486,1,0,0.2895907707491514,4.0,,5,3,0
2026-05-28,823947,h1,batter,Andy Pages,0.7271116970508152,1,0,0.27288830294918476,4.0,,5,3,0
2026-05-28,823947,h1,batter,Mookie Betts,0.709289676524897,0,1,-0.709289676524897,4.0,,5,3,0
2026-05-28,824595,h1,batter,Sam Antonacci,0.7033186121109524,1,0,0.29668138788904763,4.0,,8,4,0
2026-05-28,824595,h1,batter,Byron Buxton,0.7058078009903992,1,0,0.2941921990096008,4.0,,8,4,0
2026-05-29,822896,h1,batter,Jeremy Peña,0.7099195647147819,1,0,0.2900804352852181,4.0,,6,4,0
2026-05-29,823055,h1,batter,Pete Crow-Armstrong,0.7040463789673567,1,0,0.29595362103264333,5.0,,11,1,0
2026-05-29,823055,h1,batter,Nico Hoerner,0.7463236344825812,0,1,-0.7463236344825812,5.0,,11,1,0
2026-05-29,823623,h1,batter,Bo Bichette,0.7069535145138538,1,0,0.2930464854861462,5.0,,16,2,1
2026-05-29,824433,h1,batter,José Ramírez,0.7016803371570942,1,0,0.2983196628429058,4.0,,7,1,0
2026-05-29,824433,h1,batter,Jarren Duran,0.7197253736867032,1,0,0.2802746263132968,5.0,,7,1,0
2026-05-29,824433,h1,batter,Ceddanne Rafaela,0.7060633000590322,0,1,-0.7060633000590322,4.0,,7,1,0
2026-05-29,824515,h1,batter,Michael Harris II,0.7461598510907301,1,0,0.25384014890926987,5.0,,11,5,0
2026-05-29,824515,h1,batter,Ozzie Albies,0.7219421543810434,1,0,0.27805784561895663,5.0,,11,5,0
2026-05-29,824594,h1,batter,Kevin McGonigle,0.7001819671103545,0,1,-0.7001819671103545,5.0,,7,1,1
2026-05-29,824835,h1,batter,Ernie Clement,0.7329649041885327,1,0,0.26703509581146734,4.0,,11,1,0
2026-05-30,822731,h1,batter,Miguel Andujar,0.7064581479754493,0,1,-0.7064581479754493,5.0,,13,5,0
2026-05-30,822893,h1,batter,Maikel Garcia,0.7200111416922192,1,0,0.27998885830778075,4.0,,13,1,0
2026-05-30,822893,h1,batter,Bobby Witt Jr.,0.7468434009737159,1,0,0.25315659902628407,5.0,,13,1,0
2026-05-30,822894,h1,batter,Josh Jung,0.7124658093104004,1,0,0.2875341906895996,5.0,,10,8,0
2026-05-30,822894,h1,batter,Bobby Witt Jr.,0.7226890075043383,0,1,-0.7226890075043383,4.0,,10,8,0
2026-05-30,823054,h1,batter,Nico Hoerner,0.7315489313429127,1,0,0.26845106865708734,6.0,,7,5,0
2026-05-30,823622,h1,batter,Bo Bichette,0.7236895698437767,0,1,-0.7236895698437767,4.0,,7,5,0
2026-05-30,823622,h1,batter,Xavier Edwards,0.7225805453310484,1,0,0.27741945466895157,4.0,,7,5,0
2026-05-30,823622,h1,batter,Otto Lopez,0.7010983293666605,0,1,-0.7010983293666605,4.0,,7,5,0
2026-05-30,823946,h1,batter,Trea Turner,0.7145174033404593,0,1,-0.7145174033404593,4.0,,6,2,0
2026-05-30,824190,h1,batter,Jackson Chourio,0.7094960220253529,1,0,0.2905039779746471,4.0,,11,7,0
2026-05-30,824353,h1,batter,Jake McCarthy,0.7283456403912061,1,0,0.2716543596087939,5.0,,14,2,0
2026-05-30,824353,h1,batter,Tyler Freeman,0.7180355536301788,1,0,0.2819644463698212,5.0,,14,2,0
2026-05-30,824353,h1,batter,Casey Schmitt,0.7163485061733602,1,0,0.2836514938266398,5.0,,14,2,0
2026-05-30,824353,h1,batter,Jung Hoo Lee,0.719853799149611,1,0,0.280146200850389,5.0,,14,2,0
2026-05-30,824353,h1,batter,Willy Adames,0.7209401852277233,0,1,-0.7209401852277233,5.0,,14,2,0
2026-05-30,824353,h1,batter,Luis Arraez,0.8079104680821579,1,0,0.19208953191784206,5.0,,14,2,0
2026-05-30,824513,h1,batter,Michael Harris II,0.7274713647899137,0,1,-0.7274713647899137,5.0,,7,3,0
2026-05-30,824593,h1,batter,Kevin McGonigle,0.7069505105136512,1,0,0.2930494894863488,4.0,,8,6,0
2026-05-30,824833,h1,batter,George Springer,0.7045152731135575,1,0,0.29548472688644245,5.0,,11,1,0
2026-05-30,825002,h1,batter,Cody Bellinger,0.7026508106910717,1,0,0.2973491893089283,5.0,,10,6,0
2026-05-31,822729,h1,batter,Luis García Jr.,0.7006431044660223,1,0,0.2993568955339777,3.0,,6,2,0
2026-05-31,822729,h1,batter,Manny Machado,0.7001540453879684,0,1,-0.7001540453879684,4.0,,6,2,0
2026-05-31,822729,h1,batter,Fernando Tatis Jr.,0.718122543509289,0,1,-0.718122543509289,4.0,,6,2,0
2026-05-31,822895,h1,batter,Josh Jung,0.7033896571341961,1,0,0.2966103428658039,5.0,,9,3,0
2026-05-31,822895,h1,batter,Bobby Witt Jr.,0.7333272954074316,1,0,0.2666727045925684,5.0,,9,3,0
2026-05-31,822976,h1,batter,Chandler Simpson,0.7321922427930393,0,1,-0.7321922427930393,5.0,,7,3,0
2026-05-31,822976,h1,batter,Yandy Díaz,0.7472746417652456,0,1,-0.7472746417652456,5.0,,7,3,0
2026-05-31,823053,h1,batter,Nico Hoerner,0.7482184126382484,1,0,0.2517815873617516,4.0,,6,4,0
2026-05-31,823621,h1,batter,Bo Bichette,0.7375225842553402,0,1,-0.7375225842553402,4.0,,11,9,0
2026-05-31,823621,h1,batter,Carson Benge,0.7105935857714943,1,0,0.28940641422850566,5.0,,11,9,0
2026-05-31,823945,h1,batter,Trea Turner,0.7076835698194616,1,0,0.29231643018053843,4.0,,7,1,0
2026-05-31,824352,h1,batter,Jake McCarthy,0.7548961089918363,1,0,0.24510389100816365,5.0,,11,5,0
2026-05-31,824352,h1,batter,Hunter Goodman,0.7061873874416438,1,0,0.2938126125583562,5.0,,11,5,0
2026-05-31,824352,h1,batter,TJ Rumfield,0.736052942119133,1,0,0.26394705788086703,5.0,,11,5,0
2026-05-31,824352,h1,batter,Casey Schmitt,0.7103148260227562,1,0,0.2896851739772438,4.0,,11,5,0
2026-05-31,824352,h1,batter,Jung Hoo Lee,0.7287537079891611,1,0,0.27124629201083894,4.0,,11,5,0
2026-05-31,824352,h1,batter,Willy Adames,0.7168687637695622,0,1,-0.7168687637695622,4.0,,11,5,0
2026-05-31,824352,h1,batter,Luis Arraez,0.8054142813055769,0,1,-0.8054142813055769,4.0,,11,5,0
2026-05-31,824354,h1,batter,Casey Schmitt,0.7440602945458162,1,0,0.25593970545418376,6.0,,25,13,0
2026-05-31,824354,h1,batter,Jung Hoo Lee,0.7447456405940743,1,0,0.25525435940592567,6.0,,25,13,0
2026-05-31,824354,h1,batter,Rafael Devers,0.7196658081868628,1,0,0.28033419181313723,7.0,,25,13,0
2026-05-31,824354,h1,batter,Willy Adames,0.7016478498810311,1,0,0.2983521501189689,6.0,,25,13,0
2026-05-31,824354,h1,batter,Luis Arraez,0.8085668669221835,1,0,0.1914331330778165,7.0,,25,13,0
2026-05-31,824430,h1,batter,José Ramírez,0.7011528037262615,1,0,0.29884719627373846,5.0,,13,5,0
2026-05-31,824512,h1,batter,Michael Harris II,0.7136656637712189,1,0,0.28633433622878113,5.0,,10,2,0
2026-05-31,824592,h1,batter,Sam Antonacci,0.710109544141616,0,1,-0.710109544141616,4.0,,3,1,0
2026-06-01,822730,h1,batter,Luis García Jr.,0.7128902423221015,0,1,-0.7128902423221015,4.0,,10,4,0
2026-06-01,822730,h1,batter,Xavier Edwards,0.7084549662008957,1,0,0.29154503379910435,5.0,,10,4,0
2026-06-01,822730,h1,batter,Otto Lopez,0.7230637937315482,1,0,0.27693620626845183,5.0,,10,4,0
2026-06-01,822974,h1,batter,Yandy Díaz,0.7043094929826051,1,0,0.29569050701739485,5.0,,19,1,0
2026-06-01,823050,h1,batter,Josh Jung,0.7032898442753164,0,1,-0.7032898442753164,4.0,,3,1,0
2026-06-01,823781,h1,batter,Luis Arraez,0.7395372352626824,1,0,0.26046276473731755,4.0,,18,14,0
2026-06-01,824510,h1,batter,Vinnie Pasquantino,0.7171681808753733,1,0,0.28283181912462674,5.0,,11,7,0
2026-06-01,824510,h1,batter,Bobby Witt Jr.,0.7529396379947604,1,0,0.24706036200523962,5.0,,11,7,0
2026-06-02,822728,h1,batter,Xavier Edwards,0.7094738308692276,0,1,-0.7094738308692276,4.0,,10,4,0
2026-06-02,822728,h1,batter,Otto Lopez,0.7268233956614072,1,0,0.2731766043385928,5.0,,10,4,0
2026-06-02,823131,h1,batter,Bo Bichette,0.7155510871634059,0,1,-0.7155510871634059,4.0,,5,1,1
2026-06-02,823460,h1,batter,Alec Bohm,0.7197930762874676,0,1,-0.7197930762874676,4.0,,5,1,0
2026-06-02,823460,h1,batter,Trea Turner,0.7438861827558348,1,0,0.25611381724416515,4.0,,5,1,0
2026-06-02,823782,h1,batter,Luis Arraez,0.7376422564976371,1,0,0.26235774350236285,5.0,,11,5,0
2026-06-02,824511,h1,batter,Salvador Perez,0.7024424787252456,1,0,0.29755752127475443,5.0,,7,1,1
2026-06-02,824511,h1,batter,Vinnie Pasquantino,0.7029483719453788,0,1,-0.7029483719453788,5.0,,7,1,1
2026-06-02,824511,h1,batter,Bobby Witt Jr.,0.758508864928413,0,1,-0.758508864928413,5.0,,7,1,1
2026-06-02,824754,h1,batter,Jarren Duran,0.7168552427592131,1,0,0.2831447572407869,4.0,,6,2,0
2026-06-02,824754,h1,batter,Ceddanne Rafaela,0.7004175202036345,1,0,0.29958247979636554,4.0,,6,2,0
2026-06-02,824918,h1,batter,Ernie Clement,0.7068550449366604,1,0,0.2931449550633396,4.0,,7,1,0
2026-06-02,825078,h1,batter,Freddie Freeman,0.7005035599189773,0,1,-0.7005035599189773,4.0,,5,3,0
2026-06-02,825078,h1,batter,Andy Pages,0.7133972409332676,1,0,0.2866027590667324,4.0,,5,3,0
2026-06-03,822727,h1,batter,Otto Lopez,0.7146983093032915,1,0,0.2853016906967085,5.0,,5,3,0
2026-06-03,822973,h1,batter,Chandler Simpson,0.7287840406007433,0,1,-0.7287840406007433,4.0,,9,5,0
2026-06-03,823051,h1,batter,Josh Jung,0.7003434151904908,1,0,0.2996565848095092,5.0,,8,2,0
2026-06-03,823456,h1,batter,Alec Bohm,0.7045918449209515,1,0,0.2954081550790485,4.0,,5,1,0
2026-06-03,823456,h1,batter,Trea Turner,0.7310643763115766,1,0,0.2689356236884234,4.0,,5,1,0
2026-06-03,823456,h1,batter,Miguel Andujar,0.712076531896351,1,0,0.287923468103649,4.0,,5,1,0
2026-06-03,823540,h1,batter,José Ramírez,0.7048864558895361,1,0,0.29511354411046387,4.0,,9,1,0
2026-06-03,823701,h1,batter,Brooks Lee,0.7020437749370421,0,1,-0.7020437749370421,4.0,,8,8,0
2026-06-03,823701,h1,batter,Byron Buxton,0.7024691478366267,0,1,-0.7024691478366267,4.0,,8,8,0
2026-06-03,823780,h1,batter,Luis Arraez,0.7593822527029844,1,0,0.24061774729701557,4.0,,1,1,0
2026-06-03,824189,h1,batter,Jeremy Peña,0.7040119561860305,1,0,0.2959880438139695,5.0,,16,4,0
2026-06-03,824509,h1,batter,Bobby Witt Jr.,0.7116317201107069,1,0,0.28836827988929314,5.0,,7,3,0
2026-06-03,824675,h1,batter,Nico Hoerner,0.7431299639243871,1,0,0.2568700360756129,4.0,,3,1,0
2026-06-03,824755,h1,batter,Jarren Duran,0.7299856291832745,1,0,0.2700143708167255,5.0,,9,7,0
2026-06-03,824755,h1,batter,Ceddanne Rafaela,0.7178158881403834,1,0,0.28218411185961656,5.0,,9,7,0
2026-06-03,824917,h1,batter,Michael Harris II,0.7259318945077318,0,1,-0.7259318945077318,4.0,,10,4,0
2026-06-04,823457,h1,batter,Trea Turner,0.7182631891694112,1,0,0.28173681083058877,4.0,,10,2,0
2026-06-04,823542,h1,batter,Cody Bellinger,0.706584870905416,1,0,0.293415129094584,3.0,,3,1,0
2026-06-04,823698,h1,batter,Bobby Witt Jr.,0.7364333032365011,1,0,0.26356669676349886,6.0,,14,2,0
2026-06-04,823779,h1,batter,Jackson Chourio,0.7296910365756962,1,0,0.27030896342430377,5.0,,21,3,0
2026-06-04,823779,h1,batter,Christian Yelich,0.7052252544762214,1,0,0.2947747455237786,5.0,,21,3,0
2026-06-04,823779,h1,batter,Brice Turang,0.7024371998923139,1,0,0.2975628001076861,3.0,,21,3,0
2026-06-04,823779,h1,batter,Luis Arraez,0.7515452427704227,1,0,0.24845475722957733,5.0,,21,3,0
2026-06-04,824671,h1,batter,Nico Hoerner,0.7462229005406636,1,0,0.25377709945933635,5.0,,9,1,1
2026-06-04,824753,h1,batter,Jarren Duran,0.7287513037786161,0,1,-0.7287513037786161,4.0,,10,6,0
2026-06-04,824753,h1,batter,Ceddanne Rafaela,0.7209064774942971,1,0,0.27909352250570285,4.0,,10,6,0
2026-06-04,824753,h1,batter,Gunnar Henderson,0.7056467303082243,0,1,-0.7056467303082243,5.0,,10,6,0
2026-06-04,825077,h1,batter,Andy Pages,0.7013286338893853,1,0,0.29867136611061473,6.0,,7,7,0
2026-06-05,822810,h1,batter,Ernie Clement,0.7161278330972103,0,1,-0.7161278330972103,4.0,,16,10,0
2026-06-05,822810,h1,batter,George Springer,0.7027067127567942,1,0,0.2972932872432058,4.0,,16,10,0
2026-06-05,822810,h1,batter,Vladimir Guerrero Jr.,0.700721471359122,0,1,-0.700721471359122,4.0,,16,10,0
2026-06-05,823455,h1,batter,Alec Bohm,0.7105164346277913,1,0,0.28948356537220865,4.0,,14,2,0
2026-06-05,823455,h1,batter,Trea Turner,0.725253036821395,0,1,-0.725253036821395,5.0,,14,2,0
2026-06-05,823860,h1,batter,Chandler Simpson,0.7446830919197422,0,1,-0.7446830919197422,2.0,,6,6,0
2026-06-05,824185,h1,batter,Jeremy Peña,0.7055639582078694,1,0,0.29443604179213057,4.0,,6,4,0
2026-06-05,824673,h1,batter,Nico Hoerner,0.7235085666707314,0,1,-0.7235085666707314,3.0,,21,15,0
2026-06-05,824673,h1,batter,Luis Arraez,0.743918606683147,1,0,0.256081393316853,6.0,,21,15,0
2026-06-05,824914,h1,batter,Michael Harris II,0.7147038531698149,1,0,0.2852961468301851,5.0,,9,3,0
2026-06-05,824914,h1,batter,Nick Gonzales,0.7243747004089992,1,0,0.2756252995910008,4.0,,9,3,0
2026-06-05,825076,h1,batter,Freddie Freeman,0.7089238596012766,0,1,-0.7089238596012766,4.0,,5,1,0
2026-06-05,825076,h1,batter,Andy Pages,0.700926113464679,0,1,-0.700926113464679,4.0,,5,1,0
2026-06-05,825076,h1,batter,Mookie Betts,0.719443359524179,0,1,-0.719443359524179,4.0,,5,1,0
2026-06-06,822891,h1,batter,José Ramírez,0.7207826888981513,1,0,0.27921731110184866,5.0,,6,6,0
2026-06-06,822892,h1,batter,Travis Bazzana,0.711413045054651,1,0,0.28858695494534903,4.0,,5,1,0
2026-06-06,822892,h1,batter,José Ramírez,0.7379912859972819,0,1,-0.7379912859972819,4.0,,5,1,0
2026-06-06,823454,h1,batter,Trea Turner,0.7103940349268855,1,0,0.28960596507311454,4.0,,9,3,0
2026-06-06,823454,h1,batter,Sam Antonacci,0.7176777646439825,0,1,-0.7176777646439825,5.0,,9,3,0
2026-06-06,823697,h1,batter,Bobby Witt Jr.,0.7061682908388803,1,0,0.29383170916111967,5.0,,5,1,0
2026-06-06,823699,h1,batter,Bobby Witt Jr.,0.7345678331469918,1,0,0.2654321668530082,4.0,,8,2,0
2026-06-06,823859,h1,batter,Xavier Edwards,0.7041321080305887,1,0,0.2958678919694113,4.0,,7,1,0
2026-06-06,824184,h1,batter,Jeremy Peña,0.7407736215481204,1,0,0.25922637845187957,5.0,,15,11,0
2026-06-06,824186,h1,batter,Jeremy Peña,0.7133518638045201,1,0,0.2866481361954799,4.0,,6,4,0
2026-06-06,824269,h1,batter,Josh Naylor,0.713105984370252,1,0,0.28689401562974803,5.0,,4,4,0
2026-06-06,824269,h1,batter,Julio Rodríguez,0.7124883605579915,1,0,0.2875116394420085,5.0,,4,4,0
2026-06-06,824350,h1,batter,Jake McCarthy,0.7219621772642991,1,0,0.2780378227357009,6.0,,16,2,1
2026-06-06,824350,h1,batter,Tyler Freeman,0.7072798109598986,1,0,0.29272018904010144,5.0,,16,2,1
2026-06-06,824350,h1,batter,Jackson Chourio,0.7580101770354514,0,1,-0.7580101770354514,5.0,,16,2,1
2026-06-06,824350,h1,batter,Christian Yelich,0.7352151336174687,0,1,-0.7352151336174687,6.0,,16,2,1
2026-06-06,824350,h1,batter,William Contreras,0.710206735544408,0,1,-0.710206735544408,4.0,,16,2,1
2026-06-06,824350,h1,batter,Brice Turang,0.7313201258759808,1,0,0.26867987412401917,5.0,,16,2,1
2026-06-06,824669,h1,batter,Luis Arraez,0.7444115069853255,1,0,0.25558849301467446,5.0,,5,1,1
2026-06-06,825073,h1,batter,Ketel Marte,0.7012813416362091,0,1,-0.7012813416362091,3.0,,15,13,0
2026-06-06,825073,h1,batter,Luis García Jr.,0.7130632208461521,1,0,0.28693677915384785,6.0,,15,13,0
2026-06-06,825075,h1,batter,Ketel Marte,0.7311401630408966,0,1,-0.7311401630408966,4.0,,7,5,0
2026-06-06,825075,h1,batter,Corbin Carroll,0.7214512368112279,0,1,-0.7214512368112279,4.0,,7,5,0
2026-06-07,823047,h1,batter,Alec Burleson,0.7051051037861336,1,0,0.29489489621386644,5.0,,8,2,0
2026-06-07,823291,h1,batter,Bo Bichette,0.7375726519544447,1,0,0.26242734804555534,5.0,,10,4,0
2026-06-07,823291,h1,batter,Carson Benge,0.7082881979335467,1,0,0.2917118020664533,5.0,,10,4,0
2026-06-07,823292,h1,batter,Bo Bichette,0.7174917275034172,1,0,0.28250827249658284,4.0,,5,1,0
2026-06-07,823453,h1,batter,Trea Turner,0.711926207291687,1,0,0.288073792708313,5.0,,14,4,0
2026-06-07,823696,h1,batter,Bobby Witt Jr.,0.7238280191148091,0,1,-0.7238280191148091,4.0,,11,1,0
2026-06-07,823857,h1,batter,Yandy Díaz,0.7431635517683108,1,0,0.25683644823168916,4.0,,5,3,0
2026-06-07,823942,h1,batter,Freddie Freeman,0.7233732287468709,1,0,0.27662677125312907,2.0,,11,7,0
2026-06-07,823942,h1,batter,Shohei Ohtani,0.7250270575206106,1,0,0.2749729424793894,5.0,,11,7,0
2026-06-07,823942,h1,batter,Andy Pages,0.7258115978135453,1,0,0.2741884021864547,5.0,,11,7,0
2026-06-07,823942,h1,batter,Mookie Betts,0.7114966668781734,1,0,0.28850333312182663,4.0,,11,7,0
2026-06-07,824183,h1,batter,Jeremy Peña,0.7269544387340381,0,1,-0.7269544387340381,4.0,,5,5,0
2026-06-07,824349,h1,batter,Jackson Chourio,0.7835447165685404,1,0,0.2164552834314596,6.0,,16,8,0
2026-06-07,824349,h1,batter,Andrew Vaughn,0.7353216914037638,1,0,0.2646783085962362,5.0,,16,8,0
2026-06-07,824349,h1,batter,William Contreras,0.739329726248228,1,0,0.260670273751772,5.0,,16,8,0
2026-06-07,824349,h1,batter,Brice Turang,0.7597328564927885,1,0,0.24026714350721146,5.0,,16,8,0
2026-06-07,824351,h1,batter,Jackson Chourio,0.7630137131652963,0,1,-0.7630137131652963,5.0,,8,6,0
2026-06-07,824351,h1,batter,Christian Yelich,0.7377856517355125,1,0,0.26221434826448753,6.0,,8,6,0
2026-06-07,824351,h1,batter,Sal Frelick,0.7012240726665536,0,1,-0.7012240726665536,5.0,,8,6,0
2026-06-07,824351,h1,batter,Andrew Vaughn,0.7032659757063536,1,0,0.29673402429364637,4.0,,8,6,0
2026-06-07,824351,h1,batter,William Contreras,0.7151611874847174,1,0,0.28483881251528265,5.0,,8,6,0
2026-06-07,824351,h1,batter,Brice Turang,0.7358600278519786,1,0,0.26413997214802143,5.0,,8,6,0
2026-06-07,824916,h1,batter,Nick Gonzales,0.7194903874075853,0,1,-0.7194903874075853,4.0,,5,1,0
2026-06-07,825074,h1,batter,Ketel Marte,0.7105479406340872,0,1,-0.7105479406340872,4.0,,6,4,0
2026-06-08,822806,h1,batter,Alec Bohm,0.7230262351651834,1,0,0.2769737648348166,4.0,,7,3,0
2026-06-08,822806,h1,batter,Trea Turner,0.7427068738871057,0,1,-0.7427068738871057,5.0,,7,3,0
2026-06-08,824670,h1,batter,Casey Schmitt,0.7066559529389129,0,1,-0.7066559529389129,5.0,,3,1,1
2026-06-08,824670,h1,batter,Jung Hoo Lee,0.7182169270827073,1,0,0.28178307291729265,4.0,,3,1,1
2026-06-08,824670,h1,batter,Luis Arraez,0.7751135355091643,1,0,0.2248864644908357,4.0,,3,1,1
2026-06-08,824829,h1,batter,Josh Naylor,0.7104954565538767,1,0,0.2895045434461233,4.0,,9,3,0
2026-06-08,824829,h1,batter,Julio Rodríguez,0.7095383122690572,0,1,-0.7095383122690572,4.0,,9,3,0
2026-06-09,822969,h1,batter,Jarren Duran,0.7163586014732012,1,0,0.2836413985267988,4.0,,7,1,0
2026-06-09,822969,h1,batter,Ceddanne Rafaela,0.7048506779089535,0,1,-0.7048506779089535,4.0,,7,1,0
2026-06-09,823218,h1,batter,Luis Arraez,0.7466137116038489,1,0,0.25338628839615107,5.0,,7,1,0
2026-06-09,823374,h1,batter,Nick Gonzales,0.7017254858730143,0,1,-0.7017254858730143,4.0,,15,9,0
2026-06-09,823620,h1,batter,Bo Bichette,0.7178648278806773,0,1,-0.7178648278806773,4.0,,7,7,0
2026-06-09,823858,h1,batter,Otto Lopez,0.7049519799856399,1,0,0.29504802001436015,5.0,,16,4,0
2026-06-09,824025,h1,batter,Jeremy Peña,0.7169443007101578,0,1,-0.7169443007101578,5.0,,9,1,1
2026-06-09,824105,h1,batter,Bobby Witt Jr.,0.7062746578622059,0,1,-0.7062746578622059,4.0,,8,2,0
2026-06-09,824105,h1,batter,Josh Jung,0.7001795486106602,1,0,0.29982045138933977,4.0,,8,2,0
2026-06-09,824429,h1,batter,Cody Bellinger,0.7002251477518318,0,1,-0.7002251477518318,4.0,,5,1,0
2026-06-09,824591,h1,batter,Michael Harris II,0.7076494981132323,1,0,0.2923505018867677,5.0,,11,1,1
2026-06-09,824830,h1,batter,Josh Naylor,0.705156277351549,1,0,0.29484372264845105,5.0,,11,1,1
2026-06-09,824830,h1,batter,Julio Rodríguez,0.7097027948155085,1,0,0.29029720518449154,5.0,,11,1,1
2026-06-09,824998,h1,batter,Jackson Chourio,0.7152082221944001,1,0,0.28479177780559994,7.0,,29,1,1
2026-06-10,822804,h1,batter,Trea Turner,0.7219751714535058,1,0,0.27802482854649424,5.0,,11,3,0
2026-06-10,822970,h1,batter,Yandy Díaz,0.718120008995589,1,0,0.28187999100441097,5.0,,12,2,0
2026-06-10,823214,h1,batter,Luis Arraez,0.7345687600750037,1,0,0.2654312399249963,5.0,,9,3,0
2026-06-10,823214,h1,batter,Luis García Jr.,0.7197769893922098,1,0,0.2802230106077902,3.0,,9,3,0
2026-06-10,823215,h1,batter,Luis Arraez,0.7450189584714216,1,0,0.25498104152857837,5.0,,21,1,0
2026-06-10,823618,h1,batter,Bo Bichette,0.7352792082184862,0,1,-0.7352792082184862,4.0,,11,7,0
2026-06-10,823618,h1,batter,Carson Benge,0.7109146082426148,0,1,-0.7109146082426148,4.0,,11,7,0
2026-06-10,823856,h1,batter,Otto Lopez,0.7168942710830706,1,0,0.2831057289169294,5.0,,8,8,0
2026-06-10,823856,h1,batter,Ketel Marte,0.7101105968881489,0,1,-0.7101105968881489,5.0,,8,8,0
2026-06-10,824023,h1,batter,Jeremy Peña,0.7182238989654153,0,1,-0.7182238989654153,3.0,,11,9,0
2026-06-10,824347,h1,batter,Jake McCarthy,0.7484341436666464,1,0,0.2515658563333536,5.0,,10,4,0
2026-06-10,824347,h1,batter,TJ Rumfield,0.7061188180810014,0,1,-0.7061188180810014,5.0,,10,4,0
2026-06-10,824347,h1,batter,Alex Bregman,0.7510848748793839,1,0,0.2489151251206161,4.0,,10,4,0
2026-06-10,824347,h1,batter,Michael Busch,0.712573390540838,1,0,0.287426609459162,4.0,,10,4,0
2026-06-10,824347,h1,batter,Pete Crow-Armstrong,0.7707219733351791,0,1,-0.7707219733351791,5.0,,10,4,0
2026-06-10,824347,h1,batter,Nico Hoerner,0.7555792351334979,1,0,0.2444207648665021,4.0,,10,4,0
2026-06-10,824590,h1,batter,Michael Harris II,0.7303533960306263,0,1,-0.7303533960306263,5.0,,3,1,0
2026-06-10,824590,h1,batter,Ozzie Albies,0.7086055898527158,1,0,0.2913944101472842,5.0,,3,1,0
2026-06-10,824831,h1,batter,Josh Naylor,0.7207302200200324,1,0,0.2792697799799676,4.0,,9,5,0
2026-06-10,824831,h1,batter,Julio Rodríguez,0.7166958112123146,0,1,-0.7166958112123146,4.0,,9,5,0
2026-06-10,824999,h1,batter,Jackson Chourio,0.704301246489308,1,0,0.29569875351069197,5.0,,12,2,0
2026-06-11,823619,h1,batter,Bo Bichette,0.7202153451416663,1,0,0.2797846548583337,4.0,,9,1,0
2026-06-11,823855,h1,batter,Otto Lopez,0.7161853613214142,1,0,0.2838146386785858,4.0,,2,2,0
2026-06-11,823855,h1,batter,Ketel Marte,0.7171349612319661,1,0,0.2828650387680339,4.0,,2,2,0
2026-06-11,823855,h1,batter,Corbin Carroll,0.7055380741768839,0,1,-0.7055380741768839,4.0,,2,2,0
2026-06-11,824101,h1,batter,Bobby Witt Jr.,0.7267471900664605,1,0,0.2732528099335395,4.0,,6,2,0
2026-06-11,824346,h1,batter,Alex Bregman,0.750157989759551,1,0,0.24984201024044905,5.0,,12,6,0
2026-06-11,824346,h1,batter,Pete Crow-Armstrong,0.7500093041534132,1,0,0.24999069584658684,5.0,,12,6,0
2026-06-11,824346,h1,batter,Nico Hoerner,0.7448746861563676,1,0,0.25512531384363235,4.0,,12,6,0
2026-06-11,824348,h1,batter,Alex Bregman,0.7381084189749363,0,1,-0.7381084189749363,4.0,,5,1,0
2026-06-11,824348,h1,batter,Pete Crow-Armstrong,0.7566434668573758,1,0,0.24335653314262418,4.0,,5,1,0
2026-06-11,824348,h1,batter,Nico Hoerner,0.7414270731581679,1,0,0.2585729268418321,4.0,,5,1,0
2026-06-12,822726,h1,batter,Josh Naylor,0.7314806304564696,1,0,0.2685193695435304,5.0,,12,8,0
2026-06-12,822726,h1,batter,Julio Rodríguez,0.7257307407871947,1,0,0.2742692592128053,4.0,,12,8,0
2026-06-12,822803,h1,batter,Ernie Clement,0.7112795423946567,1,0,0.28872045760534326,5.0,,13,3,0
2026-06-12,823370,h1,batter,Otto Lopez,0.7021265344631519,1,0,0.2978734655368481,5.0,,11,5,0
2026-06-12,824507,h1,batter,Ketel Marte,0.7155048462154304,1,0,0.2844951537845696,5.0,,7,3,0
2026-06-12,824507,h1,batter,Corbin Carroll,0.7022408864685151,1,0,0.2977591135314849,5.0,,7,3,0
2026-06-12,824588,h1,batter,Freddie Freeman,0.7039877266118715,0,1,-0.7039877266118715,3.0,,10,6,0
2026-06-12,824588,h1,batter,Andy Pages,0.7087761727728716,0,1,-0.7087761727728716,4.0,,10,6,0
2026-06-13,822725,h1,batter,Josh Naylor,0.7151133282516404,0,1,-0.7151133282516404,4.0,,11,5,0
2026-06-13,822725,h1,batter,Julio Rodríguez,0.7089012066768775,0,1,-0.7089012066768775,5.0,,11,5,0
2026-06-13,823211,h1,batter,Luis Arraez,0.7709544861238278,1,0,0.22904551387617222,4.0,,6,4,0
2026-06-13,823369,h1,batter,Otto Lopez,0.7042049157287866,1,0,0.29579508427121337,4.0,,5,1,0
2026-06-13,823616,h1,batter,Bo Bichette,0.723129211129803,1,0,0.276870788870197,4.0,,4,2,0
2026-06-13,823776,h1,batter,Jackson Chourio,0.7028696820472778,1,0,0.29713031795272216,5.0,,17,1,0
2026-06-13,823776,h1,batter,Trea Turner,0.7021969644676753,1,0,0.2978030355323247,6.0,,17,1,0
2026-06-13,824020,h1,batter,Yandy Díaz,0.7417470141610224,1,0,0.2582529858389776,5.0,,7,1,0
2026-06-13,824100,h1,batter,Bobby Witt Jr.,0.7274347552526743,1,0,0.2725652447473257,5.0,,15,1,0
2026-06-13,824100,h1,batter,Jeremy Peña,0.7305497550248571,1,0,0.2694502449751429,5.0,,15,1,0
2026-06-13,824102,h1,batter,Bobby Witt Jr.,0.7124193976438591,1,0,0.2875806023561409,5.0,,18,2,0
2026-06-13,824102,h1,batter,Jeremy Peña,0.7234459104215052,1,0,0.2765540895784948,5.0,,18,2,0
2026-06-13,824508,h1,batter,Ketel Marte,0.7300342003706684,1,0,0.26996579962933165,5.0,,3,1,0
2026-06-13,824508,h1,batter,Corbin Carroll,0.7166326638197729,1,0,0.28336733618022714,5.0,,3,1,0
2026-06-13,824828,h1,batter,Gunnar Henderson,0.7041785329528143,0,1,-0.7041785329528143,5.0,,12,6,0
2026-06-13,824828,h1,batter,Fernando Tatis Jr.,0.7114775335277064,1,0,0.2885224664722936,5.0,,12,6,0
2026-06-13,824997,h1,batter,Shea Langeliers,0.701490109788419,1,0,0.29850989021158103,5.0,,10,2,0
2026-06-14,822722,h1,batter,Luis García Jr.,0.7040554191272258,1,0,0.2959445808727742,5.0,,11,9,0
2026-06-14,822722,h1,batter,Josh Naylor,0.7031191094090077,1,0,0.2968808905909923,3.0,,11,9,0
2026-06-14,822801,h1,batter,Paul Goldschmidt,0.7130653403213917,1,0,0.2869346596786083,5.0,,11,5,0
2026-06-14,822801,h1,batter,Cody Bellinger,0.7166746730748096,0,1,-0.7166746730748096,5.0,,11,5,0
2026-06-14,823212,h1,batter,Luis Arraez,0.7586054284435731,0,1,-0.7586054284435731,5.0,,6,4,0
2026-06-14,823213,h1,batter,Luis Arraez,0.7390213575878983,1,0,0.26097864241210167,5.0,,7,5,0
2026-06-14,823615,h1,batter,Bo Bichette,0.7264491500493621,1,0,0.27355084995063794,5.0,,9,7,0
2026-06-14,823693,h1,batter,Alec Burleson,0.7010443486175304,1,0,0.2989556513824696,4.0,,9,1,0
2026-06-14,823777,h1,batter,Jackson Chourio,0.7124272970580773,1,0,0.2875727029419227,4.0,,4,4,0
2026-06-14,824019,h1,batter,Yandy Díaz,0.7248395969605451,0,1,-0.7248395969605451,4.0,,8,8,0
2026-06-14,824021,h1,batter,Yandy Díaz,0.7190441795827038,0,1,-0.7190441795827038,5.0,,11,5,0
2026-06-14,824099,h1,batter,Bobby Witt Jr.,0.7071606487889072,1,0,0.29283935121109284,4.0,,4,4,0
2026-06-14,824099,h1,batter,Jeremy Peña,0.7528268207684905,0,1,-0.7528268207684905,4.0,,4,4,0
2026-06-14,824099,h1,batter,Yordan Alvarez,0.7039878798600376,1,0,0.29601212013996236,4.0,,4,4,0
2026-06-14,824506,h1,batter,Ketel Marte,0.7317995202437044,1,0,0.2682004797562956,5.0,,8,2,0
2026-06-14,824506,h1,batter,Corbin Carroll,0.7197986110287163,0,1,-0.7197986110287163,5.0,,8,2,0
2026-06-14,824823,h1,batter,Fernando Tatis Jr.,0.7087829509931105,1,0,0.2912170490068895,5.0,,7,3,0
2026-06-14,824994,h1,batter,Tyler Soderstrom,0.7003781626780694,1,0,0.2996218373219306,4.0,,32,14,0
2026-06-14,824995,h1,batter,Shea Langeliers,0.7003155038184379,1,0,0.2996844961815621,5.0,,12,2,0
2026-06-14,824995,h1,batter,Jacob Wilson,0.7152718741755382,1,0,0.28472812582446183,4.0,,12,2,0
2026-06-15,822724,h1,batter,Luis García Jr.,0.716773042956089,1,0,0.283226957043911,4.0,,10,4,0
2026-06-15,822724,h1,batter,Bobby Witt Jr.,0.7248760634364948,0,1,-0.7248760634364948,4.0,,10,4,0
2026-06-15,823452,h1,batter,Trea Turner,0.7181274581427464,0,1,-0.7181274581427464,4.0,,7,7,0
2026-06-15,824505,h1,batter,Bo Bichette,0.7073436717373948,1,0,0.29265632826260524,5.0,,12,12,0
2026-06-16,822723,h1,batter,Luis García Jr.,0.710382263311537,1,0,0.289617736688463,3.0,,10,2,0
2026-06-16,822723,h1,batter,Bobby Witt Jr.,0.722289617620257,1,0,0.277710382379743,5.0,,10,2,0
2026-06-16,823045,h1,batter,Jackson Merrill,0.7016173591046945,1,0,0.29838264089530553,4.0,,5,1,0
2026-06-16,823045,h1,batter,Fernando Tatis Jr.,0.7127680180276553,1,0,0.2872319819723447,4.0,,5,1,0
2026-06-16,823451,h1,batter,Alec Bohm,0.7093505966788066,1,0,0.2906494033211934,4.0,,10,6,0
2026-06-16,823451,h1,batter,Xavier Edwards,0.7066330844320109,0,1,-0.7066330844320109,4.0,,10,6,0
2026-06-16,823451,h1,batter,Otto Lopez,0.7044227513280242,1,0,0.29557724867197577,4.0,,10,6,0
2026-06-16,823535,h1,batter,Cody Bellinger,0.7187134871836666,1,0,0.28128651281633343,4.0,,14,10,0
2026-06-16,823775,h1,batter,Jackson Chourio,0.7267642342442558,0,1,-0.7267642342442558,4.0,,3,1,0
2026-06-16,823938,h1,batter,Freddie Freeman,0.7059599114908336,1,0,0.2940400885091664,4.0,,7,1,0
2026-06-16,823938,h1,batter,Shohei Ohtani,0.7101602769126073,0,1,-0.7101602769126073,4.0,,7,1,0
2026-06-16,823938,h1,batter,Andy Pages,0.710118260055104,0,1,-0.710118260055104,4.0,,7,1,0
2026-06-16,823938,h1,batter,Yandy Díaz,0.7259030186618964,0,1,-0.7259030186618964,5.0,,7,1,0
2026-06-16,824181,h1,batter,Jeremy Peña,0.7026760067557538,1,0,0.2973239932442462,5.0,,12,6,0
2026-06-16,824504,h1,batter,Bo Bichette,0.7522369134001217,1,0,0.24776308659987833,5.0,,8,2,0
2026-06-16,824504,h1,batter,Carson Benge,0.711374347965905,0,1,-0.711374347965905,5.0,,8,2,0
2026-06-16,824666,h1,batter,Alex Bregman,0.7188109215188553,1,0,0.2811890784811447,5.0,,9,1,0
2026-06-16,824666,h1,batter,Pete Crow-Armstrong,0.7283202037363556,1,0,0.27167979626364436,5.0,,9,1,0
2026-06-16,824666,h1,batter,Nico Hoerner,0.7151319895354898,0,1,-0.7151319895354898,5.0,,9,1,0
2026-06-16,824750,h1,batter,Ernie Clement,0.7346387229347637,0,1,-0.7346387229347637,5.0,,7,5,0
2026-06-16,824912,h1,batter,Michael Harris II,0.7341618910363976,1,0,0.2658381089636024,1.0,,9,5,0
2026-06-16,824912,h1,batter,Michael Harris II,0.7341618910363976,1,0,0.2658381089636024,1.0,,9,5,0
2026-06-16,824912,h1,batter,Michael Harris II,0.7341618910363976,1,0,0.2658381089636024,1.0,,9,5,0
2026-06-16,824912,h1,batter,Michael Harris II,0.7341618910363976,1,0,0.2658381089636024,1.0,,9,5,0
2026-06-16,824912,h1,batter,Ozzie Albies,0.7088382664554334,0,1,-0.7088382664554334,4.0,,9,5,0
2026-06-16,824912,h1,batter,Ozzie Albies,0.7088382664554334,0,1,-0.7088382664554334,4.0,,9,5,0
2026-06-16,824912,h1,batter,Ozzie Albies,0.7088382664554334,0,1,-0.7088382664554334,4.0,,9,5,0
2026-06-16,824912,h1,batter,Ozzie Albies,0.7088382664554334,0,1,-0.7088382664554334,4.0,,9,5,0
2026-06-16,824912,h1,batter,Luis Arraez,0.7611616047462684,1,0,0.23883839525373163,5.0,,9,5,0
2026-06-16,824912,h1,batter,Luis Arraez,0.7611616047462684,1,0,0.23883839525373163,5.0,,9,5,0
2026-06-16,824912,h1,batter,Luis Arraez,0.7611616047462684,1,0,0.23883839525373163,5.0,,9,5,0
2026-06-16,824912,h1,batter,Luis Arraez,0.7611616047462684,1,0,0.23883839525373163,5.0,,9,5,0
2026-06-17,824912,h1,batter,Michael Harris II,0.7341618910363976,1,0,0.2658381089636024,1.0,,9,5,0
2026-06-17,824912,h1,batter,Michael Harris II,0.7341618910363976,1,0,0.2658381089636024,1.0,,9,5,0
2026-06-17,824912,h1,batter,Michael Harris II,0.7341618910363976,1,0,0.2658381089636024,1.0,,9,5,0
2026-06-17,824912,h1,batter,Michael Harris II,0.7341618910363976,1,0,0.2658381089636024,1.0,,9,5,0
2026-06-17,824912,h1,batter,Ozzie Albies,0.7088382664554334,0,1,-0.7088382664554334,4.0,,9,5,0
2026-06-17,824912,h1,batter,Ozzie Albies,0.7088382664554334,0,1,-0.7088382664554334,4.0,,9,5,0
2026-06-17,824912,h1,batter,Ozzie Albies,0.7088382664554334,0,1,-0.7088382664554334,4.0,,9,5,0
2026-06-17,824912,h1,batter,Ozzie Albies,0.7088382664554334,0,1,-0.7088382664554334,4.0,,9,5,0
2026-06-17,824912,h1,batter,Luis Arraez,0.7611616047462684,1,0,0.23883839525373163,5.0,,9,5,0
2026-06-17,824912,h1,batter,Luis Arraez,0.7611616047462684,1,0,0.23883839525373163,5.0,,9,5,0
2026-06-17,824912,h1,batter,Luis Arraez,0.7611616047462684,1,0,0.23883839525373163,5.0,,9,5,0
2026-06-17,824912,h1,batter,Luis Arraez,0.7611616047462684,1,0,0.23883839525373163,5.0,,9,5,0
2026-06-17,822721,h1,batter,Bobby Witt Jr.,0.7541210561054753,1,0,0.2458789438945247,5.0,,8,4,0
2026-06-17,823044,h1,batter,Fernando Tatis Jr.,0.7025019011032992,1,0,0.29749809889670076,5.0,,7,5,0
2026-06-17,823450,h1,batter,Alec Bohm,0.7036052213505861,1,0,0.2963947786494139,4.0,,16,8,0
2026-06-17,823450,h1,batter,Trea Turner,0.7344281027724615,1,0,0.2655718972275385,5.0,,16,8,0
2026-06-17,823450,h1,batter,Xavier Edwards,0.7107108243789726,1,0,0.2892891756210274,5.0,,16,8,0
2026-06-17,823450,h1,batter,Liam Hicks,0.704172787137693,1,0,0.29582721286230695,6.0,,16,8,0
2026-06-17,823450,h1,batter,Otto Lopez,0.7385937698547388,0,1,-0.7385937698547388,5.0,,16,8,0
2026-06-17,823536,h1,batter,Paul Goldschmidt,0.7030087237637109,1,0,0.29699127623628907,5.0,,15,5,0
2026-06-17,823536,h1,batter,Cody Bellinger,0.7038335975241287,1,0,0.29616640247587134,5.0,,15,5,0
2026-06-17,823939,h1,batter,Yandy Díaz,0.7289081020322165,1,0,0.27109189796778355,4.0,,1,1,0
2026-06-17,824178,h1,batter,Jeremy Peña,0.7327236517935437,1,0,0.2672763482064563,4.0,,6,2,0
2026-06-17,824178,h1,batter,Kevin McGonigle,0.705624378951968,1,0,0.29437562104803205,4.0,,6,2,0
2026-06-17,824182,h1,batter,Jeremy Peña,0.7185203477487011,1,0,0.2814796522512989,5.0,,6,2,0
2026-06-17,824503,h1,batter,Bo Bichette,0.7431310222891407,1,0,0.25686897771085926,5.0,,10,8,0
2026-06-17,824667,h1,batter,Alex Bregman,0.7153755324348057,0,1,-0.7153755324348057,5.0,,7,3,0
2026-06-17,824667,h1,batter,Pete Crow-Armstrong,0.7301311286343822,1,0,0.26986887136561777,5.0,,7,3,0
2026-06-17,824667,h1,batter,Nico Hoerner,0.7100569418048907,0,1,-0.7100569418048907,4.0,,7,3,0
2026-06-17,824746,h1,batter,Ernie Clement,0.7267920025722121,0,1,-0.7267920025722121,4.0,,3,3,0
2026-06-17,824746,h1,batter,George Springer,0.7152039236221018,0,1,-0.7152039236221018,4.0,,3,3,0
2026-06-17,824746,h1,batter,Vladimir Guerrero Jr.,0.716597478948507,1,0,0.283402521051493,4.0,,3,3,0
2026-06-17,824913,h1,batter,Mauricio Dubón,0.7107177763481509,1,0,0.2892822236518491,5.0,,12,2,0
2026-06-17,824913,h1,batter,Luis Arraez,0.7679951574185132,1,0,0.2320048425814868,5.0,,12,2,0
2026-06-17,824991,h1,batter,Jacob Wilson,0.7008269696669118,1,0,0.2991730303330882,5.0,,11,1,0
2026-06-17,825072,h1,batter,Ketel Marte,0.7202163636172875,1,0,0.27978363638271253,5.0,,9,7,0
2026-06-17,825072,h1,batter,Geraldo Perdomo,0.7100685559073544,1,0,0.2899314440926456,5.0,,9,7,0
2026-06-17,825072,h1,batter,Zach Neto,0.7014449790956656,1,0,0.2985550209043344,4.0,,9,7,0
2026-06-18,823448,h1,batter,Bo Bichette,0.7353799819434286,0,1,-0.7353799819434286,5.0,,10,2,0
2026-06-18,824098,h1,batter,Bobby Witt Jr.,0.7375373490959664,1,0,0.26246265090403365,2.0,,20,8,0
2026-06-18,824098,h1,batter,JJ Wetherholt,0.7047221558398357,1,0,0.29527784416016434,6.0,,20,8,0
2026-06-18,824668,h1,batter,Pete Crow-Armstrong,0.7161848411848235,1,0,0.2838151588151765,5.0,,14,2,0
2026-06-18,824668,h1,batter,Nico Hoerner,0.7325050670000898,1,0,0.26749493299991023,5.0,,14,2,0
2026-06-18,824668,h1,batter,Jake McCarthy,0.7246162977003693,1,0,0.2753837022996307,5.0,,14,2,0
2026-06-18,824668,h1,batter,Tyler Freeman,0.7079154560258517,1,0,0.2920845439741483,5.0,,14,2,0
2026-06-19,822966,h1,batter,Yandy Díaz,0.7092723969837232,1,0,0.29072760301627676,4.0,,7,3,0
2026-06-19,823534,h1,batter,Cody Bellinger,0.710980195399557,0,1,-0.710980195399557,4.0,,5,5,0
2026-06-19,823853,h1,batter,Luis Arraez,0.7494761267669304,0,1,-0.7494761267669304,5.0,,7,1,0
2026-06-19,824663,h1,batter,Pete Crow-Armstrong,0.7029349698978129,1,0,0.2970650301021871,5.0,,18,14,0
2026-06-19,824910,h1,batter,Jackson Chourio,0.7245210245576607,1,0,0.27547897544233935,5.0,,5,1,0
2026-06-20,822885,h1,batter,Josh Jung,0.7064071281047025,1,0,0.2935928718952975,5.0,,10,2,1
2026-06-20,822886,h1,batter,Josh Jung,0.7226045038449505,1,0,0.27739549615504955,5.0,,16,2,0
2026-06-20,822967,h1,batter,Yandy Díaz,0.7173149028764593,1,0,0.28268509712354073,5.0,,7,1,0
2026-06-20,823447,h1,batter,Bo Bichette,0.7262602486804652,1,0,0.27373975131953476,3.0,,18,12,0
2026-06-20,823532,h1,batter,Cody Bellinger,0.7022506246030145,1,0,0.29774937539698554,4.0,,12,8,0
2026-06-20,823854,h1,batter,Otto Lopez,0.7044706383667649,1,0,0.29552936163323507,5.0,,9,3,0
2026-06-20,823854,h1,batter,Luis Arraez,0.7663177633879542,1,0,0.2336822366120458,5.0,,9,3,0
2026-06-20,824097,h1,batter,JJ Wetherholt,0.7076551634075452,0,1,-0.7076551634075452,4.0,,11,1,0
2026-06-20,824097,h1,batter,Alec Burleson,0.7167150475550689,1,0,0.2832849524449311,4.0,,11,1,0
2026-06-20,824179,h1,batter,Jeremy Peña,0.718560619361812,1,0,0.28143938063818796,5.0,,12,6,0
2026-06-20,824180,h1,batter,Jeremy Peña,0.7100323214100128,0,1,-0.7100323214100128,3.0,,9,7,0
2026-06-20,824345,h1,batter,Jake McCarthy,0.7202304028043797,1,0,0.27976959719562033,4.0,,7,1,0
2026-06-20,824345,h1,batter,Spencer Horwitz,0.7565505335280771,0,1,-0.7565505335280771,4.0,,7,1,0
2026-06-20,824345,h1,batter,Brandon Lowe,0.706782589731259,1,0,0.29321741026874104,4.0,,7,1,0
2026-06-20,824345,h1,batter,Ryan O'Hearn,0.7344614429637069,0,1,-0.7344614429637069,4.0,,7,1,0
2026-06-20,824345,h1,batter,Nick Gonzales,0.7747373567772066,1,0,0.22526264322279343,4.0,,7,1,0
2026-06-20,824665,h1,batter,Pete Crow-Armstrong,0.7390331639072676,1,0,0.2609668360927324,5.0,,14,2,0
2026-06-20,824665,h1,batter,Nico Hoerner,0.7525553077248615,0,1,-0.7525553077248615,5.0,,14,2,0
2026-06-20,824665,h1,batter,Nathan Lukes,0.7122190384825764,0,1,-0.7122190384825764,3.0,,14,2,0
2026-06-20,824665,h1,batter,George Springer,0.7169036110571976,1,0,0.2830963889428024,5.0,,14,2,0
2026-06-20,824665,h1,batter,Vladimir Guerrero Jr.,0.7100846189238846,1,0,0.28991538107611536,4.0,,14,2,0
2026-06-20,825069,h1,batter,Ketel Marte,0.7011445080986014,1,0,0.2988554919013986,5.0,,14,4,0
2026-06-21,822968,h1,batter,Yandy Díaz,0.7060964911993038,1,0,0.29390350880069616,4.0,,7,1,0
2026-06-21,822968,h1,batter,Luis García Jr.,0.7156683342402137,0,1,-0.7156683342402137,4.0,,7,1,0
2026-06-21,823449,h1,batter,Alec Bohm,0.7054810419504004,1,0,0.2945189580495996,4.0,,8,4,0
2026-06-21,823449,h1,batter,Trea Turner,0.7280303735141287,1,0,0.2719696264858713,4.0,,8,4,0
2026-06-21,823852,h1,batter,Jung Hoo Lee,0.7105518418066229,0,1,-0.7105518418066229,4.0,,3,1,0
2026-06-21,823852,h1,batter,Luis Arraez,0.780756105764609,1,0,0.21924389423539103,4.0,,3,1,0
2026-06-21,823934,h1,batter,Andy Pages,0.7071695431390439,1,0,0.2928304568609561,4.0,,13,11,0
2026-06-21,823937,h1,batter,Andy Pages,0.7016390253461563,0,1,-0.7016390253461563,4.0,,5,1,0
2026-06-21,824095,h1,batter,Maikel Garcia,0.7024097885211634,0,1,-0.7024097885211634,5.0,,22,2,0
2026-06-21,824095,h1,batter,JJ Wetherholt,0.7235040487219643,1,0,0.2764959512780357,6.0,,22,2,0
2026-06-21,824095,h1,batter,Alec Burleson,0.7316305252154773,1,0,0.26836947478452267,6.0,,22,2,0
2026-06-21,824095,h1,batter,Iván Herrera,0.7045824698716607,1,0,0.29541753012833927,6.0,,22,2,0
2026-06-21,824177,h1,batter,Jeremy Peña,0.7442637164160044,1,0,0.2557362835839956,4.0,,3,1,0
2026-06-21,824260,h1,batter,Sam Antonacci,0.7091641832752447,0,1,-0.7091641832752447,4.0,,9,1,1
2026-06-21,824342,h1,batter,Spencer Horwitz,0.7565606640960311,1,0,0.24343933590396893,4.0,,3,1,0
2026-06-21,824342,h1,batter,Brandon Lowe,0.7344639689515925,1,0,0.2655360310484075,4.0,,3,1,0
2026-06-21,824342,h1,batter,Bryan Reynolds,0.745061600949253,1,0,0.254938399050747,4.0,,3,1,0
2026-06-21,824342,h1,batter,Jake Mangum,0.7347304443657602,1,0,0.2652695556342398,4.0,,3,1,0
2026-06-21,824342,h1,batter,Ryan O'Hearn,0.7253655069152394,0,1,-0.7253655069152394,4.0,,3,1,0
2026-06-21,824342,h1,batter,Nick Gonzales,0.7510855765351371,0,1,-0.7510855765351371,4.0,,3,1,0
2026-06-21,824343,h1,batter,Jake McCarthy,0.7226735056239328,1,0,0.27732649437606716,5.0,,14,2,0
2026-06-21,824343,h1,batter,Spencer Horwitz,0.7395737426815948,1,0,0.2604262573184052,5.0,,14,2,0
2026-06-21,824343,h1,batter,Brandon Lowe,0.7161306203498732,1,0,0.2838693796501268,5.0,,14,2,0
2026-06-21,824343,h1,batter,Bryan Reynolds,0.7258235751677543,1,0,0.2741764248322457,5.0,,14,2,0
2026-06-21,824343,h1,batter,Jake Mangum,0.7057136171200663,1,0,0.2942863828799337,4.0,,14,2,0
2026-06-21,824343,h1,batter,Ryan O'Hearn,0.703854030427942,0,1,-0.703854030427942,4.0,,14,2,0
2026-06-21,824343,h1,batter,Nick Gonzales,0.7309734408971662,1,0,0.2690265591028338,4.0,,14,2,0
2026-06-21,824908,h1,batter,Mauricio Dubón,0.7059910996858408,1,0,0.29400890031415916,4.0,,13,5,0
2026-06-21,824908,h1,batter,Jackson Chourio,0.7292239643390411,1,0,0.27077603566095887,5.0,,13,5,0
2026-06-21,825067,h1,batter,Ketel Marte,0.7071128618881268,1,0,0.29288713811187317,5.0,,6,2,0
2026-06-21,825067,h1,batter,Byron Buxton,0.7010755458644439,1,0,0.29892445413555613,5.0,,6,2,0
2026-06-22,822720,h1,batter,Trea Turner,0.7185860939656206,0,1,-0.7185860939656206,4.0,,5,3,0
2026-06-22,822964,h1,batter,Yandy Díaz,0.7279870833102698,1,0,0.27201291668973016,4.0,,3,1,0
2026-06-22,823040,h1,batter,Alec Burleson,0.7050126882365825,1,0,0.2949873117634175,4.0,,5,1,0
2026-06-22,823040,h1,batter,Ketel Marte,0.719453771946904,1,0,0.28054622805309604,4.0,,5,1,0
2026-06-22,823040,h1,batter,Geraldo Perdomo,0.7106228460421231,0,1,-0.7106228460421231,4.0,,5,1,0
2026-06-22,823692,h1,batter,Andy Pages,0.7023355450695554,0,1,-0.7023355450695554,5.0,,3,1,0
2026-06-22,823851,h1,batter,Otto Lopez,0.7238703733179005,1,0,0.2761296266820995,4.0,,7,1,0
2026-06-22,824502,h1,batter,Jackson Chourio,0.7361843639445842,0,1,-0.7361843639445842,4.0,,3,1,1
2026-06-22,824502,h1,batter,Christian Yelich,0.7056186308450119,0,1,-0.7056186308450119,4.0,,3,1,1
2026-06-22,824585,h1,batter,Travis Bazzana,0.7077796606660584,1,0,0.29222033933394165,5.0,,11,1,0
2026-06-23,822718,h1,batter,Trea Turner,0.7232896712938457,1,0,0.2767103287061543,6.0,,23,5,0
2026-06-23,822963,h1,batter,Yandy Díaz,0.7073112505610475,0,1,-0.7073112505610475,4.0,,17,7,0
2026-06-23,823043,h1,batter,JJ Wetherholt,0.702924679587256,0,1,-0.702924679587256,5.0,,7,1,0
2026-06-23,823043,h1,batter,Ketel Marte,0.7103455195891405,1,0,0.2896544804108595,5.0,,7,1,0
2026-06-23,823043,h1,batter,Geraldo Perdomo,0.7002648831471884,0,1,-0.7002648831471884,5.0,,7,1,0
2026-06-23,823614,h1,batter,Bo Bichette,0.7045891840454112,1,0,0.29541081595458885,5.0,,15,3,0
2026-06-23,823849,h1,batter,Xavier Edwards,0.7032927040212527,1,0,0.29670729597874734,4.0,,10,2,0
2026-06-23,823849,h1,batter,Otto Lopez,0.7346401456112679,1,0,0.2653598543887321,5.0,,10,2,0
2026-06-23,824262,h1,batter,Cody Bellinger,0.7034108921820813,0,1,-0.7034108921820813,4.0,,7,1,0
2026-06-23,824344,h1,batter,Willi Castro,0.702789058635386,1,0,0.297210941364614,4.0,,5,1,0
2026-06-23,824344,h1,batter,Tyler Freeman,0.7216252202453024,1,0,0.2783747797546976,4.0,,5,1,0
2026-06-23,824344,h1,batter,TJ Rumfield,0.7054017817348269,1,0,0.2945982182651731,4.0,,5,1,0
2026-06-23,824344,h1,batter,Caleb Durbin,0.7133037196637364,1,0,0.2866962803362636,4.0,,5,1,0
2026-06-23,824344,h1,batter,Jarren Duran,0.7140165210693513,0,1,-0.7140165210693513,4.0,,5,1,0
2026-06-23,824344,h1,batter,Ceddanne Rafaela,0.7491778470003456,0,1,-0.7491778470003456,4.0,,5,1,0
2026-06-23,824501,h1,batter,Jackson Chourio,0.7347647094424257,1,0,0.26523529055757433,4.0,,2,2,0
2026-06-24,822719,h1,batter,Alec Bohm,0.7145284932917613,0,1,-0.7145284932917613,4.0,,9,1,0
2026-06-24,822719,h1,batter,Trea Turner,0.7384895163080359,1,0,0.26151048369196406,5.0,,9,1,0
2026-06-24,822798,h1,batter,Jeremy Peña,0.7043726679658471,1,0,0.2956273320341529,5.0,,4,2,0
2026-06-24,822965,h1,batter,Yandy Díaz,0.7134040011144217,1,0,0.2865959988855783,5.0,,8,2,0
2026-06-24,823041,h1,batter,JJ Wetherholt,0.7051342311839663,0,1,-0.7051342311839663,5.0,,13,5,0
2026-06-24,823041,h1,batter,Ketel Marte,0.708673978917679,1,0,0.291326021082321,5.0,,13,5,0
2026-06-24,823041,h1,batter,Geraldo Perdomo,0.7020862805862874,1,0,0.2979137194137126,5.0,,13,5,0
2026-06-24,823210,h1,batter,Luis Arraez,0.7710082731994721,1,0,0.22899172680052793,2.0,,4,2,0
2026-06-24,823286,h1,batter,Michael Harris II,0.7058499752553961,1,0,0.29415002474460394,5.0,,13,1,1
2026-06-24,823611,h1,batter,Bo Bichette,0.7061147564760855,1,0,0.29388524352391454,4.0,,15,5,0
2026-06-24,823613,h1,batter,Bo Bichette,0.729322124092361,1,0,0.27067787590763903,4.0,,13,7,0
2026-06-24,824340,h1,batter,Jake McCarthy,0.7176193289199891,1,0,0.28238067108001086,5.0,,7,3,0
2026-06-24,824340,h1,batter,Caleb Durbin,0.7092127176911533,1,0,0.29078728230884665,5.0,,7,3,0
2026-06-24,824340,h1,batter,Jarren Duran,0.7061598255543159,0,1,-0.7061598255543159,5.0,,7,3,0
2026-06-24,824340,h1,batter,Ceddanne Rafaela,0.7421243703329407,1,0,0.25787562966705935,5.0,,7,3,0
2026-06-24,824341,h1,batter,Tyler Freeman,0.7120857982302992,1,0,0.28791420176970084,5.0,,14,2,0
2026-06-24,824341,h1,batter,Willson Contreras,0.7173329479873894,1,0,0.28266705201261055,4.0,,14,2,0
2026-06-24,824341,h1,batter,Wilyer Abreu,0.7225144202795906,0,1,-0.7225144202795906,4.0,,14,2,0
2026-06-24,824341,h1,batter,Caleb Durbin,0.7472153693637884,0,1,-0.7472153693637884,2.0,,14,2,0
2026-06-24,824341,h1,batter,Nate Eaton,0.7042840554411167,0,1,-0.7042840554411167,5.0,,14,2,0
2026-06-24,824341,h1,batter,Ceddanne Rafaela,0.768811213209075,1,0,0.23118878679092503,5.0,,14,2,0
2026-06-24,824500,h1,batter,Jackson Chourio,0.7352632034778248,1,0,0.2647367965221752,5.0,,11,1,0
2026-06-24,824500,h1,batter,Christian Yelich,0.7071845431481226,0,1,-0.7071845431481226,5.0,,11,1,0
2026-06-24,824500,h1,batter,Brice Turang,0.7001088016993572,1,0,0.2998911983006428,5.0,,11,1,0
2026-06-25,822717,h1,batter,Trea Turner,0.7357889564343009,1,0,0.26421104356569913,5.0,,15,5,0
2026-06-25,822961,h1,batter,Yandy Díaz,0.7207904537421155,1,0,0.2792095462578845,4.0,,15,11,0
2026-06-25,823284,h1,batter,Michael Harris II,0.7074675752334536,0,1,-0.7074675752334536,4.0,,7,3,0
2026-06-25,823284,h1,batter,Mauricio Dubón,0.7106928911602017,1,0,0.28930710883979827,4.0,,7,3,0
2026-06-25,823612,h1,batter,Bo Bichette,0.7160789792708192,1,0,0.2839210207291808,5.0,,7,1,1
2026-06-25,824258,h1,batter,Jeremy Peña,0.7290647614551935,1,0,0.2709352385448065,4.0,,3,1,0
2026-06-26,822796,h1,batter,Wyatt Langford,0.70721373938907,1,0,0.29278626061093005,5.0,,9,1,0
2026-06-26,822796,h1,batter,Josh Jung,0.7155297069380646,0,1,-0.7155297069380646,5.0,,9,1,0
2026-06-26,822962,h1,batter,Yandy Díaz,0.7187384853113727,1,0,0.28126151468862726,4.0,,7,5,0
2026-06-26,822962,h1,batter,Ketel Marte,0.7129132067197701,0,1,-0.7129132067197701,4.0,,7,5,0
2026-06-26,822962,h1,batter,Geraldo Perdomo,0.7075789682776968,1,0,0.29242103172230316,4.0,,7,5,0
2026-06-26,823610,h1,batter,Trea Turner,0.7228547337702422,1,0,0.27714526622975777,4.0,,3,1,0
2026-06-26,823773,h1,batter,Jackson Chourio,0.7294799293980385,1,0,0.2705200706019615,5.0,,8,4,0
2026-06-26,824255,h1,batter,Jeremy Peña,0.7473064502741464,1,0,0.25269354972585356,4.0,,8,8,0
2026-06-26,824582,h1,batter,Bobby Witt Jr.,0.7216538911143809,0,1,-0.7216538911143809,4.0,,23,21,0
2026-06-26,824743,h1,batter,Paul Goldschmidt,0.7012842687834644,0,1,-0.7012842687834644,4.0,,7,5,0
2026-06-27,822794,h1,batter,Nathan Lukes,0.7166034000643087,1,0,0.28339659993569133,4.0,,11,3,0
2026-06-27,822794,h1,batter,Vladimir Guerrero Jr.,0.7198795450957954,0,1,-0.7198795450957954,5.0,,11,3,0
2026-06-27,822960,h1,batter,Yandy Díaz,0.7138962085553774,1,0,0.2861037914446226,4.0,,6,2,0
2026-06-27,823038,h1,batter,Alec Burleson,0.702630271881691,0,1,-0.702630271881691,4.0,,6,4,0
2026-06-27,823038,h1,batter,Xavier Edwards,0.7270361072708393,1,0,0.27296389272916066,5.0,,6,4,0
2026-06-27,823038,h1,batter,Otto Lopez,0.7322815667316487,1,0,0.2677184332683513,5.0,,6,4,0
2026-06-27,823039,h1,batter,Xavier Edwards,0.7176381735202577,1,0,0.2823618264797423,4.0,,4,4,0
2026-06-27,823039,h1,batter,Otto Lopez,0.712318236178232,0,1,-0.712318236178232,4.0,,4,4,0
2026-06-27,823206,h1,batter,Luis Arraez,0.7370442653269853,1,0,0.2629557346730147,5.0,,4,2,0
2026-06-27,823609,h1,batter,Bo Bichette,0.7226230032296848,1,0,0.27737699677031524,4.0,,8,4,0
2026-06-27,823609,h1,batter,Trea Turner,0.7171481440420571,0,1,-0.7171481440420571,4.0,,8,4,0
2026-06-27,823688,h1,batter,Byron Buxton,0.7166553791352922,1,0,0.2833446208647078,5.0,,17,1,1
2026-06-27,823688,h1,batter,Jake McCarthy,0.7039690914637955,1,0,0.2960309085362045,5.0,,17,1,1
2026-06-27,823689,h1,batter,Byron Buxton,0.7004928519552606,0,1,-0.7004928519552606,5.0,,13,3,0
2026-06-27,823689,h1,batter,Jake McCarthy,0.7246789386224215,1,0,0.2753210613775785,5.0,,13,3,0
2026-06-27,823770,h1,batter,Jackson Chourio,0.730698393066142,1,0,0.26930160693385796,4.0,,10,6,0
2026-06-27,823770,h1,batter,Pete Crow-Armstrong,0.701413837049006,0,1,-0.701413837049006,5.0,,10,6,0
2026-06-27,824257,h1,batter,Jeremy Peña,0.7215642324181575,1,0,0.2784357675818425,5.0,,14,2,0
2026-06-27,824421,h1,batter,Julio Rodríguez,0.7070273630504692,1,0,0.2929726369495308,5.0,,7,1,0
2026-06-27,824581,h1,batter,Sam Antonacci,0.7169172121940288,1,0,0.2830827878059712,4.0,,3,1,0
2026-06-27,824581,h1,batter,Bobby Witt Jr.,0.7354679433463629,1,0,0.2645320566536371,4.0,,3,1,0
2026-06-27,824745,h1,batter,Paul Goldschmidt,0.7101406417658104,0,1,-0.7101406417658104,4.0,,5,3,0
2026-06-27,824825,h1,batter,Luis García Jr.,0.7165650365371037,1,0,0.2834349634628963,5.0,,7,1,1
2026-06-28,822959,h1,batter,Yandy Díaz,0.7259724995034508,1,0,0.2740275004965492,3.0,,6,4,0
2026-06-28,823037,h1,batter,JJ Wetherholt,0.7008195037508014,1,0,0.2991804962491986,4.0,,3,1,0
2026-06-28,823037,h1,batter,Alec Burleson,0.7067269435126642,0,1,-0.7067269435126642,3.0,,3,1,0
2026-06-28,823037,h1,batter,Otto Lopez,0.7235541701709395,0,1,-0.7235541701709395,4.0,,3,1,0
2026-06-28,823207,h1,batter,Jung Hoo Lee,0.7184184415528952,0,1,-0.7184184415528952,4.0,,5,5,0
2026-06-28,823207,h1,batter,Luis Arraez,0.7662433951146137,1,0,0.2337566048853863,4.0,,5,5,0
2026-06-28,823608,h1,batter,Trea Turner,0.727252394892357,1,0,0.27274760510764295,5.0,,9,1,0
2026-06-28,823769,h1,batter,Jackson Chourio,0.7236726376767497,1,0,0.2763273623232503,5.0,,7,1,1
2026-06-28,824256,h1,batter,Jeremy Peña,0.701617404006069,1,0,0.298382595993931,5.0,,12,2,1
2026-06-28,824422,h1,batter,Steven Kwan,0.7009564081061098,1,0,0.2990435918938902,5.0,,11,1,0
2026-06-28,824580,h1,batter,Bobby Witt Jr.,0.7360136688357513,0,1,-0.7360136688357513,5.0,,9,1,0
2026-06-29,822792,h1,batter,Bo Bichette,0.7100282331258,0,1,-0.7100282331258,4.0,,3,1,0
2026-06-29,823444,h1,batter,Trea Turner,0.7097253621784421,1,0,0.29027463782155793,5.0,,18,4,0
2026-06-29,823529,h1,batter,Cody Bellinger,0.715601811925139,0,1,-0.715601811925139,4.0,,10,4,0
2026-06-29,823771,h1,batter,Jackson Chourio,0.7198126051889134,0,1,-0.7198126051889134,5.0,,8,2,0
2026-06-29,824741,h1,batter,Wilyer Abreu,0.7017686208905917,1,0,0.29823137910940833,4.0,,9,3,0
2026-06-29,824741,h1,batter,Caleb Durbin,0.7229318680837277,1,0,0.27706813191627233,4.0,,9,3,0
2026-06-29,824741,h1,batter,Jarren Duran,0.7087723839772166,0,1,-0.7087723839772166,4.0,,9,3,0
2026-06-29,824741,h1,batter,Ceddanne Rafaela,0.7525998205358585,1,0,0.2474001794641415,4.0,,9,3,0
2026-06-29,824741,h1,batter,Masataka Yoshida,0.7481911766956302,1,0,0.2518088233043698,4.0,,9,3,0
2026-06-30,822793,h1,batter,Bo Bichette,0.7197097279131199,1,0,0.28029027208688007,4.0,,3,3,0
2026-06-30,823445,h1,batter,Trea Turner,0.719573490819978,1,0,0.280426509180022,5.0,,8,8,0
2026-06-30,823768,h1,batter,Jackson Chourio,0.7199053232348281,1,0,0.28009467676517186,5.0,,9,5,0
2026-06-30,824096,h1,batter,Yandy Díaz,0.7355523081312563,1,0,0.26444769186874373,5.0,,14,6,0
2026-06-30,824339,h1,batter,Jake McCarthy,0.7564414725161912,1,0,0.2435585274838088,5.0,,17,3,0
2026-06-30,824339,h1,batter,TJ Rumfield,0.7153472858528603,1,0,0.28465271414713966,5.0,,17,3,0
2026-06-30,824339,h1,batter,Xavier Edwards,0.7510244078712527,1,0,0.24897559212874731,5.0,,17,3,0
2026-06-30,824339,h1,batter,Otto Lopez,0.7722606692085873,1,0,0.22773933079141273,5.0,,17,3,0
2026-06-30,824662,h1,batter,Pete Crow-Armstrong,0.7191561548757394,1,0,0.28084384512426064,5.0,,5,1,0
2026-06-30,824662,h1,batter,Nico Hoerner,0.7010270943891347,1,0,0.2989729056108653,4.0,,5,1,0
2026-06-30,824742,h1,batter,Ceddanne Rafaela,0.7190815255195128,0,1,-0.7190815255195128,4.0,,9,7,0
2026-06-30,824907,h1,batter,Ozzie Albies,0.7123964497705049,1,0,0.28760355022949513,5.0,,8,2,0
2026-06-30,824907,h1,batter,JJ Wetherholt,0.7117594823280095,0,1,-0.7117594823280095,5.0,,8,2,0
2026-06-30,825065,h1,batter,Ketel Marte,0.705257636159734,1,0,0.294742363840266,4.0,,9,1,0
2026-06-30,825065,h1,batter,Geraldo Perdomo,0.7006960175478643,1,0,0.29930398245213574,4.0,,9,1,0
2026-06-30,825065,h1,batter,Luis Arraez,0.7808039829241588,1,0,0.21919601707584124,4.0,,9,1,0
2026-07-01,824094,h1,batter,Bobby Witt Jr.,0.712387237033439,1,0,0.287612762966561,4.0,,4,4,0
2026-07-01,824094,h1,batter,Chandler Simpson,0.706957644275386,1,0,0.293042355724614,4.0,,4,4,0
2026-07-01,824094,h1,batter,Yandy Díaz,0.7408089762573274,0,1,-0.7408089762573274,5.0,,4,4,0
2026-07-01,824094,h1,batter,Junior Caminero,0.7000314688624955,1,0,0.29996853113750455,4.0,,4,4,0
2026-07-01,824338,h1,batter,Jake McCarthy,0.7156210241120229,0,1,-0.7156210241120229,5.0,,17,11,0
2026-07-01,824338,h1,batter,Jakob Marsee,0.706120449881063,0,1,-0.706120449881063,6.0,,17,11,0
2026-07-01,824338,h1,batter,Javier Sanoja,0.7009584818215464,1,0,0.2990415181784536,5.0,,17,11,0
2026-07-01,824338,h1,batter,Xavier Edwards,0.7541442023241303,1,0,0.24585579767586974,6.0,,17,11,0
2026-07-01,824338,h1,batter,Kyle Stowers,0.7209721737685331,1,0,0.27902782623146694,6.0,,17,11,0
2026-07-01,824338,h1,batter,Liam Hicks,0.7458260662082431,1,0,0.2541739337917569,6.0,,17,11,0
2026-07-01,824660,h1,batter,Alex Bregman,0.7009983066294434,0,1,-0.7009983066294434,6.0,,26,20,0
2026-07-01,824660,h1,batter,Pete Crow-Armstrong,0.7269061661439724,1,0,0.2730938338560276,4.0,,26,20,0
2026-07-01,824660,h1,batter,Nico Hoerner,0.7084660833822972,0,1,-0.7084660833822972,4.0,,26,20,0
2026-07-01,824660,h1,batter,Manny Machado,0.7023945387180448,1,0,0.2976054612819552,4.0,,26,20,0
2026-07-01,824660,h1,batter,Fernando Tatis Jr.,0.7248160235046903,0,1,-0.7248160235046903,4.0,,26,20,0
2026-07-01,824661,h1,batter,Alex Bregman,0.7011102067893182,1,0,0.29888979321068176,5.0,,16,2,0
2026-07-01,824661,h1,batter,Pete Crow-Armstrong,0.729085847315743,1,0,0.270914152684257,5.0,,16,2,0
2026-07-01,824661,h1,batter,Nico Hoerner,0.7076471650675992,1,0,0.29235283493240083,5.0,,16,2,0
2026-07-01,824740,h1,batter,Ceddanne Rafaela,0.7167782606484656,1,0,0.2832217393515344,5.0,,12,8,0
2026-07-01,824818,h1,batter,Sam Antonacci,0.7054726509991948,1,0,0.29452734900080524,4.0,,7,5,0
2026-07-01,824905,h1,batter,Mauricio Dubón,0.701065272248081,1,0,0.298934727751919,4.0,,6,4,0
2026-07-01,824905,h1,batter,Ozzie Albies,0.725749616589205,1,0,0.274250383410795,4.0,,6,4,0
2026-07-01,824984,h1,batter,Freddie Freeman,0.7013507566476055,1,0,0.2986492433523945,5.0,,12,6,0
2026-07-01,825066,h1,batter,Jung Hoo Lee,0.7143939959074037,0,1,-0.7143939959074037,4.0,,10,6,0
2026-07-01,825066,h1,batter,Luis Arraez,0.7891551524577144,1,0,0.2108448475422856,4.0,,10,6,0
2026-07-02,823442,h1,batter,Trea Turner,0.7186974719595514,1,0,0.28130252804044864,4.0,,7,5,0
2026-07-02,823442,h1,batter,Jake Mangum,0.7256154038278796,1,0,0.2743845961721204,5.0,,7,5,0
2026-07-02,823767,h1,batter,Jackson Chourio,0.7308008791444692,1,0,0.26919912085553077,5.0,,6,2,0
2026-07-02,824093,h1,batter,Bobby Witt Jr.,0.7010761435613517,0,1,-0.7010761435613517,4.0,,7,3,0
2026-07-02,824093,h1,batter,Chandler Simpson,0.7253769173789774,1,0,0.27462308262102264,4.0,,7,3,0
2026-07-02,824093,h1,batter,Jonathan Aranda,0.7015137445921104,1,0,0.29848625540788964,5.0,,7,3,0
2026-07-02,824093,h1,batter,Yandy Díaz,0.7535024173885819,0,1,-0.7535024173885819,5.0,,7,3,0
2026-07-02,824093,h1,batter,Junior Caminero,0.7163935856064354,0,1,-0.7163935856064354,5.0,,7,3,0
2026-07-02,824335,h1,batter,Jake McCarthy,0.7479413661304127,1,0,0.25205863386958727,5.0,,18,10,0
2026-07-02,824335,h1,batter,TJ Rumfield,0.7161656936834229,1,0,0.28383430631657713,5.0,,18,10,0
2026-07-02,824335,h1,batter,Xavier Edwards,0.7480081874547577,0,1,-0.7480081874547577,4.0,,18,10,0
2026-07-02,824335,h1,batter,Kyle Stowers,0.7031616828239584,1,0,0.2968383171760416,5.0,,18,10,0
2026-07-02,824335,h1,batter,Liam Hicks,0.7368467146858481,0,1,-0.7368467146858481,4.0,,18,10,0
2026-07-02,824335,h1,batter,Otto Lopez,0.7738619368317954,1,0,0.22613806316820462,5.0,,18,10,0
2026-07-02,824337,h1,batter,Jake McCarthy,0.7366484444297458,0,1,-0.7366484444297458,4.0,,9,3,0
2026-07-02,824337,h1,batter,Javier Sanoja,0.7344852865428393,1,0,0.2655147134571607,4.0,,9,3,0
2026-07-02,824337,h1,batter,Liam Hicks,0.7346564518391224,1,0,0.2653435481608776,4.0,,9,3,0
2026-07-02,824337,h1,batter,Otto Lopez,0.7986280579886418,1,0,0.20137194201135822,4.0,,9,3,0
2026-07-02,824416,h1,batter,Sam Antonacci,0.7194070022992772,1,0,0.28059299770072277,4.0,,11,1,0
2026-07-02,824906,h1,batter,Ozzie Albies,0.7017809577731262,0,1,-0.7017809577731262,5.0,,16,6,0
2026-07-02,825064,h1,batter,Ketel Marte,0.7084342440528159,1,0,0.29156575594718415,4.0,,10,2,0
2026-07-02,825064,h1,batter,Geraldo Perdomo,0.7003975709993722,1,0,0.29960242900062783,4.0,,10,2,0
2026-07-02,825064,h1,batter,Luis Arraez,0.7872763436280813,0,1,-0.7872763436280813,5.0,,10,2,0
2026-07-03,822714,h1,batter,Luis García Jr.,0.7170382614768525,1,0,0.28296173852314754,5.0,,14,4,0
2026-07-03,823935,h1,batter,Freddie Freeman,0.7237848857017589,1,0,0.2762151142982411,5.0,,19,5,0
2026-07-03,823935,h1,batter,Shohei Ohtani,0.712187211938403,1,0,0.28781278806159705,5.0,,19,5,0
2026-07-03,823935,h1,batter,Andy Pages,0.7200875816462071,1,0,0.2799124183537929,5.0,,19,5,0
2026-07-03,823935,h1,batter,Mookie Betts,0.7191873648640656,1,0,0.28081263513593435,5.0,,19,5,0
2026-07-03,824498,h1,batter,Gunnar Henderson,0.7049221298995356,0,1,-0.7049221298995356,4.0,,3,3,0
2026-07-03,824659,h1,batter,Alex Bregman,0.71050445653715,1,0,0.28949554346285,4.0,,18,16,0
2026-07-03,824659,h1,batter,Pete Crow-Armstrong,0.7368995034021759,1,0,0.2631004965978241,3.0,,18,16,0
2026-07-03,824659,h1,batter,Nico Hoerner,0.7162211054532961,1,0,0.2837788945467039,4.0,,18,16,0
2026-07-03,824659,h1,batter,JJ Wetherholt,0.715227627676534,1,0,0.28477237232346597,6.0,,18,16,0
2026-07-03,824659,h1,batter,Alec Burleson,0.7000655532205052,1,0,0.29993444677949477,5.0,,18,16,0
2026-07-03,824904,h1,batter,Bo Bichette,0.7116903481251043,1,0,0.28830965187489566,5.0,,8,2,0
2026-07-04,822716,h1,batter,Konnor Griffin,0.7008145190529426,1,0,0.29918548094705744,5.0,,8,6,0
2026-07-04,822882,h1,batter,Kevin McGonigle,0.7361745858832188,0,1,-0.7361745858832188,4.0,,3,3,0
2026-07-04,822882,h1,batter,Dillon Dingler,0.7251098579853346,0,1,-0.7251098579853346,4.0,,3,3,0
2026-07-04,824173,h1,batter,Jose Altuve,0.7124331183325663,0,1,-0.7124331183325663,4.0,,4,2,0
2026-07-04,824173,h1,batter,Yandy Díaz,0.707991194316687,1,0,0.292008805683313,4.0,,4,2,0
2026-07-04,824336,h1,batter,Jake McCarthy,0.742872167703392,1,0,0.25712783229660796,5.0,,18,12,0
2026-07-04,824336,h1,batter,TJ Rumfield,0.7060383421404548,1,0,0.2939616578595452,4.0,,18,12,0
2026-07-04,824336,h1,batter,Casey Schmitt,0.7301294273820695,1,0,0.26987057261793046,4.0,,18,12,0
2026-07-04,824336,h1,batter,Heliot Ramos,0.7016745392475378,1,0,0.29832546075246225,4.0,,18,12,0
2026-07-04,824336,h1,batter,Jung Hoo Lee,0.749969227929749,1,0,0.25003077207025104,3.0,,18,12,0
2026-07-04,824336,h1,batter,Luis Arraez,0.8184668249167584,1,0,0.18153317508324163,3.0,,18,12,0
2026-07-04,825062,h1,batter,Jackson Chourio,0.7239871746008937,1,0,0.2760128253991063,6.0,,11,3,1
2026-07-05,822715,h1,batter,Luis García Jr.,0.7007978538507126,1,0,0.2992021461492874,5.0,,16,6,0
2026-07-05,822879,h1,batter,Kevin McGonigle,0.7147094800707453,1,0,0.2852905199292547,5.0,,9,3,0
2026-07-05,822879,h1,batter,Dillon Dingler,0.703755191272688,1,0,0.29624480872731196,5.0,,9,3,0
2026-07-05,823931,h1,batter,Freddie Freeman,0.7009709714271226,0,1,-0.7009709714271226,4.0,,7,3,0
2026-07-05,823931,h1,batter,Mookie Betts,0.7010691201057773,0,1,-0.7010691201057773,4.0,,7,3,0
2026-07-05,824012,h1,batter,Ceddanne Rafaela,0.7093902135350058,1,0,0.29060978646499425,5.0,,9,7,0
2026-07-05,824091,h1,batter,Bobby Witt Jr.,0.718796571099125,1,0,0.281203428900875,4.0,,7,3,0
2026-07-05,824091,h1,batter,Trea Turner,0.727787011420689,0,1,-0.727787011420689,4.0,,7,3,0
2026-07-05,824092,h1,batter,Bobby Witt Jr.,0.7010892651425803,0,1,-0.7010892651425803,4.0,,7,5,0
2026-07-05,824092,h1,batter,Alec Bohm,0.7068090208761336,1,0,0.2931909791238664,5.0,,7,5,0
2026-07-05,824092,h1,batter,Trea Turner,0.7480506946517028,1,0,0.2519493053482972,5.0,,7,5,0
2026-07-05,824172,h1,batter,Chandler Simpson,0.7070103763591544,1,0,0.2929896236408456,4.0,,2,2,0
2026-07-05,824172,h1,batter,Yandy Díaz,0.7322443023085647,0,1,-0.7322443023085647,4.0,,2,2,0
2026-07-05,824333,h1,batter,Jake McCarthy,0.7523694077849393,1,0,0.24763059221506067,4.0,,13,1,0
2026-07-05,824333,h1,batter,TJ Rumfield,0.7085197362634885,1,0,0.2914802637365115,4.0,,13,1,0
2026-07-05,824333,h1,batter,Casey Schmitt,0.743956294273411,1,0,0.25604370572658897,5.0,,13,1,0
2026-07-05,824333,h1,batter,Heliot Ramos,0.7180596056701025,1,0,0.2819403943298975,5.0,,13,1,0
2026-07-05,824333,h1,batter,Jung Hoo Lee,0.7608078752520768,1,0,0.23919212474792317,5.0,,13,1,0
2026-07-05,824333,h1,batter,Rafael Devers,0.7015507014523055,1,0,0.29844929854769453,5.0,,13,1,0
2026-07-05,824333,h1,batter,Luis Arraez,0.8284301400014943,0,1,-0.8284301400014943,5.0,,13,1,0
2026-07-05,824334,h1,batter,Casey Schmitt,0.7144463818641988,1,0,0.28555361813580116,5.0,,10,2,0
2026-07-05,824334,h1,batter,Heliot Ramos,0.7167240719628585,1,0,0.2832759280371415,5.0,,10,2,0
2026-07-05,824334,h1,batter,Jung Hoo Lee,0.7412817059487504,1,0,0.2587182940512496,5.0,,10,2,0
2026-07-05,824334,h1,batter,Luis Arraez,0.8044042632797036,1,0,0.1955957367202964,5.0,,10,2,0
2026-07-05,824656,h1,batter,Alex Bregman,0.7018944244293127,1,0,0.2981055755706873,4.0,,10,2,0
2026-07-05,824656,h1,batter,Pete Crow-Armstrong,0.7258284314894003,1,0,0.27417156851059965,5.0,,10,2,0
2026-07-05,824656,h1,batter,Nico Hoerner,0.7054167974802825,1,0,0.2945832025197175,4.0,,10,2,0
2026-07-05,824656,h1,batter,JJ Wetherholt,0.7231791814591172,1,0,0.2768208185408828,4.0,,10,2,0
2026-07-05,824656,h1,batter,Alec Burleson,0.7268523304175561,1,0,0.27314766958244385,4.0,,10,2,0
2026-07-05,824656,h1,batter,Iván Herrera,0.7008105455260593,0,1,-0.7008105455260593,4.0,,10,2,0
2026-07-05,824658,h1,batter,Pete Crow-Armstrong,0.7242773772713339,1,0,0.2757226227286661,4.0,,3,3,0
2026-07-05,824658,h1,batter,Nico Hoerner,0.7033067413657792,1,0,0.2966932586342208,4.0,,3,3,0
2026-07-05,824658,h1,batter,JJ Wetherholt,0.7045410522130304,1,0,0.2954589477869696,5.0,,3,3,0
2026-07-05,824902,h1,batter,Bo Bichette,0.7330169008635143,1,0,0.26698309913648566,5.0,,19,1,0
2026-07-05,824980,h1,batter,Otto Lopez,0.7290617695924404,1,0,0.2709382304075596,6.0,,17,1,0
2026-07-05,824983,h1,batter,Xavier Edwards,0.7072158191737568,1,0,0.29278418082624325,5.0,,9,5,0
2026-07-05,824983,h1,batter,Liam Hicks,0.7022092151988992,1,0,0.29779078480110077,5.0,,9,5,0
2026-07-05,824983,h1,batter,Otto Lopez,0.7334690240702149,1,0,0.26653097592978514,5.0,,9,5,0
2026-07-05,825061,h1,batter,Jackson Chourio,0.7328915363364076,1,0,0.2671084636635924,4.0,,5,1,0
2026-07-05,825061,h1,batter,Brice Turang,0.7241115164206494,1,0,0.2758884835793506,4.0,,5,1,0
2026-07-05,825063,h1,batter,Brice Turang,0.7222744611067634,1,0,0.2777255388932366,5.0,,7,1,0
2026-07-06,822712,h1,batter,Luis García Jr.,0.71896330130944,1,0,0.28103669869056,5.0,,23,1,0
2026-07-06,822712,h1,batter,Isaac Paredes,0.7146527578407393,0,1,-0.7146527578407393,5.0,,23,1,0
2026-07-06,822712,h1,batter,Jose Altuve,0.7417658501721152,1,0,0.25823414982788484,5.0,,23,1,0
2026-07-06,822712,h1,batter,Yordan Alvarez,0.7230942046154901,1,0,0.2769057953845099,5.0,,23,1,0
2026-07-06,823036,h1,batter,Jackson Chourio,0.7099532968783397,0,1,-0.7099532968783397,5.0,,7,1,0
2026-07-06,824010,h1,batter,Ceddanne Rafaela,0.7073145830782259,1,0,0.2926854169217741,5.0,,12,2,0
2026-07-06,824089,h1,batter,Bobby Witt Jr.,0.7130544271086809,1,0,0.28694557289131906,4.0,,16,14,0
2026-07-06,824089,h1,batter,Alec Bohm,0.7084530367940679,1,0,0.2915469632059321,5.0,,16,14,0
2026-07-06,824089,h1,batter,Trea Turner,0.7406717454092064,1,0,0.25932825459079356,4.0,,16,14,0
2026-07-06,824900,h1,batter,Bo Bichette,0.7108494650698606,1,0,0.2891505349301394,5.0,,13,1,1
2026-07-07,823205,h1,batter,Luis Arraez,0.7404919786630395,1,0,0.2595080213369605,5.0,,11,9,0
2026-07-07,823205,h1,batter,Ernie Clement,0.7057220121000005,1,0,0.2942779878999995,4.0,,11,9,0
2026-07-07,823282,h1,batter,Ketel Marte,0.7110889454480044,1,0,0.2889110545519956,4.0,,8,8,0
2026-07-07,823282,h1,batter,Geraldo Perdomo,0.700477174536054,1,0,0.29952282546394604,5.0,,8,8,0
2026-07-07,823361,h1,batter,Jake Mangum,0.7037648083638758,1,0,0.2962351916361242,5.0,,16,8,0
2026-07-07,823607,h1,batter,Bo Bichette,0.7264009429684417,1,0,0.2735990570315583,5.0,,28,4,0
2026-07-07,823607,h1,batter,Bobby Witt Jr.,0.7216507101709552,1,0,0.27834928982904483,7.0,,28,4,0
2026-07-07,823930,h1,batter,Freddie Freeman,0.7253411232239954,1,0,0.27465887677600465,5.0,,15,1,1
2026-07-07,823930,h1,batter,Shohei Ohtani,0.713989772628732,1,0,0.286010227371268,5.0,,15,1,1
2026-07-07,823930,h1,batter,Andy Pages,0.7240846679694752,0,1,-0.7240846679694752,5.0,,15,1,1
2026-07-07,823930,h1,batter,Mookie Betts,0.7266938570134226,0,1,-0.7266938570134226,5.0,,15,1,1
2026-07-07,824495,h1,batter,Alec Bohm,0.7205191878528854,0,1,-0.7205191878528854,4.0,,5,3,0
2026-07-07,824495,h1,batter,Trea Turner,0.7541954584256126,1,0,0.24580454157438736,5.0,,5,3,0
2026-07-07,824820,h1,batter,Pete Crow-Armstrong,0.7015329455389612,1,0,0.2984670544610388,5.0,,7,3,0
2026-07-08,823032,h1,batter,Jackson Chourio,0.7332911107814674,0,1,-0.7332911107814674,4.0,,6,4,0
2026-07-08,823202,h1,batter,Ernie Clement,0.7157391669651674,1,0,0.2842608330348326,5.0,,10,10,0
2026-07-08,823203,h1,batter,Luis Arraez,0.7314991666625563,1,0,0.2685008333374437,4.0,,12,6,0
2026-07-08,823203,h1,batter,Ernie Clement,0.7143542782640784,1,0,0.2856457217359216,5.0,,12,6,0
2026-07-08,823280,h1,batter,Ketel Marte,0.7334506117897598,1,0,0.2665493882102402,4.0,,5,3,0
2026-07-08,823280,h1,batter,Geraldo Perdomo,0.7234321421054496,0,1,-0.7234321421054496,4.0,,5,3,0
2026-07-08,823360,h1,batter,Jake Mangum,0.7008006204277082,0,1,-0.7008006204277082,4.0,,3,3,0
2026-07-08,823605,h1,batter,Bo Bichette,0.700991244534625,1,0,0.299008755465375,5.0,,8,4,0
2026-07-08,823605,h1,batter,Bobby Witt Jr.,0.7149627433459722,1,0,0.2850372566540278,5.0,,8,4,0
2026-07-08,823684,h1,batter,Brooks Lee,0.7025159463588099,1,0,0.2974840536411901,5.0,,11,1,0
2026-07-08,823848,h1,batter,Otto Lopez,0.7154245527531746,1,0,0.2845754472468254,4.0,,2,2,0
2026-07-08,823929,h1,batter,Freddie Freeman,0.7084123995326607,1,0,0.29158760046733934,5.0,,7,1,0
2026-07-08,823929,h1,batter,Andy Pages,0.7059538006468384,1,0,0.29404619935316156,5.0,,7,1,0
2026-07-08,824578,h1,batter,Ceddanne Rafaela,0.7137538770163867,1,0,0.2862461229836133,5.0,,5,5,0
2026-07-08,824815,h1,batter,Pete Crow-Armstrong,0.7096424510050877,1,0,0.2903575489949123,5.0,,16,2,0
2026-07-09,822954,h1,batter,Yandy Díaz,0.7173986744487891,1,0,0.28260132555121087,4.0,,16,8,0
2026-07-09,823034,h1,batter,Jackson Chourio,0.7277830419964816,1,0,0.2722169580035184,5.0,,12,4,0
2026-07-09,823034,h1,batter,Brice Turang,0.7018154324293149,1,0,0.2981845675706851,5.0,,12,4,0
2026-07-09,823359,h1,batter,Jake Mangum,0.7246982010162379,1,0,0.27530179898376206,5.0,,15,5,0
2026-07-09,823359,h1,batter,Michael Harris II,0.7251816739374644,1,0,0.27481832606253564,6.0,,15,5,0
2026-07-09,823359,h1,batter,Ozzie Albies,0.7134634213590036,1,0,0.28653657864099635,5.0,,15,5,0
2026-07-09,823606,h1,batter,Bo Bichette,0.7329153709904539,0,1,-0.7329153709904539,4.0,,10,4,0
2026-07-09,823606,h1,batter,Bobby Witt Jr.,0.708093072032529,1,0,0.291906927967471,4.0,,10,4,0
2026-07-09,823846,h1,batter,Otto Lopez,0.7023546489442917,1,0,0.29764535105570833,5.0,,12,4,0
2026-07-09,823846,h1,batter,Josh Naylor,0.7053503608871968,1,0,0.2946496391128032,4.0,,12,4,0
2026-07-09,823928,h1,batter,Jake McCarthy,0.7125987895871276,1,0,0.28740121041287237,4.0,,7,1,0
2026-07-09,824494,h1,batter,Alec Bohm,0.702805969550881,0,1,-0.702805969550881,4.0,,1,1,0
2026-07-09,824494,h1,batter,Trea Turner,0.7486616589373332,0,1,-0.7486616589373332,4.0,,1,1,0
2026-07-09,824577,h1,batter,Ceddanne Rafaela,0.7161193224066013,0,1,-0.7161193224066013,4.0,,3,1,0
2026-07-09,824816,h1,batter,Pete Crow-Armstrong,0.7191182191613996,1,0,0.2808817808386004,4.0,,5,1,0
2026-07-09,824816,h1,batter,Nico Hoerner,0.7016417270068375,1,0,0.29835827299316253,4.0,,5,1,0
2026-07-10,822955,h1,batter,Yandy Díaz,0.7006442567362595,0,1,-0.7006442567362595,5.0,,9,5,0
2026-07-10,823201,h1,batter,Luis Arraez,0.7648295996797876,1,0,0.2351704003202124,5.0,,10,6,0
2026-07-10,823201,h1,batter,Jake McCarthy,0.718000849960906,0,1,-0.718000849960906,4.0,,10,6,0
2026-07-10,823277,h1,batter,Ketel Marte,0.7041412915060643,0,1,-0.7041412915060643,4.0,,4,2,0
2026-07-10,823845,h1,batter,Otto Lopez,0.7146412220798337,0,1,-0.7146412220798337,4.0,,5,1,0
2026-07-10,824817,h1,batter,Bobby Witt Jr.,0.7421937772757161,1,0,0.2578062227242839,4.0,,8,2,0
2026-07-11,822875,h1,batter,Jeremy Peña,0.742796443205933,1,0,0.25720355679406703,5.0,,12,6,0
2026-07-11,822878,h1,batter,Isaac Paredes,0.7058765119664132,0,1,-0.7058765119664132,4.0,,10,4,0
2026-07-11,822878,h1,batter,Jeremy Peña,0.7628692562291551,1,0,0.23713074377084487,4.0,,10,4,0
2026-07-11,822878,h1,batter,Yordan Alvarez,0.7130139971891569,1,0,0.2869860028108431,4.0,,10,4,0
2026-07-11,823030,h1,batter,Michael Harris II,0.7208789301837887,1,0,0.2791210698162113,4.0,,5,3,0
2026-07-11,823030,h1,batter,Ozzie Albies,0.7074803819100761,0,1,-0.7074803819100761,4.0,,5,3,0
2026-07-11,823033,h1,batter,Michael Harris II,0.7166638182578632,0,1,-0.7166638182578632,4.0,,3,1,0
2026-07-11,823033,h1,batter,Ozzie Albies,0.7018513056482476,0,1,-0.7018513056482476,4.0,,3,1,0
2026-07-11,823198,h1,batter,Heliot Ramos,0.7031914062420744,1,0,0.29680859375792557,4.0,,6,2,0
2026-07-11,823198,h1,batter,Luis Arraez,0.7825867769132427,1,0,0.21741322308675726,4.0,,6,2,0
2026-07-11,823198,h1,batter,Jake McCarthy,0.7128888942592252,1,0,0.2871111057407748,4.0,,6,2,0
2026-07-11,823200,h1,batter,Luis Arraez,0.7775195228651078,1,0,0.22248047713489216,5.0,,7,1,0
2026-07-11,823278,h1,batter,Ernie Clement,0.7275260984472431,1,0,0.27247390155275686,5.0,,8,2,0
2026-07-11,823356,h1,batter,Jackson Chourio,0.7024549471438578,1,0,0.2975450528561422,5.0,,5,1,0
2026-07-11,823357,h1,batter,Jake Mangum,0.7000214748883276,1,0,0.29997852511167244,4.0,,13,1,0
2026-07-11,823844,h1,batter,Otto Lopez,0.7095593199792728,0,1,-0.7095593199792728,4.0,,5,3,0
2026-07-11,824249,h1,batter,Trea Turner,0.7305732004368114,0,1,-0.7305732004368114,4.0,,6,2,0
2026-07-11,824492,h1,batter,Pete Crow-Armstrong,0.7207915384545241,0,1,-0.7207915384545241,5.0,,8,2,0
2026-07-11,824492,h1,batter,Nico Hoerner,0.7034168113645055,0,1,-0.7034168113645055,4.0,,8,2,0
2026-07-11,824576,h1,batter,Jacob Wilson,0.7086391681371532,1,0,0.2913608318628468,4.0,,1,1,0
2026-07-12,822876,h1,batter,Jeremy Peña,0.7207348387661178,0,1,-0.7207348387661178,5.0,,11,1,0
2026-07-12,822951,h1,batter,Chandler Simpson,0.7027821600484585,0,1,-0.7027821600484585,4.0,,10,6,0
2026-07-12,822951,h1,batter,Yandy Díaz,0.7138669964348773,1,0,0.2861330035651227,4.0,,10,6,0
2026-07-12,823199,h1,batter,Luis Arraez,0.770459467955217,0,1,-0.770459467955217,4.0,,4,2,0
2026-07-12,823199,h1,batter,Jake McCarthy,0.7162364555595396,1,0,0.28376354444046037,4.0,,4,2,0
2026-07-12,823274,h1,batter,Ernie Clement,0.7498068359352831,1,0,0.2501931640647169,5.0,,9,1,0
2026-07-12,823274,h1,batter,Nathan Lukes,0.7023036670738195,1,0,0.2976963329261805,3.0,,9,1,0
2026-07-12,823274,h1,batter,Vladimir Guerrero Jr.,0.7059053390408044,0,1,-0.7059053390408044,5.0,,9,1,0
2026-07-12,823276,h1,batter,Ernie Clement,0.7329246819746751,1,0,0.2670753180253249,5.0,,15,1,0
2026-07-12,823358,h1,batter,Jake Mangum,0.7189699387720186,1,0,0.28103006122798135,5.0,,19,9,0
2026-07-12,824491,h1,batter,Alex Bregman,0.7022588183920919,1,0,0.2977411816079081,5.0,,12,4,0
2026-07-12,824491,h1,batter,Pete Crow-Armstrong,0.7300791197596083,1,0,0.26992088024039174,5.0,,12,4,0
2026-07-12,824491,h1,batter,Nico Hoerner,0.7143164960502674,0,1,-0.7143164960502674,4.0,,12,4,0
2026-07-12,824574,h1,batter,Sam Antonacci,0.7023973967656515,1,0,0.2976026032343485,5.0,,10,8,0
2026-07-12,824574,h1,batter,Jacob Wilson,0.7287303025132547,1,0,0.27126969748674534,4.0,,10,8,0
2026-07-12,824814,h1,batter,Bobby Witt Jr.,0.7209278605742886,1,0,0.2790721394257114,5.0,,10,6,0
2026-07-16,823440,h1,batter,Trea Turner,0.7194826000924919,1,0,0.2805173999075081,4.0,,5,3,0
2026-07-16,823440,h1,batter,Bo Bichette,0.7148360785161499,0,1,-0.7148360785161499,4.0,,5,3,0
2026-07-17,822789,h1,batter,Ernie Clement,0.7339439251484974,1,0,0.2660560748515026,5.0,,16,8,0
2026-07-17,822789,h1,batter,Vladimir Guerrero Jr.,0.7005079358468745,1,0,0.29949206415312546,4.0,,16,8,0
2026-07-17,823766,h1,batter,Jackson Chourio,0.710688205434947,0,1,-0.710688205434947,5.0,,3,1,1
2026-07-17,824737,h1,batter,Ceddanne Rafaela,0.7093674140072935,1,0,0.29063258599270647,4.0,,8,2,0
2026-07-17,824737,h1,batter,Yandy Díaz,0.7286811580981919,0,1,-0.7286811580981919,4.0,,8,2,0
2026-07-17,824766,h1,batter,Chandler Simpson,0.7153428336296566,0,1,-0.7153428336296566,3.0,,10,10,0
2026-07-17,824766,h1,batter,Yandy Díaz,0.7382483123606612,0,1,-0.7382483123606612,4.0,,10,10,0
2026-07-17,824766,h1,batter,Junior Caminero,0.7006131453077767,1,0,0.29938685469222326,4.0,,10,10,0
2026-07-17,824901,h1,batter,Michael Harris II,0.7070560532475942,1,0,0.29294394675240576,6.0,,16,14,0
2026-07-17,824901,h1,batter,Drake Baldwin,0.7018912195335869,1,0,0.2981087804664131,5.0,,16,14,0
2026-07-17,824901,h1,batter,Ozzie Albies,0.7244786085674554,1,0,0.2755213914325446,5.0,,16,14,0
2026-07-18,822790,h1,batter,Ernie Clement,0.7362946926543628,0,1,-0.7362946926543628,4.0,,1,1,0
2026-07-18,822790,h1,batter,Sam Antonacci,0.7058132450368096,0,1,-0.7058132450368096,4.0,,1,1,0
2026-07-18,823115,h1,batter,Luis Arraez,0.7401813924203317,1,0,0.25981860757966835,5.0,,7,7,0
2026-07-18,823441,h1,batter,Trea Turner,0.7117769434466855,1,0,0.2882230565533145,5.0,,7,5,0
2026-07-18,823763,h1,batter,Otto Lopez,0.7234555898756575,1,0,0.2765444101243425,5.0,,14,2,0
2026-07-18,824088,h1,batter,Bobby Witt Jr.,0.727701658563405,0,1,-0.727701658563405,4.0,,7,5,0
2026-07-18,824088,h1,batter,Jackson Merrill,0.7077005573412868,0,1,-0.7077005573412868,4.0,,7,5,0
2026-07-18,824088,h1,batter,Fernando Tatis Jr.,0.7094452336336615,1,0,0.2905547663663385,4.0,,7,5,0
2026-07-18,824090,h1,batter,Jackson Merrill,0.7040911995713336,0,1,-0.7040911995713336,5.0,,13,1,1
2026-07-18,824090,h1,batter,Fernando Tatis Jr.,0.7074546875585999,1,0,0.29254531244140014,5.0,,13,1,1
2026-07-18,824169,h1,batter,Jeremy Peña,0.7256019726776124,1,0,0.2743980273223876,2.0,,6,2,1
2026-07-18,824170,h1,batter,Jeremy Peña,0.7182649634499749,1,0,0.2817350365500251,5.0,,5,1,0
2026-07-18,824331,h1,batter,Jake McCarthy,0.7548773340955903,1,0,0.24512266590440968,5.0,,13,7,0
2026-07-18,824331,h1,batter,TJ Rumfield,0.7065961443096997,1,0,0.29340385569030025,5.0,,13,7,0
2026-07-18,824331,h1,batter,Elly De La Cruz,0.7512725473602366,1,0,0.24872745263976337,4.0,,13,7,0
2026-07-18,824331,h1,batter,Sal Stewart,0.7509690434278992,0,1,-0.7509690434278992,4.0,,13,7,0
2026-07-18,824331,h1,batter,Spencer Steer,0.7159951753580822,1,0,0.2840048246419178,4.0,,13,7,0
2026-07-18,824332,h1,batter,Jake McCarthy,0.7519681317618717,1,0,0.24803186823812828,4.0,,9,5,0
2026-07-18,824332,h1,batter,TJ Rumfield,0.7067288846020834,1,0,0.2932711153979166,4.0,,9,5,0
2026-07-18,824332,h1,batter,Elly De La Cruz,0.7113276469300631,1,0,0.2886723530699369,5.0,,9,5,0
2026-07-18,824332,h1,batter,Sal Stewart,0.7090789261998851,1,0,0.2909210738001149,5.0,,9,5,0
2026-07-18,824412,h1,batter,Jake Mangum,0.7383457087675591,1,0,0.2616542912324409,5.0,,8,2,0
2026-07-18,824412,h1,batter,Nick Gonzales,0.7197099534365268,1,0,0.2802900465634732,4.0,,8,2,0
2026-07-18,824655,h1,batter,Pete Crow-Armstrong,0.7005189380942287,0,1,-0.7005189380942287,4.0,,7,3,0
2026-07-18,824738,h1,batter,Chandler Simpson,0.7197574241578154,1,0,0.2802425758421846,4.0,,13,1,0
2026-07-18,824738,h1,batter,Yandy Díaz,0.7305610767703051,1,0,0.26943892322969487,5.0,,13,1,0
2026-07-18,824981,h1,batter,Jacob Wilson,0.7192852961156492,1,0,0.2807147038843508,3.0,,27,19,0
2026-07-18,825059,h1,batter,JJ Wetherholt,0.7126985174015097,1,0,0.2873014825984903,5.0,,8,2,0
2026-07-18,825059,h1,batter,Alec Burleson,0.7110234519059031,1,0,0.2889765480940969,4.0,,8,2,0
2026-07-18,825060,h1,batter,Ketel Marte,0.7280351671776979,1,0,0.2719648328223021,5.0,,9,1,0
2026-07-18,825060,h1,batter,Geraldo Perdomo,0.7191064376315219,0,1,-0.7191064376315219,4.0,,9,1,0
2026-07-18,825060,h1,batter,JJ Wetherholt,0.7132315975333896,1,0,0.2867684024666104,5.0,,9,1,0
2026-07-18,825060,h1,batter,Alec Burleson,0.7114494998590378,1,0,0.2885505001409622,5.0,,9,1,0
2026-07-19,822786,h1,batter,Ernie Clement,0.7102498508919644,1,0,0.28975014910803565,4.0,,3,3,0
2026-07-19,823113,h1,batter,Luis Arraez,0.7178433162638835,1,0,0.28215668373611646,4.0,,9,3,0
2026-07-19,823116,h1,batter,Luis Arraez,0.7390941343868037,1,0,0.2609058656131963,5.0,,7,1,1
2026-07-19,823439,h1,batter,Bo Bichette,0.7064905540790842,1,0,0.29350944592091577,6.0,,7,5,0
2026-07-19,823764,h1,batter,Xavier Edwards,0.729173046165729,1,0,0.270826953834271,4.0,,4,2,0
2026-07-19,824007,h1,batter,Kevin McGonigle,0.704767092854609,1,0,0.29523290714539097,4.0,,5,1,0
2026-07-19,824086,h1,batter,Carter Jensen,0.7025465616758376,1,0,0.2974534383241624,4.0,,21,17,0
2026-07-19,824086,h1,batter,Fernando Tatis Jr.,0.7060844665998358,1,0,0.2939155334001642,5.0,,21,17,0
2026-07-19,824168,h1,batter,Jose Altuve,0.7091569956314463,1,0,0.2908430043685537,4.0,,7,3,0
2026-07-19,824330,h1,batter,Jake McCarthy,0.706972602038301,1,0,0.29302739796169897,4.0,,15,3,0
2026-07-19,824330,h1,batter,Elly De La Cruz,0.7348557132013311,1,0,0.26514428679866886,5.0,,15,3,0
2026-07-19,824330,h1,batter,Sal Stewart,0.7297358651236469,1,0,0.27026413487635315,5.0,,15,3,0
2026-07-19,824653,h1,batter,Pete Crow-Armstrong,0.7012322929637226,1,0,0.2987677070362774,4.0,,11,9,0
2026-07-19,824653,h1,batter,Nico Hoerner,0.7036569335385772,1,0,0.29634306646142283,5.0,,11,9,0
2026-07-19,824739,h1,batter,Chandler Simpson,0.7042977552510957,1,0,0.2957022447489043,4.0,,7,5,0
2026-07-19,824739,h1,batter,Yandy Díaz,0.7141481663686178,0,1,-0.7141481663686178,5.0,,7,5,0
2026-07-19,824978,h1,batter,Jacob Wilson,0.7156658558846573,1,0,0.28433414411534275,5.0,,7,3,0
2026-07-19,824979,h1,batter,Jacob Wilson,0.7532160870141105,1,0,0.24678391298588953,6.0,,16,14,0
2026-07-19,824979,h1,batter,Luis García Jr.,0.7121578350130618,0,1,-0.7121578350130618,4.0,,16,14,0
2026-07-19,825057,h1,batter,Ketel Marte,0.7259112383754355,1,0,0.2740887616245645,5.0,,15,1,1
2026-07-19,825057,h1,batter,Geraldo Perdomo,0.7154079760177848,1,0,0.28459202398221517,5.0,,15,1,1
2026-07-19,825057,h1,batter,JJ Wetherholt,0.716638610258271,1,0,0.283361389741729,6.0,,15,1,1
2026-07-20,822788,h1,batter,Ernie Clement,0.7480173045925025,1,0,0.2519826954074975,4.0,,8,6,0
2026-07-20,822788,h1,batter,Vladimir Guerrero Jr.,0.7034775130126114,0,1,-0.7034775130126114,4.0,,8,6,0
2026-07-20,823522,h1,batter,Nick Gonzales,0.7165550848561628,1,0,0.2834449151438372,5.0,,13,3,0
2026-07-20,824087,h1,batter,Bobby Witt Jr.,0.7216763755703866,0,1,-0.7216763755703866,2.0,,7,1,0
2026-07-20,824087,h1,batter,Luis Arraez,0.7861707349783275,0,1,-0.7861707349783275,4.0,,7,1,0
2026-07-20,824736,h1,batter,Ceddanne Rafaela,0.7052411877132396,1,0,0.2947588122867604,4.0,,11,1,0
2026-07-20,824898,h1,batter,Drake Baldwin,0.704460481156179,0,1,-0.704460481156179,4.0,,5,1,0
2026-07-20,824898,h1,batter,Ozzie Albies,0.7128608043291429,1,0,0.2871391956708571,4.0,,5,1,0
2026-07-20,824898,h1,batter,Jackson Merrill,0.7113141052510701,0,1,-0.7113141052510701,4.0,,5,1,0
2026-07-20,824898,h1,batter,Fernando Tatis Jr.,0.7152554631095293,0,1,-0.7152554631095293,4.0,,5,1,0
2026-07-21,822787,h1,batter,Yandy Díaz,0.7149423643365099,1,0,0.28505763566349007,6.0,,14,10,0
2026-07-21,823437,h1,batter,Trea Turner,0.7337268377608948,1,0,0.26627316223910524,4.0,,3,1,0
2026-07-21,824167,h1,batter,Jeremy Peña,0.7391189570405006,1,0,0.26088104295949943,4.0,,13,3,0
2026-07-21,824328,h1,batter,Jake McCarthy,0.744322802954968,1,0,0.255677197045032,4.0,,10,4,0
2026-07-21,824328,h1,batter,CJ Abrams,0.7467047194208444,1,0,0.2532952805791556,5.0,,10,4,0
2026-07-21,824328,h1,batter,Dylan Crews,0.7008630957156586,0,1,-0.7008630957156586,4.0,,10,4,0
2026-07-21,824328,h1,batter,Curtis Mead,0.7299009974898271,1,0,0.27009900251017294,5.0,,10,4,0
2026-07-21,824328,h1,batter,James Wood,0.7266719451576331,1,0,0.2733280548423669,5.0,,10,4,0
2026-07-21,824328,h1,batter,Luis García Jr.,0.7243642441407019,1,0,0.2756357558592981,4.0,,10,4,0
2026-07-21,824654,h1,batter,Kevin McGonigle,0.717365878651964,1,0,0.282634121348036,6.0,,14,2,1
2026-07-21,824895,h1,batter,Drake Baldwin,0.7053484717734079,0,1,-0.7053484717734079,5.0,,11,5,0
2026-07-21,824895,h1,batter,Ozzie Albies,0.7120558619297372,0,1,-0.7120558619297372,5.0,,11,5,0
2026-07-21,825058,h1,batter,Ketel Marte,0.7150909312112853,1,0,0.2849090687887147,4.0,,7,3,0
2026-07-21,825058,h1,batter,Geraldo Perdomo,0.7071680769603577,1,0,0.29283192303964234,4.0,,7,3,0
2026-07-21,825058,h1,batter,Jacob Wilson,0.7389067032169866,1,0,0.2610932967830134,5.0,,7,3,0
2026-07-22,822871,h1,batter,Sam Antonacci,0.72048763961139,0,1,-0.72048763961139,4.0,,10,10,0
2026-07-22,823438,h1,batter,Trea Turner,0.7364486491728363,0,1,-0.7364486491728363,5.0,,14,4,0
2026-07-22,823518,h1,batter,Jake Mangum,0.7155021654141934,1,0,0.2844978345858066,5.0,,8,2,1
2026-07-22,823519,h1,batter,Nick Gonzales,0.7152888743915999,1,0,0.28471112560840006,4.0,,2,2,0
2026-07-22,824083,h1,batter,Luis Arraez,0.778910375844455,0,1,-0.778910375844455,4.0,,9,1,0
2026-07-22,824165,h1,batter,Jeremy Peña,0.7305971448926663,1,0,0.26940285510733375,4.0,,8,2,0
2026-07-22,824165,h1,batter,Otto Lopez,0.7148042894006171,0,1,-0.7148042894006171,5.0,,8,2,0
2026-07-22,824327,h1,batter,Jake McCarthy,0.7483809640404292,1,0,0.2516190359595708,5.0,,8,8,0
2026-07-22,824327,h1,batter,CJ Abrams,0.7055126511916568,1,0,0.29448734880834315,5.0,,8,8,0
2026-07-22,824327,h1,batter,Luis García Jr.,0.7417690246331393,1,0,0.2582309753668607,5.0,,8,8,0
2026-07-22,824329,h1,batter,Jake McCarthy,0.759504927370441,1,0,0.24049507262955905,5.0,,15,1,0
2026-07-22,824329,h1,batter,Cole Carrigg,0.7067035330755534,1,0,0.29329646692444655,5.0,,15,1,0
2026-07-22,824329,h1,batter,TJ Rumfield,0.7004761655164566,1,0,0.29952383448354336,4.0,,15,1,0
2026-07-22,824329,h1,batter,CJ Abrams,0.7350637114131479,1,0,0.26493628858685214,4.0,,15,1,0
2026-07-22,824329,h1,batter,Daylen Lile,0.7220025736349097,1,0,0.2779974263650903,4.0,,15,1,0
2026-07-22,824329,h1,batter,James Wood,0.7127602222551098,1,0,0.2872397777448902,5.0,,15,1,0
2026-07-22,824329,h1,batter,Keibert Ruiz,0.7114830170004164,0,1,-0.7114830170004164,4.0,,15,1,0
2026-07-22,824329,h1,batter,Luis García Jr.,0.7664709214248546,1,0,0.23352907857514538,5.0,,15,1,0
2026-07-22,824408,h1,batter,Steven Kwan,0.7064543477958134,1,0,0.2935456522041866,5.0,,16,4,0
2026-07-22,824408,h1,batter,Brooks Lee,0.7007447405305511,1,0,0.29925525946944886,5.0,,16,4,0
2026-07-22,824652,h1,batter,Kevin McGonigle,0.7038725983806333,1,0,0.2961274016193667,3.0,,13,9,0
2026-07-22,824735,h1,batter,Ceddanne Rafaela,0.7102572167706934,1,0,0.2897427832293066,4.0,,9,3,0
2026-07-22,824735,h1,batter,Masataka Yoshida,0.7162459549077242,1,0,0.28375404509227575,4.0,,9,3,0
2026-07-22,824896,h1,batter,Fernando Tatis Jr.,0.7145149321899621,1,0,0.2854850678100379,5.0,,13,1,0
2026-07-22,825055,h1,batter,Jacob Wilson,0.7521653946287226,1,0,0.24783460537127744,4.0,,20,10,0
2026-07-22,825056,h1,batter,Jacob Wilson,0.7578895460261011,1,0,0.24211045397389885,5.0,,11,1,1
2026-07-23,822785,h1,batter,Ernie Clement,0.7111495298243339,1,0,0.2888504701756661,4.0,,4,2,0
2026-07-23,822785,h1,batter,Chandler Simpson,0.701748171780718,0,1,-0.701748171780718,3.0,,4,2,0
2026-07-23,822785,h1,batter,Yandy Díaz,0.7177073018788179,1,0,0.2822926981211821,4.0,,4,2,0
2026-07-23,822873,h1,batter,Sam Antonacci,0.7243553867245422,0,1,-0.7243553867245422,4.0,,6,2,0
2026-07-23,823042,h1,batter,Geraldo Perdomo,0.7146071676309693,0,1,-0.7146071676309693,5.0,,16,4,0
2026-07-23,824166,h1,batter,Jeremy Peña,0.7283188129657551,1,0,0.27168118703424493,4.0,,7,3,0
2026-07-23,824166,h1,batter,Otto Lopez,0.7293946747370279,1,0,0.2706053252629721,4.0,,7,3,0
2026-07-23,824650,h1,batter,Pete Crow-Armstrong,0.7055487353314156,0,1,-0.7055487353314156,4.0,,6,4,0
2026-07-23,824650,h1,batter,Nico Hoerner,0.7134597060566669,0,1,-0.7134597060566669,4.0,,6,4,0
2026-07-23,824650,h1,batter,Kevin McGonigle,0.7224713763793199,1,0,0.2775286236206801,4.0,,6,4,0
2026-07-23,824650,h1,batter,Dillon Dingler,0.7065663519831373,1,0,0.29343364801686267,4.0,,6,4,0
2026-07-24,822707,h1,batter,Ketel Marte,0.7161822725009188,1,0,0.2838177274990812,5.0,,5,1,0
2026-07-24,822707,h1,batter,Geraldo Perdomo,0.7006886787278596,0,1,-0.7006886787278596,5.0,,5,1,0
2026-07-24,823352,h1,batter,Jake Mangum,0.7090696255981473,1,0,0.29093037440185265,5.0,,5,1,1
2026-07-24,823759,h1,batter,Jackson Chourio,0.7379149786364639,1,0,0.26208502136353606,4.0,,7,3,0
2026-07-24,823759,h1,batter,Christian Yelich,0.7136444728491521,1,0,0.2863555271508479,5.0,,7,3,0
2026-07-24,823759,h1,batter,Brice Turang,0.7212295875920584,1,0,0.27877041240794165,4.0,,7,3,0
2026-07-24,823759,h1,batter,Jake McCarthy,0.7105783713106598,1,0,0.2894216286893402,5.0,,7,3,0
2026-07-24,823843,h1,batter,Xavier Edwards,0.7174991651993106,1,0,0.28250083480068944,4.0,,6,2,0
2026-07-24,823843,h1,batter,Otto Lopez,0.7550369081638048,1,0,0.24496309183619525,5.0,,6,2,0
2026-07-24,823843,h1,batter,Fernando Tatis Jr.,0.7063187172627454,0,1,-0.7063187172627454,5.0,,6,2,0
2026-07-24,824573,h1,batter,Jeremy Peña,0.7394501431623052,1,0,0.2605498568376948,6.0,,14,4,0
2026-07-24,824733,h1,batter,Ernie Clement,0.7439576927712627,0,1,-0.7439576927712627,5.0,,10,2,0
2026-07-24,824733,h1,batter,Vladimir Guerrero Jr.,0.7029966420731936,1,0,0.29700335792680643,5.0,,10,2,0
2026-07-24,824812,h1,batter,Ozzie Albies,0.705776940336446,1,0,0.294223059663554,5.0,,13,1,1
2026-07-25,822948,h1,batter,José Ramírez,0.7168779113090198,1,0,0.2831220886909802,4.0,,3,3,0
2026-07-25,822948,h1,batter,Steven Kwan,0.7277781085922144,1,0,0.27222189140778563,4.0,,3,3,0
2026-07-25,823031,h1,batter,Alec Burleson,0.7006953357812705,0,1,-0.7006953357812705,4.0,,6,2,0
2026-07-25,823196,h1,batter,Luis Arraez,0.7451360617760923,1,0,0.25486393822390774,5.0,,13,1,1
2026-07-25,823197,h1,batter,Luis Arraez,0.7608844580033292,1,0,0.23911554199667084,4.0,,11,7,0
2026-07-25,823355,h1,batter,Jake Mangum,0.7096345923500519,1,0,0.2903654076499481,4.0,,11,11,0
2026-07-25,823435,h1,batter,Trea Turner,0.720080387641972,1,0,0.279919612358028,4.0,,4,2,0
2026-07-25,823679,h1,batter,Jacob Wilson,0.7308544213272811,0,1,-0.7308544213272811,4.0,,2,2,0
2026-07-25,823680,h1,batter,Jacob Wilson,0.7479674321081782,0,1,-0.7479674321081782,4.0,,2,2,0
2026-07-25,823758,h1,batter,Jackson Chourio,0.7140696881813012,1,0,0.28593031181869877,5.0,,13,3,0
2026-07-25,823758,h1,batter,Jake McCarthy,0.7252468884733749,1,0,0.27475311152662507,5.0,,13,3,0
2026-07-25,823841,h1,batter,Xavier Edwards,0.7192357363380797,0,1,-0.7192357363380797,4.0,,9,5,0
2026-07-25,823841,h1,batter,Otto Lopez,0.7541845975623903,1,0,0.2458154024376097,4.0,,9,5,0
2026-07-25,824571,h1,batter,Jeremy Peña,0.7179863301959823,1,0,0.28201366980401765,4.0,,5,3,0
2026-07-25,824811,h1,batter,Michael Harris II,0.7038126390367577,1,0,0.2961873609632423,4.0,,5,1,0
2026-07-25,824811,h1,batter,Drake Baldwin,0.7071316955127162,1,0,0.29286830448728385,4.0,,5,1,0
2026-07-25,824811,h1,batter,Ozzie Albies,0.7119284502242683,1,0,0.2880715497757317,4.0,,5,1,0
2026-07-26,822706,h1,batter,Nolan Arenado,0.7020577495087054,0,1,-0.7020577495087054,5.0,,17,3,0
2026-07-26,822706,h1,batter,Ketel Marte,0.7180159700095194,1,0,0.28198402999048056,5.0,,17,3,0
2026-07-26,822706,h1,batter,Geraldo Perdomo,0.7410327314567677,1,0,0.25896726854323227,5.0,,17,3,0
2026-07-26,822706,h1,batter,Gabriel Moreno,0.731367240277862,1,0,0.26863275972213796,5.0,,17,3,0
2026-07-26,822706,h1,batter,Corbin Carroll,0.7287187559392927,1,0,0.2712812440607073,5.0,,17,3,0
2026-07-26,823194,h1,batter,Luis Arraez,0.7471014184036335,1,0,0.25289858159636647,5.0,,7,1,0
2026-07-26,823354,h1,batter,Jake Mangum,0.7295074822887636,1,0,0.2704925177112364,4.0,,15,1,0
2026-07-26,823433,h1,batter,Trea Turner,0.7208717384737833,1,0,0.2791282615262167,5.0,,15,7,0
2026-07-26,823678,h1,batter,Jacob Wilson,0.7345803043240221,0,1,-0.7345803043240221,5.0,,19,3,0
2026-07-26,823755,h1,batter,Jackson Chourio,0.7439011701966294,1,0,0.2560988298033706,5.0,,13,9,0
2026-07-26,823755,h1,batter,Brice Turang,0.731128053773831,1,0,0.26887194622616895,5.0,,13,9,0
2026-07-26,823840,h1,batter,Otto Lopez,0.735130291274686,0,1,-0.735130291274686,4.0,,8,2,0
2026-07-26,823840,h1,batter,Manny Machado,0.7083324419260968,1,0,0.2916675580739032,5.0,,8,2,0
2026-07-26,823840,h1,batter,Fernando Tatis Jr.,0.7244607815902584,0,1,-0.7244607815902584,5.0,,8,2,0
2026-07-26,824572,h1,batter,Jeremy Peña,0.753009163746102,1,0,0.24699083625389795,4.0,,15,9,0
2026-07-26,824572,h1,batter,Yordan Alvarez,0.7007407368354944,0,1,-0.7007407368354944,4.0,,15,9,0
2026-07-26,824730,h1,batter,Ceddanne Rafaela,0.7025006435400901,1,0,0.2974993564599099,4.0,,7,5,0
2026-07-26,824730,h1,batter,Masataka Yoshida,0.7078682163932543,0,1,-0.7078682163932543,3.0,,7,5,0
2026-07-26,824730,h1,batter,Vladimir Guerrero Jr.,0.7036282061356187,0,1,-0.7036282061356187,4.0,,7,5,0
2026-07-27,822705,h1,batter,Luis García Jr.,0.7085716948669566,1,0,0.2914283051330434,5.0,,5,1,0
2026-07-27,822705,h1,batter,Ernie Clement,0.7317302779553189,1,0,0.26826972204468114,5.0,,5,1,0
2026-07-27,822868,h1,batter,Julio Rodríguez,0.7009375285679879,1,0,0.29906247143201214,4.0,,10,4,0
2026-07-27,823025,h1,batter,Nico Hoerner,0.701545323076881,1,0,0.298454676923119,5.0,,10,4,0
2026-07-27,823353,h1,batter,Jake Mangum,0.7261547970714262,1,0,0.27384520292857384,5.0,,5,1,1
2026-07-27,823353,h1,batter,Geraldo Perdomo,0.7000282323361812,1,0,0.29997176766381883,5.0,,5,1,1
2026-07-27,823597,h1,batter,Bo Bichette,0.7074838346606414,1,0,0.29251616533935865,6.0,,17,11,0
2026-07-27,823839,h1,batter,Alec Bohm,0.700889837690521,1,0,0.29911016230947896,4.0,,15,1,0
2026-07-27,823839,h1,batter,Trea Turner,0.7460976169319974,1,0,0.2539023830680026,5.0,,15,1,0
2026-07-28,822949,h1,batter,Chandler Simpson,0.7291484747815097,0,1,-0.7291484747815097,4.0,,5,3,0
2026-07-28,822949,h1,batter,Yandy Díaz,0.7273232632672695,0,1,-0.7273232632672695,4.0,,5,3,0
2026-07-28,823026,h1,batter,Alec Burleson,0.7077934985342778,0,1,-0.7077934985342778,3.0,,12,8,0
2026-07-28,823026,h1,batter,Pete Crow-Armstrong,0.7135085028488627,0,1,-0.7135085028488627,5.0,,12,8,0
2026-07-28,823026,h1,batter,Nico Hoerner,0.7206195197808127,1,0,0.27938048021918727,5.0,,12,8,0
2026-07-28,823195,h1,batter,Luis Arraez,0.7386790958332582,1,0,0.2613209041667418,4.0,,3,3,0
2026-07-28,823350,h1,batter,Jake Mangum,0.7278818533034339,1,0,0.2721181466965661,6.0,,15,1,1
2026-07-28,823838,h1,batter,Otto Lopez,0.7164225320472513,0,1,-0.7164225320472513,4.0,,1,1,0
2026-07-28,823838,h1,batter,Alec Bohm,0.7089031476635378,1,0,0.2910968523364622,4.0,,1,1,0
2026-07-28,823838,h1,batter,Bryson Stott,0.7062869790813405,0,1,-0.7062869790813405,4.0,,1,1,0
2026-07-28,823838,h1,batter,Trea Turner,0.7436835654213579,0,1,-0.7436835654213579,4.0,,1,1,0
2026-07-28,824001,h1,batter,Jeremy Peña,0.7176384652894572,1,0,0.2823615347105428,5.0,,10,2,0
2026-07-28,824489,h1,batter,Chase DeLauter,0.7032487490681291,0,1,-0.7032487490681291,4.0,,2,2,0
2026-07-28,824489,h1,batter,José Ramírez,0.7102466469548875,0,1,-0.7102466469548875,4.0,,2,2,0
2026-07-28,824489,h1,batter,Steven Kwan,0.7272605313252858,0,1,-0.7272605313252858,4.0,,2,2,0
2026-07-28,824490,h1,batter,Elly De La Cruz,0.7111502851735435,1,0,0.2888497148264565,5.0,,11,1,0
2026-07-28,824490,h1,batter,Sal Stewart,0.701438765274642,1,0,0.298561234725358,5.0,,11,1,0
2026-07-28,824977,h1,batter,Jacob Wilson,0.7119230275785561,0,1,-0.7119230275785561,4.0,,6,2,0
2026-07-29,822702,h1,batter,Ernie Clement,0.7032593757933469,1,0,0.29674062420665315,5.0,,7,3,0
2026-07-29,822702,h1,batter,Nathan Lukes,0.7033779810659261,0,1,-0.7033779810659261,5.0,,7,3,0
2026-07-29,823192,h1,batter,Luis Arraez,0.762600130775048,1,0,0.23739986922495204,5.0,,19,13,0
2026-07-29,823193,h1,batter,Luis Arraez,0.7232381198245849,1,0,0.27676188017541514,4.0,,10,6,0
2026-07-29,823273,h1,batter,Jake McCarthy,0.7001304090918753,0,1,-0.7001304090918753,4.0,,4,2,0
2026-07-29,823275,h1,batter,Fernando Tatis Jr.,0.7024418012288317,1,0,0.2975581987711683,5.0,,15,1,0
2026-07-29,823351,h1,batter,Nick Gonzales,0.72829638607867,1,0,0.27170361392133,4.0,,3,3,0
2026-07-29,823837,h1,batter,Trea Turner,0.733984264699088,1,0,0.26601573530091205,5.0,,14,2,0
2026-07-29,824003,h1,batter,Jeremy Peña,0.7007941376689201,1,0,0.29920586233107993,5.0,,5,1,0
2026-07-29,824487,h1,batter,Chase DeLauter,0.7086945445962919,1,0,0.2913054554037081,5.0,,7,5,0
2026-07-29,824487,h1,batter,José Ramírez,0.7180405458531962,1,0,0.2819594541468038,6.0,,7,5,0
2026-07-29,824487,h1,batter,Steven Kwan,0.7326319755948479,1,0,0.26736802440515206,6.0,,7,5,0
2026-07-29,824976,h1,batter,Jacob Wilson,0.7333594928426986,1,0,0.26664050715730137,4.0,,7,1,0
2026-07-30,823023,h1,batter,Alec Burleson,0.7032176305602242,1,0,0.29678236943977576,5.0,,6,2,1
2026-07-30,823023,h1,batter,Pete Crow-Armstrong,0.7105446293867382,1,0,0.28945537061326176,5.0,,6,2,1
2026-07-30,823023,h1,batter,Nico Hoerner,0.7146527935227392,1,0,0.28534720647726075,5.0,,6,2,1
2026-07-30,824002,h1,batter,Jeremy Peña,0.7248445146835658,1,0,0.2751554853164342,5.0,,11,3,0
2026-07-30,824488,h1,batter,Jake Mangum,0.7523561199048513,1,0,0.2476438800951487,5.0,,5,1,0
2026-07-30,824488,h1,batter,Nick Gonzales,0.7033742854420879,1,0,0.2966257145579121,4.0,,5,1,0
2026-07-30,824894,h1,batter,Michael Harris II,0.7096162174376353,0,1,-0.7096162174376353,4.0,,9,1,0
2026-07-30,824894,h1,batter,Drake Baldwin,0.7189318522198503,0,1,-0.7189318522198503,4.0,,9,1,0
2026-07-30,824973,h1,batter,Jacob Wilson,0.7293701110709028,1,0,0.27062988892909723,5.0,,6,2,1
2026-07-31,822945,h1,batter,Chandler Simpson,0.7177041148265633,1,0,0.28229588517343673,4.0,,7,5,0
2026-07-31,822945,h1,batter,Yandy Díaz,0.7200354171116788,1,0,0.27996458288832116,4.0,,7,5,0
2026-07-31,822945,h1,batter,Sam Antonacci,0.7090168952000206,1,0,0.29098310479997935,5.0,,7,5,0
2026-07-31,823271,h1,batter,Luis Arraez,0.7738322088161619,0,1,-0.7738322088161619,5.0,,5,3,0
2026-07-31,823593,h1,batter,Bo Bichette,0.727800636438734,0,1,-0.727800636438734,4.0,,7,3,0
2026-07-31,823593,h1,batter,Francisco Lindor,0.7111991109720402,1,0,0.28880088902795975,4.0,,7,3,0
2026-07-31,824407,h1,batter,José Ramírez,0.7031663836486738,0,1,-0.7031663836486738,4.0,,5,3,0
2026-07-31,824486,h1,batter,Jake Mangum,0.7010919128445399,1,0,0.29890808715546013,5.0,,15,1,0
2026-07-31,824809,h1,batter,Alec Bohm,0.7082106090387725,0,1,-0.7082106090387725,4.0,,10,2,0
2026-07-31,824809,h1,batter,Trea Turner,0.7400425262780732,1,0,0.2599574737219268,4.0,,10,2,0
2026-07-31,824892,h1,batter,CJ Abrams,0.7010454136317589,1,0,0.2989545863682411,5.0,,8,4,0
2026-07-31,824892,h1,batter,Luis García Jr.,0.7222144781234502,0,1,-0.7222144781234502,3.0,,8,4,0
2026-07-31,824974,h1,batter,Jacob Wilson,0.7013919690466522,1,0,0.29860803095334776,4.0,,9,1,0
2026-07-31,824974,h1,batter,Ceddanne Rafaela,0.7094372222960302,1,0,0.29056277770396977,4.0,,9,1,0
2026-08-01,822781,h1,batter,Vladimir Guerrero Jr.,0.7081839692148052,1,0,0.2918160307851948,5.0,,6,4,0
2026-08-01,822781,h1,batter,Alec Burleson,0.7012933992470181,1,0,0.29870660075298194,5.0,,6,4,0
2026-08-01,822944,h1,batter,Chandler Simpson,0.7293121514845308,1,0,0.27068784851546923,4.0,,1,1,0
2026-08-01,822944,h1,batter,Yandy Díaz,0.704688767023566,1,0,0.295311232976434,4.0,,1,1,0
2026-08-01,823272,h1,batter,Luis Arraez,0.7429039807282661,1,0,0.25709601927173387,3.0,,7,7,0
2026-08-01,823594,h1,batter,Bo Bichette,0.717518591736389,1,0,0.282481408263611,4.0,,8,4,0
2026-08-01,823594,h1,batter,Francisco Lindor,0.7011308807530565,1,0,0.2988691192469435,4.0,,8,4,0
2026-08-01,823594,h1,batter,Otto Lopez,0.7214057321505349,1,0,0.27859426784946506,5.0,,8,4,0
2026-08-01,823999,h1,batter,Jackson Chourio,0.7069215006646825,1,0,0.2930784993353175,5.0,,8,4,0
2026-08-01,823999,h1,batter,Brice Turang,0.7151169856999083,1,0,0.28488301430009166,5.0,,8,4,0
2026-08-01,824164,h1,batter,Jeremy Peña,0.713730295646627,1,0,0.28626970435337296,6.0,,13,9,0
2026-08-01,824325,h1,batter,Mickey Moniak,0.7151816192314238,1,0,0.28481838076857624,4.0,,4,2,0
2026-08-01,824325,h1,batter,Jake McCarthy,0.7571421191144695,0,1,-0.7571421191144695,4.0,,4,2,0
2026-08-01,824325,h1,batter,TJ Rumfield,0.7053869932706832,1,0,0.2946130067293168,4.0,,4,2,0
2026-08-01,824325,h1,batter,Carter Jensen,0.7333542574271966,1,0,0.2666457425728034,4.0,,4,2,0
2026-08-01,824325,h1,batter,Salvador Perez,0.7485378058154293,1,0,0.2514621941845707,4.0,,4,2,0
2026-08-01,824325,h1,batter,Michael Massey,0.7245571259232544,0,1,-0.7245571259232544,4.0,,4,2,0
2026-08-01,824325,h1,batter,Lane Thomas,0.7243976253906722,1,0,0.2756023746093278,4.0,,4,2,0
2026-08-01,824405,h1,batter,Steven Kwan,0.7104365968506409,1,0,0.28956340314935913,5.0,,20,4,0
2026-08-01,824485,h1,batter,Jake Mangum,0.749735192497191,1,0,0.250264807502809,5.0,,5,3,0
2026-08-01,824485,h1,batter,Nick Gonzales,0.7099814887422418,0,1,-0.7099814887422418,4.0,,5,3,0
2026-08-01,824808,h1,batter,Trea Turner,0.723840385818888,1,0,0.276159614181112,5.0,,5,5,0
2026-08-01,824890,h1,batter,Michael Harris II,0.7389152104717776,0,1,-0.7389152104717776,4.0,,11,5,0
2026-08-01,824890,h1,batter,Drake Baldwin,0.7439380630344716,1,0,0.25606193696552837,5.0,,11,5,0
2026-08-01,824890,h1,batter,Ozzie Albies,0.7180087793942791,1,0,0.2819912206057209,4.0,,11,5,0
2026-08-01,824890,h1,batter,CJ Abrams,0.7009382224668003,1,0,0.29906177753319974,4.0,,11,5,0
2026-08-01,824975,h1,batter,Jacob Wilson,0.7254824635068203,1,0,0.27451753649317967,4.0,,14,12,0
2026-08-01,824975,h1,batter,Kevin McGonigle,0.7151948017155073,1,0,0.2848051982844927,6.0,,14,12,0
2026-08-02,822783,h1,batter,Vladimir Guerrero Jr.,0.7068972113843183,0,1,-0.7068972113843183,4.0,,6,4,0
2026-08-02,822783,h1,batter,Alec Burleson,0.713090763545268,1,0,0.286909236454732,5.0,,6,4,0
2026-08-02,822943,h1,batter,Chandler Simpson,0.7003813618738333,1,0,0.29961863812616674,4.0,,10,8,0
2026-08-02,822943,h1,batter,Yandy Díaz,0.7085478221643519,0,1,-0.7085478221643519,4.0,,10,8,0
2026-08-02,823269,h1,batter,Jung Hoo Lee,0.7136037929214151,1,0,0.28639620707858493,5.0,,11,1,0
2026-08-02,823270,h1,batter,Luis Arraez,0.7540126955920916,0,1,-0.7540126955920916,5.0,,9,1,0
2026-08-02,823592,h1,batter,Bo Bichette,0.7154024538345414,0,1,-0.7154024538345414,4.0,,2,2,0
2026-08-02,823592,h1,batter,Otto Lopez,0.7018416048553684,1,0,0.2981583951446316,4.0,,2,2,0
2026-08-02,824000,h1,batter,Jackson Chourio,0.7206806164153594,1,0,0.2793193835846406,4.0,,4,2,0
2026-08-02,824000,h1,batter,Brice Turang,0.709186491397681,1,0,0.290813508602319,4.0,,4,2,0
2026-08-02,824163,h1,batter,Jeremy Peña,0.7361337423793912,1,0,0.2638662576206088,5.0,,10,4,0
2026-08-02,824323,h1,batter,Mickey Moniak,0.700377495713538,0,1,-0.700377495713538,5.0,,9,7,0
2026-08-02,824323,h1,batter,Jake McCarthy,0.7489106837596182,1,0,0.2510893162403818,5.0,,9,7,0
2026-08-02,824323,h1,batter,Cole Carrigg,0.7011665210031273,1,0,0.29883347899687274,4.0,,9,7,0
2026-08-02,824323,h1,batter,Carter Jensen,0.7298502731658986,0,1,-0.7298502731658986,4.0,,9,7,0
2026-08-02,824323,h1,batter,Salvador Perez,0.7477733190244228,1,0,0.2522266809755772,4.0,,9,7,0
2026-08-02,824323,h1,batter,Nick Loftin,0.7321397610173362,0,1,-0.7321397610173362,4.0,,9,7,0
2026-08-02,824326,h1,batter,Jake McCarthy,0.7393032482720518,1,0,0.26069675172794815,5.0,,18,6,0
2026-08-02,824326,h1,batter,Carter Jensen,0.709412628265746,1,0,0.290587371734254,5.0,,18,6,0
2026-08-02,824326,h1,batter,Salvador Perez,0.7296582326074263,1,0,0.27034176739257365,4.0,,18,6,0
2026-08-02,824326,h1,batter,Lane Thomas,0.7018588044099766,1,0,0.2981411955900234,2.0,,18,6,0
2026-08-02,824404,h1,batter,José Ramírez,0.7034462724943813,1,0,0.2965537275056187,4.0,,5,5,0
2026-08-02,824404,h1,batter,Steven Kwan,0.7226177828355947,1,0,0.27738221716440525,4.0,,5,5,0
2026-08-02,824483,h1,batter,Elly De La Cruz,0.7059647251550749,1,0,0.2940352748449251,5.0,,12,8,0
2026-08-02,824483,h1,batter,Jake Mangum,0.7063891502661372,0,1,-0.7063891502661372,4.0,,12,8,0
2026-08-02,824807,h1,batter,Trea Turner,0.7037475057599428,1,0,0.2962524942400572,4.0,,8,8,0
2026-08-02,824972,h1,batter,Jacob Wilson,0.7286151291805524,1,0,0.2713848708194476,5.0,,14,2,0
2026-08-03,823431,h1,batter,Trea Turner,0.7292784271729265,0,1,-0.7292784271729265,4.0,,9,3,0
2026-08-03,823520,h1,batter,Luis García Jr.,0.7259999083046128,1,0,0.2740000916953872,4.0,,20,6,0
2026-08-03,823757,h1,batter,Jake Mangum,0.7109061857378828,1,0,0.2890938142621172,5.0,,7,1,0
2026-08-04,822867,h1,batter,Jung Hoo Lee,0.7517328502821073,1,0,0.24826714971789265,5.0,,6,4,0
2026-08-04,823432,h1,batter,Alec Bohm,0.7027430705448562,1,0,0.2972569294551438,4.0,,5,5,0
2026-08-04,823432,h1,batter,Trea Turner,0.7363029936919167,1,0,0.26369700630808335,4.0,,5,5,0
2026-08-04,823432,h1,batter,Luis Arraez,0.7563302886604231,1,0,0.24366971133957693,4.0,,5,5,0
2026-08-04,823517,h1,batter,Luis García Jr.,0.7103572960909318,1,0,0.2896427039090682,4.0,,2,2,0
2026-08-04,824160,h1,batter,Jeremy Peña,0.7310807613722884,1,0,0.2689192386277116,5.0,,4,2,0
2026-08-04,824324,h1,batter,Jake McCarthy,0.7099885392146721,1,0,0.2900114607853279,5.0,,22,4,0
2026-08-04,824324,h1,batter,Chandler Simpson,0.7617648605635028,1,0,0.2382351394364972,5.0,,22,4,0
2026-08-04,824324,h1,batter,Jonathan Aranda,0.7276744378978695,1,0,0.27232556210213055,5.0,,22,4,0
2026-08-04,824324,h1,batter,Yandy Díaz,0.7738072682920978,0,1,-0.7738072682920978,5.0,,22,4,0
2026-08-04,824324,h1,batter,Junior Caminero,0.7324566872912096,1,0,0.2675433127087904,5.0,,22,4,0
2026-08-04,824484,h1,batter,Jacob Wilson,0.7499483581465586,1,0,0.2500516418534414,4.0,,9,1,0
2026-08-04,824647,h1,batter,Nico Hoerner,0.7006322135826862,0,1,-0.7006322135826862,4.0,,15,5,0
2026-08-04,824731,h1,batter,Ceddanne Rafaela,0.7293996170811328,1,0,0.27060038291886723,4.0,,16,12,0
2026-08-04,824888,h1,batter,Drake Baldwin,0.7037660113888171,0,1,-0.7037660113888171,4.0,,6,2,0
2026-08-04,825095,h1,batter,Manny Machado,0.700887123990997,0,1,-0.700887123990997,4.0,,6,4,0
2026-08-04,825095,h1,batter,Fernando Tatis Jr.,0.7180829137536122,0,1,-0.7180829137536122,4.0,,6,4,0
2026-08-05,822865,h1,batter,Jung Hoo Lee,0.7094022793938753,1,0,0.29059772060612465,5.0,,9,1,0
2026-08-05,824161,h1,batter,Jeremy Peña,0.7147069553869612,0,1,-0.7147069553869612,5.0,,9,5,0
2026-08-05,824321,h1,batter,Jake McCarthy,0.7081892890677383,1,0,0.29181071093226174,5.0,,16,2,1
2026-08-05,824321,h1,batter,Chandler Simpson,0.7444318194276895,1,0,0.25556818057231045,5.0,,16,2,1
2026-08-05,824321,h1,batter,Jonathan Aranda,0.7111570857722549,1,0,0.2888429142277451,6.0,,16,2,1
2026-08-05,824321,h1,batter,Yandy Díaz,0.7555075960345516,1,0,0.24449240396544836,6.0,,16,2,1
2026-08-05,824321,h1,batter,Junior Caminero,0.7157570317224425,1,0,0.28424296827755746,6.0,,16,2,1
2026-08-05,824645,h1,batter,Freddie Freeman,0.7075718891504262,1,0,0.29242811084957376,4.0,,6,4,0
2026-08-05,824645,h1,batter,Shohei Ohtani,0.7013669424442801,1,0,0.2986330575557199,4.0,,6,4,0
2026-08-05,824645,h1,batter,Andy Pages,0.7084391771534504,0,1,-0.7084391771534504,4.0,,6,4,0
2026-08-05,825054,h1,batter,Ketel Marte,0.7018512517635812,0,1,-0.7018512517635812,4.0,,13,5,0
2026-08-05,825054,h1,batter,Geraldo Perdomo,0.7337116596302428,1,0,0.26628834036975724,4.0,,13,5,0
2026-08-05,825054,h1,batter,Corbin Carroll,0.7211753201409213,0,1,-0.7211753201409213,4.0,,13,5,0
2026-08-05,825054,h1,batter,Luis Rengifo,0.7046206644165849,1,0,0.2953793355834151,5.0,,13,5,0
2026-08-05,825054,h1,batter,Manny Machado,0.701261729550741,1,0,0.29873827044925905,5.0,,13,5,0
2026-08-05,825054,h1,batter,Fernando Tatis Jr.,0.7154379696822516,1,0,0.2845620303177484,4.0,,13,5,0
2026-03-28,822838,k5,pitcher,Dylan Cease,0.7890493460502661,1,0,0.2109506539497339,,16.0,15,1,1
2026-03-28,823811,k5,pitcher,Chad Patrick,0.7075309678142906,0,1,-0.7075309678142906,,13.0,7,5,0
2026-03-28,824862,k5,pitcher,Kyle Bradish,0.7048218508137515,0,1,-0.7048218508137515,,14.0,5,3,0
2026-03-29,823161,k5,pitcher,Bryan Woo,0.7059357255510341,1,0,0.2940642744489659,,18.0,11,1,1
2026-03-29,823973,k5,pitcher,Tyler Glasnow,0.781805645868909,1,0,0.218194354131091,,18.0,5,1,0
2026-03-30,824702,k5,pitcher,Edward Cabrera,0.7003225026198996,1,0,0.2996774973801004,,18.0,9,5,0
2026-04-01,823158,k5,pitcher,Logan Gilbert,0.8284586743533315,1,0,0.17154132564666846,,16.0,5,5,0
2026-04-01,823806,k5,pitcher,Jacob Misiorowski,0.7263283087376853,1,0,0.2736716912623147,,18.0,10,6,0
2026-04-01,823889,k5,pitcher,Sandy Alcantara,0.7066754555990893,1,0,0.2933245444009107,,27.0,10,10,0
2026-04-01,823969,k5,pitcher,Shohei Ohtani,0.7187440823401141,1,0,0.2812559176598859,,18.0,5,3,0
2026-04-01,824211,k5,pitcher,Garrett Crochet,0.8288501344893906,1,0,0.1711498655106094,,15.0,10,2,0
2026-04-01,824212,k5,pitcher,Hunter Brown,0.7990732935364027,1,0,0.20092670646359734,,18.0,11,7,0
2026-04-01,824860,k5,pitcher,Trevor Rogers,0.722205458068234,0,1,-0.722205458068234,,18.0,11,5,0
2026-04-01,824940,k5,pitcher,Chris Sale,0.9285787646373742,0,1,-0.9285787646373742,,18.0,6,4,0
2026-04-01,825106,k5,pitcher,Tarik Skubal,0.7876283865868974,0,1,-0.7876283865868974,,21.0,1,1,0
2026-04-02,823970,k5,pitcher,Yoshinobu Yamamoto,0.836358101632255,0,1,-0.836358101632255,,18.0,5,3,0
2026-04-02,824133,k5,pitcher,Cole Ragans,0.8170214889115357,1,0,0.1829785110884643,,18.0,6,4,0
2026-04-03,822919,k5,pitcher,MacKenzie Gore,0.7304218804421957,1,0,0.2695781195578043,,18.0,8,2,0
2026-04-03,823406,k5,pitcher,Kyle Bradish,0.7019204694609014,1,0,0.29807953053909864,,12.0,9,1,0
2026-04-03,823568,k5,pitcher,Eury Pérez,0.7575686180175221,0,1,-0.7575686180175221,,12.0,10,6,0
2026-04-03,824621,k5,pitcher,Dylan Cease,0.8711373306895881,1,0,0.1288626693104119,,13.0,9,1,1
2026-04-04,822757,k5,pitcher,Tyler Glasnow,0.7752622962040212,1,0,0.2247377037959788,,18.0,15,5,0
2026-04-04,824056,k5,pitcher,Reid Detmers,0.7445042998239182,0,1,-0.7445042998239182,,20.0,4,2,1
2026-04-04,824056,k5,pitcher,Bryan Woo,0.7608099931807967,1,0,0.23919000681920333,,21.0,4,2,1
2026-04-04,824295,k5,pitcher,Jack Flaherty,0.7072061909457144,1,0,0.29279380905428565,,12.0,17,5,0
2026-04-05,823238,k5,pitcher,Logan Webb,0.7100788080519964,0,1,-0.7100788080519964,,21.0,7,3,0
2026-04-05,824378,k5,pitcher,Jesús Luzardo,0.749853933286255,1,0,0.25014606671374495,,20.0,3,1,0
2026-04-05,825025,k5,pitcher,Lance McCullers Jr.,0.7192376754006582,0,1,-0.7192376754006582,,12.0,22,2,1
2026-04-06,823728,k5,pitcher,Joe Ryan,0.7397730864492932,1,0,0.2602269135507068,,15.0,10,4,0
2026-04-07,822918,k5,pitcher,Jacob deGrom,0.7533956002975962,1,0,0.24660439970240378,,15.0,3,1,0
2026-04-07,822918,k5,pitcher,Logan Gilbert,0.802968056350745,1,0,0.19703194364925503,,18.0,3,1,0
2026-04-07,823402,k5,pitcher,Paul Skenes,0.7326454239804437,1,0,0.26735457601955626,,19.0,8,6,0
2026-04-07,823567,k5,pitcher,Cam Schlittler,0.8079129008947956,1,0,0.19208709910520438,,15.0,8,2,0
2026-04-07,823648,k5,pitcher,Freddy Peralta,0.7313000516557138,1,0,0.26869994834428623,,14.0,7,1,1
2026-04-07,823727,k5,pitcher,Tarik Skubal,0.8559659037305736,1,0,0.14403409626942643,,14.0,6,2,0
2026-04-07,824052,k5,pitcher,Chris Sale,0.8651401804104618,1,0,0.1348598195895382,,12.0,8,4,0
2026-04-07,824780,k5,pitcher,Garrett Crochet,0.8844923761682284,1,0,0.1155076238317716,,19.0,5,1,0
2026-04-07,824780,k5,pitcher,Jacob Misiorowski,0.7795686834907357,1,0,0.22043131650926429,,16.0,5,1,0
2026-04-08,822833,k5,pitcher,Dylan Cease,0.8369870474860422,1,0,0.16301295251395775,,15.0,7,1,0
2026-04-08,822915,k5,pitcher,MacKenzie Gore,0.787006258785218,1,0,0.21299374121478198,,15.0,3,3,0
2026-04-08,822915,k5,pitcher,Bryan Woo,0.7348246809393375,0,1,-0.7348246809393375,,15.0,3,3,0
2026-04-08,822916,k5,pitcher,Nathan Eovaldi,0.7611970858614406,1,0,0.23880291413855936,,18.0,5,1,0
2026-04-08,823000,k5,pitcher,Joe Boyle,0.7225877562757402,0,1,-0.7225877562757402,,13.0,8,4,0
2026-04-08,823564,k5,pitcher,Will Warren,0.7252923131705611,1,0,0.2747076868294389,,14.0,5,1,0
2026-04-08,823726,k5,pitcher,Framber Valdez,0.7145477902257845,0,1,-0.7145477902257845,,15.0,14,2,0
2026-04-08,823885,k5,pitcher,Eury Pérez,0.7466045022617148,1,0,0.2533954977382852,,15.0,11,3,0
2026-04-08,824455,k5,pitcher,Cole Ragans,0.7591008442869183,0,1,-0.7591008442869183,,2.0,12,8,0
2026-04-08,824617,k5,pitcher,Kyle Bradish,0.7882076953226391,1,0,0.21179230467736088,,15.0,8,2,0
2026-04-08,824779,k5,pitcher,Sonny Gray,0.7450175058410214,0,1,-0.7450175058410214,,19.0,5,5,0
2026-04-09,823724,k5,pitcher,Jack Flaherty,0.7287845635972713,1,0,0.2712154364027287,,17.0,4,2,0
2026-04-10,823482,k5,pitcher,Jesús Luzardo,0.7420282743510825,1,0,0.25797172564891746,,14.0,9,1,0
2026-04-10,824128,k5,pitcher,Kris Bubic,0.7784333471211903,1,0,0.22156665287880972,,21.0,2,2,0
2026-04-10,824534,k5,pitcher,Chase Burns,0.8566098686769059,0,1,-0.8566098686769059,,16.0,12,8,0
2026-04-11,823644,k5,pitcher,Kodai Senga,0.7835733669508014,0,1,-0.7835733669508014,,7.0,17,5,0
2026-04-11,823968,k5,pitcher,Tyler Glasnow,0.8622817373642699,1,0,0.13771826263573006,,18.0,15,1,0
2026-04-12,823154,k5,pitcher,Logan Gilbert,0.7793888120763829,1,0,0.2206111879236171,,21.0,7,5,0
2026-04-12,823317,k5,pitcher,Nick Pivetta,0.8326632700430224,0,1,-0.8326632700430224,,9.0,9,5,0
2026-04-12,823642,k5,pitcher,Freddy Peralta,0.8573027938211378,1,0,0.14269720617886217,,18.0,1,1,0
2026-04-12,823967,k5,pitcher,Emmet Sheehan,0.7324973989573427,1,0,0.26750260104265733,,18.0,9,3,0
2026-04-12,824293,k5,pitcher,Tarik Skubal,0.8321393687581466,1,0,0.16786063124185335,,20.0,10,6,0
2026-04-12,824938,k5,pitcher,Chris Sale,0.8214114466896465,1,0,0.1785885533103535,,18.0,14,12,0
2026-04-13,823400,k5,pitcher,Paul Skenes,0.7570345682477786,1,0,0.2429654317522214,,18.0,21,11,0
2026-04-13,823481,k5,pitcher,Cristopher Sánchez,0.7198906959025272,1,0,0.2801093040974728,,18.0,20,6,0
2026-04-13,823725,k5,pitcher,Garrett Crochet,0.8904781005272435,0,1,-0.8904781005272435,,5.0,19,7,0
2026-04-14,823723,k5,pitcher,Sonny Gray,0.7139361615514007,0,1,-0.7139361615514007,,12.0,6,6,0
2026-04-14,823802,k5,pitcher,Jacob Misiorowski,0.7468270428111685,1,0,0.2531729571888315,,16.0,16,2,1
2026-04-14,824292,k5,pitcher,Framber Valdez,0.7100619765608703,0,1,-0.7100619765608703,,21.0,3,1,0
2026-04-14,824292,k5,pitcher,Cole Ragans,0.7286320428643048,0,1,-0.7286320428643048,,18.0,3,1,0
2026-04-14,825024,k5,pitcher,Nathan Eovaldi,0.7722401946735219,1,0,0.2277598053264781,,21.0,9,7,0
2026-04-15,823315,k5,pitcher,Michael King,0.7766951387483909,1,0,0.2233048612516091,,18.0,5,3,0
2026-04-15,823477,k5,pitcher,Jesús Luzardo,0.7967756265135645,0,1,-0.7967756265135645,,16.0,13,9,0
2026-04-15,823803,k5,pitcher,Dylan Cease,0.8184843845201072,1,0,0.1815156154798928,,18.0,3,1,0
2026-04-15,823965,k5,pitcher,Yoshinobu Yamamoto,0.7381400006709977,1,0,0.2618599993290023,,23.0,3,1,0
2026-04-15,823965,k5,pitcher,Nolan McLean,0.7103635518894903,1,0,0.2896364481105097,,21.0,3,1,0
2026-04-15,824291,k5,pitcher,Jack Flaherty,0.7483619198479143,1,0,0.25163808015208566,,18.0,3,1,0
2026-04-15,824855,k5,pitcher,Kyle Bradish,0.8038919168189085,0,1,-0.8038919168189085,,18.0,13,3,1
2026-04-15,825022,k5,pitcher,MacKenzie Gore,0.7872386449659579,1,0,0.21276135503404214,,14.0,3,1,0
2026-04-16,823560,k5,pitcher,Max Fried,0.779410011154952,0,1,-0.779410011154952,,16.0,15,7,0
2026-04-16,824209,k5,pitcher,Spencer Arrighetti,0.7202622833647121,1,0,0.2797377166352879,,18.0,4,2,0
2026-04-16,824289,k5,pitcher,Kris Bubic,0.7043399820917997,0,1,-0.7043399820917997,,14.0,19,1,0
2026-04-16,825023,k5,pitcher,Jacob Lopez,0.7148608095434811,1,0,0.2851391904565189,,15.0,15,3,0
2026-04-17,823559,k5,pitcher,Cam Schlittler,0.7714610602272693,1,0,0.22853893977273065,,18.0,6,2,0
2026-04-18,823151,k5,pitcher,George Kirby,0.7731726290251953,1,0,0.22682737097480465,,17.0,10,4,0
2026-04-18,823151,k5,pitcher,Nathan Eovaldi,0.7720236052258123,0,1,-0.7720236052258123,,15.0,10,4,0
2026-04-18,823152,k5,pitcher,Logan Gilbert,0.866666962127958,1,0,0.13333303787204198,,16.0,5,5,0
2026-04-18,823152,k5,pitcher,Jacob deGrom,0.7770934618394548,0,1,-0.7770934618394548,,12.0,5,5,0
2026-04-18,823394,k5,pitcher,Paul Skenes,0.7382710401679846,1,0,0.2617289598320154,,12.0,15,1,1
2026-04-18,823474,k5,pitcher,Cristopher Sánchez,0.7040347954321879,1,0,0.29596520456781206,,18.0,4,2,0
2026-04-18,823474,k5,pitcher,Chris Sale,0.8203107830716541,1,0,0.17968921692834594,,21.0,4,2,0
2026-04-18,823720,k5,pitcher,Joe Ryan,0.7938625109330361,1,0,0.20613748906696394,,18.0,3,1,0
2026-04-18,823721,k5,pitcher,Taj Bradley,0.7567203772595974,1,0,0.2432796227404026,,18.0,9,1,0
2026-04-18,824373,k5,pitcher,Tyler Glasnow,0.8630840223592688,1,0,0.13691597764073116,,21.0,8,6,0
2026-04-18,824451,k5,pitcher,Gavin Williams,0.7731160298409359,1,0,0.22688397015906414,,21.0,6,2,0
2026-04-18,824694,k5,pitcher,Freddy Peralta,0.7385515001719413,0,1,-0.7385515001719413,,17.0,6,2,0
2026-04-18,824775,k5,pitcher,Tarik Skubal,0.8384021815731163,1,0,0.1615978184268837,,18.0,5,3,0
2026-04-19,823150,k5,pitcher,Bryan Woo,0.7871178670681412,1,0,0.21288213293185876,,21.0,7,3,0
2026-04-19,823150,k5,pitcher,MacKenzie Gore,0.7727874395808023,1,0,0.22721256041919768,,15.0,7,3,0
2026-04-19,823556,k5,pitcher,Cole Ragans,0.7472538039600024,1,0,0.2527461960399976,,13.0,7,7,0
2026-04-19,823881,k5,pitcher,Jacob Misiorowski,0.7565078661797222,1,0,0.2434921338202778,,15.0,8,2,0
2026-04-19,824047,k5,pitcher,Michael King,0.7479475329070239,1,0,0.25205246709297613,,15.0,3,1,0
2026-04-19,824372,k5,pitcher,Emmet Sheehan,0.7082852052541554,0,1,-0.7082852052541554,,15.0,7,1,0
2026-04-19,824452,k5,pitcher,Joey Cantillo,0.7747635808745702,1,0,0.2252364191254298,,14.0,12,4,0
2026-04-19,824777,k5,pitcher,Garrett Crochet,0.8404219070603273,1,0,0.15957809293967273,,15.0,8,4,0
2026-04-20,824125,k5,pitcher,Kyle Bradish,0.7540549001484516,1,0,0.24594509985154844,,16.0,12,2,1
2026-04-20,824776,k5,pitcher,Jack Flaherty,0.7384072102685316,0,1,-0.7384072102685316,,10.0,14,2,0
2026-04-21,823640,k5,pitcher,Nolan McLean,0.7895241235949253,1,0,0.2104758764050747,,20.0,8,2,0
2026-04-21,824046,k5,pitcher,Dylan Cease,0.8693908840433465,1,0,0.13060911595665348,,15.0,7,3,0
2026-04-21,824127,k5,pitcher,Kris Bubic,0.8016806885292177,0,1,-0.8016806885292177,,18.0,11,1,0
2026-04-21,824690,k5,pitcher,Jesús Luzardo,0.7201329029559653,0,1,-0.7201329029559653,,14.0,11,3,0
2026-04-21,824773,k5,pitcher,Connelly Early,0.7159877711328415,0,1,-0.7159877711328415,,16.0,4,4,0
2026-04-22,823147,k5,pitcher,Logan Gilbert,0.8776930933542987,0,1,-0.8776930933542987,,12.0,9,1,0
2026-04-22,823236,k5,pitcher,Yoshinobu Yamamoto,0.7534558795286002,1,0,0.24654412047139984,,21.0,4,2,0
2026-04-23,823233,k5,pitcher,Logan Webb,0.7482101503796695,1,0,0.25178984962033046,,21.0,3,3,0
2026-04-23,823233,k5,pitcher,Tyler Glasnow,0.8157601982973399,1,0,0.18423980170266008,,24.0,3,3,0
2026-04-23,824288,k5,pitcher,Tarik Skubal,0.8789142873444608,1,0,0.12108571265553925,,18.0,9,1,0
2026-04-23,824689,k5,pitcher,Cristopher Sánchez,0.7054035071911108,0,1,-0.7054035071911108,,16.0,15,1,1
2026-04-23,824770,k5,pitcher,Cam Schlittler,0.7513920953163704,1,0,0.2486079046836296,,24.0,6,2,0
2026-04-23,825096,k5,pitcher,Michael Soroka,0.7451108494165065,1,0,0.2548891505834935,,15.0,5,3,0
2026-04-24,822912,k5,pitcher,Jacob deGrom,0.7613511112654092,1,0,0.23864888873459078,,17.0,7,5,0
2026-04-24,823638,k5,pitcher,Freddy Peralta,0.8323041624353029,1,0,0.16769583756469708,,17.0,7,1,0
2026-04-24,823800,k5,pitcher,Brandon Woodruff,0.7713945296087176,0,1,-0.7713945296087176,,15.0,6,6,0
2026-04-24,823800,k5,pitcher,Paul Skenes,0.7447309703595482,1,0,0.25526902964045184,,21.0,6,6,0
2026-04-25,822909,k5,pitcher,Nathan Eovaldi,0.7646361786393843,0,1,-0.7646361786393843,,18.0,9,7,0
2026-04-25,822910,k5,pitcher,MacKenzie Gore,0.7818269228764606,1,0,0.2181730771235394,,15.0,7,1,0
2026-04-25,823229,k5,pitcher,Robbie Ray,0.7230134258146228,0,1,-0.7230134258146228,,15.0,8,4,0
2026-04-25,823799,k5,pitcher,Jacob Misiorowski,0.8650891442361057,1,0,0.13491085576389428,,18.0,9,3,1
2026-04-25,824121,k5,pitcher,Cole Ragans,0.8356739228436464,1,0,0.1643260771563536,,18.0,13,11,0
2026-04-25,824203,k5,pitcher,Mike Burrows,0.7109758457651993,1,0,0.28902415423480066,,15.0,11,5,0
2026-04-25,824527,k5,pitcher,Jack Flaherty,0.7428414553584218,0,1,-0.7428414553584218,,6.0,11,7,0
2026-04-25,824851,k5,pitcher,Garrett Crochet,0.8659922360251278,1,0,0.13400776397487224,,18.0,18,16,0
2026-04-26,823635,k5,pitcher,Nolan McLean,0.8675554815665095,1,0,0.13244451843349048,,15.0,4,2,0
2026-04-26,824122,k5,pitcher,Seth Lugo,0.7064041678640354,0,1,-0.7064041678640354,,19.0,20,2,1
2026-04-26,824202,k5,pitcher,Spencer Arrighetti,0.7818224622194269,1,0,0.21817753778057314,,21.0,11,3,0
2026-04-26,824852,k5,pitcher,Kyle Bradish,0.8082506280576149,0,1,-0.8082506280576149,,15.0,8,2,0
2026-04-26,824934,k5,pitcher,Chris Sale,0.846410930977904,1,0,0.15358906902209601,,18.0,8,4,0
2026-04-27,822825,k5,pitcher,Dylan Cease,0.8828900748119413,1,0,0.11710992518805874,,17.0,5,5,0
2026-04-28,822906,k5,pitcher,Max Fried,0.7327181274589336,1,0,0.2672818725410664,,18.0,6,2,0
2026-04-28,823473,k5,pitcher,Jesús Luzardo,0.7299338346499304,1,0,0.27006616535006955,,21.0,7,7,0
2026-04-28,823716,k5,pitcher,Joe Ryan,0.804193726119926,1,0,0.195806273880074,,18.0,8,6,0
2026-04-28,823716,k5,pitcher,Logan Gilbert,0.7870877089530847,0,1,-0.7870877089530847,,15.0,8,6,0
2026-04-28,823961,k5,pitcher,Yoshinobu Yamamoto,0.8013773498504194,0,1,-0.8013773498504194,,15.0,9,1,0
2026-04-28,824526,k5,pitcher,Chase Burns,0.8142753170007553,1,0,0.18572468299924472,,18.0,9,5,0
2026-04-29,822907,k5,pitcher,Nathan Eovaldi,0.7559377387026167,1,0,0.2440622612973833,,21.0,3,3,0
2026-04-29,822908,k5,pitcher,Jacob deGrom,0.8183479891451796,1,0,0.1816520108548204,,18.0,5,1,0
2026-04-29,822908,k5,pitcher,Cam Schlittler,0.7786343215412398,1,0,0.2213656784587602,,18.0,5,1,0
2026-04-29,823717,k5,pitcher,Taj Bradley,0.7372809666980186,1,0,0.26271903330198143,,21.0,8,2,0
2026-04-29,823956,k5,pitcher,Shohei Ohtani,0.7390862463648852,1,0,0.2609137536351148,,18.0,3,1,0
2026-04-29,823958,k5,pitcher,Tyler Glasnow,0.858526811062287,1,0,0.141473188937713,,17.0,5,1,0
2026-04-29,824930,k5,pitcher,Tarik Skubal,0.8080260572417074,1,0,0.1919739427582926,,21.0,7,1,0
2026-04-30,823391,k5,pitcher,Paul Skenes,0.8479359231346121,1,0,0.15206407686538792,,15.0,15,5,0
2026-04-30,823472,k5,pitcher,Cristopher Sánchez,0.7380998263975416,1,0,0.26190017360245843,,20.0,5,1,0
2026-04-30,823634,k5,pitcher,Freddy Peralta,0.8020816736498858,1,0,0.1979183263501142,,18.0,9,1,0
2026-05-01,822744,k5,pitcher,Jacob Misiorowski,0.8229891183180778,1,0,0.17701088168192225,,16.0,7,5,0
2026-05-01,823557,k5,pitcher,Will Warren,0.754172989871893,1,0,0.24582701012810704,,19.0,9,5,0
2026-05-01,823877,k5,pitcher,Zack Wheeler,0.7356719375758223,1,0,0.2643280624241777,,18.0,11,1,0
2026-05-01,824287,k5,pitcher,Jack Flaherty,0.7947025547966942,0,1,-0.7947025547966942,,11.0,9,1,0
2026-05-01,824287,k5,pitcher,MacKenzie Gore,0.7000573741688555,0,1,-0.7000573741688555,,11.0,9,1,0
2026-05-02,823146,k5,pitcher,Cole Ragans,0.805322197004703,1,0,0.19467780299529702,,16.0,13,1,0
2026-05-02,823554,k5,pitcher,Ryan Weathers,0.726276774196413,1,0,0.273723225803587,,15.0,13,5,0
2026-05-02,823554,k5,pitcher,Kyle Bradish,0.7732074413343772,0,1,-0.7732074413343772,,12.0,13,5,0
2026-05-02,823715,k5,pitcher,Dylan Cease,0.846796164111063,1,0,0.15320383588893705,,21.0,15,7,0
2026-05-03,823145,k5,pitcher,Kris Bubic,0.7483820481286935,1,0,0.25161795187130653,,21.0,5,3,0
2026-05-03,823308,k5,pitcher,Michael King,0.8098381615091975,1,0,0.19016183849080248,,18.0,4,4,0
2026-05-03,823387,k5,pitcher,Braxton Ashcraft,0.7881040687408378,1,0,0.21189593125916217,,23.0,1,1,0
2026-05-03,823387,k5,pitcher,Chase Burns,0.7928384767329961,1,0,0.20716152326700388,,21.0,1,1,0
2026-05-03,823555,k5,pitcher,Max Fried,0.7823991805296027,1,0,0.21760081947039733,,16.0,14,8,0
2026-05-03,823875,k5,pitcher,Jesús Luzardo,0.7227024629731633,1,0,0.2772975370268367,,19.0,9,5,0
2026-05-03,824042,k5,pitcher,Nolan McLean,0.8424193605723105,1,0,0.15758063942768952,,12.0,7,1,1
2026-05-03,824365,k5,pitcher,Chris Sale,0.8864026931781598,1,0,0.11359730682184022,,21.0,10,8,0
2026-05-04,823552,k5,pitcher,Cam Schlittler,0.8505312154795515,0,1,-0.8505312154795515,,17.0,13,11,0
2026-05-04,824684,k5,pitcher,Edward Cabrera,0.7698562110496455,1,0,0.23014378895035448,,18.0,9,1,0
2026-05-05,823143,k5,pitcher,Logan Gilbert,0.7743650295223193,0,1,-0.7743650295223193,,18.0,9,1,0
2026-05-05,823469,k5,pitcher,Cristopher Sánchez,0.7731240050747612,1,0,0.2268759949252388,,24.0,10,8,0
2026-05-05,823553,k5,pitcher,Jacob deGrom,0.7424870150078413,1,0,0.2575129849921587,,19.0,11,3,0
2026-05-05,824039,k5,pitcher,José Soriano,0.7671699253863503,1,0,0.23283007461364968,,12.0,6,6,0
2026-05-05,824119,k5,pitcher,Gavin Williams,0.7183021996746786,1,0,0.28169780032532143,,18.0,8,2,0
2026-05-05,824201,k5,pitcher,Yoshinobu Yamamoto,0.7391203931123107,1,0,0.2608796068876893,,18.0,11,5,0
2026-05-06,823227,k5,pitcher,Logan Webb,0.7341649541166517,0,1,-0.7341649541166517,,12.0,15,5,0
2026-05-06,823470,k5,pitcher,Zack Wheeler,0.8449268247310695,0,1,-0.8449268247310695,,19.0,9,3,0
2026-05-06,823550,k5,pitcher,Will Warren,0.769546800861175,1,0,0.230453199138825,,12.0,7,5,0
2026-05-06,823872,k5,pitcher,Eury Pérez,0.7730910581028744,1,0,0.22690894189712563,,15.0,11,3,0
2026-05-06,824118,k5,pitcher,Cole Ragans,0.7697015301484907,0,1,-0.7697015301484907,,9.0,4,2,0
2026-05-06,824198,k5,pitcher,Tyler Glasnow,0.8047394704401832,0,1,-0.8047394704401832,,3.0,14,10,0
2026-05-06,824200,k5,pitcher,Shohei Ohtani,0.7105868013929851,1,0,0.28941319860701487,,21.0,3,1,0
2026-05-06,824282,k5,pitcher,Jack Flaherty,0.7286075593516452,1,0,0.27139244064835477,,15.0,4,4,0
2026-05-07,824361,k5,pitcher,Freddy Peralta,0.8018692137776536,0,1,-0.8018692137776536,,15.0,15,5,0
2026-05-07,824681,k5,pitcher,Shota Imanaga,0.729190575086075,1,0,0.270809424913925,,18.0,11,5,0
2026-05-07,825091,k5,pitcher,Michael Soroka,0.7026828550237446,1,0,0.2973171449762554,,19.0,1,1,0
2026-05-07,825091,k5,pitcher,Paul Skenes,0.8167989703005358,1,0,0.18320102969946417,,24.0,1,1,0
2026-05-08,822822,k5,pitcher,Dylan Cease,0.9170297503860525,1,0,0.0829702496139475,,21.0,2,2,0
2026-05-08,823306,k5,pitcher,Michael King,0.7568018279430895,1,0,0.24319817205691052,,18.0,3,1,0
2026-05-08,823466,k5,pitcher,Jesús Luzardo,0.848835254382495,1,0,0.15116474561750504,,9.0,16,2,1
2026-05-08,823794,k5,pitcher,Jacob Misiorowski,0.8525525187410975,1,0,0.1474474812589025,,18.0,6,6,0
2026-05-08,824116,k5,pitcher,Kris Bubic,0.7490212026752952,1,0,0.25097879732470485,,17.0,7,1,0
2026-05-08,824846,k5,pitcher,Kyle Bradish,0.7827468637944603,1,0,0.21725313620553965,,21.0,7,1,0
2026-05-09,822905,k5,pitcher,Edward Cabrera,0.7067233540921894,1,0,0.29327664590781055,,15.0,6,6,0
2026-05-09,823225,k5,pitcher,Robbie Ray,0.7504807782225923,1,0,0.2495192217774077,,18.0,7,3,0
2026-05-09,823468,k5,pitcher,Aaron Nola,0.7420247414485858,0,1,-0.7420247414485858,,14.0,12,6,0
2026-05-09,823957,k5,pitcher,Emmet Sheehan,0.7286383414645835,1,0,0.2713616585354165,,14.0,4,2,0
2026-05-09,823957,k5,pitcher,Chris Sale,0.866083180797176,1,0,0.13391681920282394,,21.0,4,2,0
2026-05-09,824523,k5,pitcher,Chase Burns,0.7360847706922492,0,1,-0.7360847706922492,,18.0,4,2,0
2026-05-09,824523,k5,pitcher,Spencer Arrighetti,0.723616667433169,1,0,0.276383332566831,,17.0,4,2,0
2026-05-09,825088,k5,pitcher,Nolan McLean,0.7666754469073116,1,0,0.2333245530926884,,18.0,4,2,1
2026-05-10,822902,k5,pitcher,Jacob deGrom,0.7417435988676856,1,0,0.2582564011323144,,21.0,3,3,0
2026-05-10,823463,k5,pitcher,Cristopher Sánchez,0.8686660576963736,1,0,0.13133394230362638,,21.0,6,6,0
2026-05-10,823793,k5,pitcher,Logan Henderson,0.7006719077176127,1,0,0.2993280922823873,,15.0,7,1,0
2026-05-10,823955,k5,pitcher,Blake Snell,0.7432775804469874,1,0,0.25672241955301256,,9.0,9,5,0
2026-05-10,824440,k5,pitcher,Gavin Williams,0.7933309495279062,1,0,0.20666905047209383,,18.0,9,1,0
2026-05-10,824605,k5,pitcher,Logan Gilbert,0.7995492887965209,1,0,0.20045071120347913,,18.0,3,1,0
2026-05-11,824441,k5,pitcher,Joey Cantillo,0.7289772626757436,0,1,-0.7289772626757436,,18.0,9,5,0
2026-05-12,823385,k5,pitcher,Paul Skenes,0.9256775047101229,1,0,0.07432249528987711,,24.0,4,2,0
2026-05-12,823632,k5,pitcher,Freddy Peralta,0.7778165805351769,1,0,0.22218341946482312,,18.0,12,8,0
2026-05-12,824764,k5,pitcher,Zack Wheeler,0.7896012726444073,0,1,-0.7896012726444073,,22.0,3,1,0
2026-05-12,824843,k5,pitcher,Will Warren,0.7574933736527449,1,0,0.24250662634725506,,17.0,8,4,0
2026-05-13,822815,k5,pitcher,Dylan Cease,0.8255140400601096,1,0,0.17448595993989036,,21.0,8,2,1
2026-05-13,823791,k5,pitcher,Jacob Misiorowski,0.8855605992991323,1,0,0.11443940070086767,,21.0,4,2,0
2026-05-13,823951,k5,pitcher,Yoshinobu Yamamoto,0.8166828804452996,1,0,0.18331711955470043,,19.0,8,4,0
2026-05-13,824438,k5,pitcher,Parker Messick,0.7967974195563262,1,0,0.20320258044367379,,20.0,6,2,0
2026-05-13,824841,k5,pitcher,Kyle Bradish,0.8353586965569456,1,0,0.1646413034430544,,18.0,7,7,0
2026-05-13,824841,k5,pitcher,Max Fried,0.7388808083657173,0,1,-0.7388808083657173,,9.0,7,7,0
2026-05-14,823630,k5,pitcher,Nolan McLean,0.8243571773210422,1,0,0.1756428226789578,,21.0,13,5,0
2026-05-14,823952,k5,pitcher,Shohei Ohtani,0.8071049459015777,1,0,0.19289505409842234,,21.0,4,4,0
2026-05-14,824517,k5,pitcher,Chase Burns,0.7606638750673178,1,0,0.2393361249326822,,18.0,16,14,0
2026-05-14,824602,k5,pitcher,Kris Bubic,0.7267333569272996,0,1,-0.7267333569272996,,12.0,8,4,0
2026-05-14,824926,k5,pitcher,Chris Sale,0.8923637401970919,1,0,0.10763625980290814,,18.0,2,2,0
2026-05-15,823384,k5,pitcher,Braxton Ashcraft,0.7125310587323253,1,0,0.28746894126767475,,20.0,20,2,1
2026-05-15,823950,k5,pitcher,Emmet Sheehan,0.7540086076109347,1,0,0.2459913923890653,,18.0,7,3,0
2026-05-15,824439,k5,pitcher,Tanner Bibee,0.7045723874360416,0,1,-0.7045723874360416,,20.0,13,1,0
2026-05-15,824601,k5,pitcher,Edward Cabrera,0.741903183856383,0,1,-0.741903183856383,,14.0,15,5,0
2026-05-16,823139,k5,pitcher,Logan Gilbert,0.8330780802052867,1,0,0.16692191979471327,,20.0,11,3,0
2026-05-16,823382,k5,pitcher,Cristopher Sánchez,0.780282994376579,1,0,0.219717005623421,,27.0,6,6,0
2026-05-16,824193,k5,pitcher,Jacob deGrom,0.7281786179563327,0,1,-0.7281786179563327,,18.0,5,3,0
2026-05-16,824194,k5,pitcher,Spencer Arrighetti,0.756064860639737,1,0,0.243935139360263,,22.0,2,2,0
2026-05-17,823138,k5,pitcher,George Kirby,0.7122097887028607,1,0,0.28779021129713933,,17.0,11,5,0
2026-05-17,823381,k5,pitcher,Paul Skenes,0.8858913877030267,1,0,0.11410861229697333,,15.0,6,6,0
2026-05-17,823381,k5,pitcher,Zack Wheeler,0.8397351789482815,1,0,0.16026482105171846,,21.0,6,6,0
2026-05-17,823628,k5,pitcher,Freddy Peralta,0.8221377212341549,0,1,-0.8221377212341549,,15.0,13,1,1
2026-05-17,824436,k5,pitcher,Gavin Williams,0.8235479483925338,1,0,0.17645205160746624,,18.0,13,7,0
2026-05-18,822980,k5,pitcher,Shane McClanahan,0.7419759270167977,1,0,0.2580240729832023,,15.0,22,10,0
2026-05-19,822736,k5,pitcher,Nolan McLean,0.7735613945596269,1,0,0.2264386054403731,,17.0,15,3,0
2026-05-19,823137,k5,pitcher,Bryan Woo,0.7709601820608307,1,0,0.22903981793916928,,18.0,7,5,0
2026-05-19,823301,k5,pitcher,Michael King,0.7390422675337105,1,0,0.2609577324662895,,21.0,1,1,0
2026-05-19,823301,k5,pitcher,Yoshinobu Yamamoto,0.8276384107625453,1,0,0.1723615892374547,,21.0,1,1,0
2026-05-19,823464,k5,pitcher,Jesús Luzardo,0.7973823285326244,1,0,0.20261767146737564,,18.0,5,3,0
2026-05-19,823464,k5,pitcher,Chase Burns,0.723700628140566,1,0,0.276299371859434,,18.0,5,3,0
2026-05-19,823548,k5,pitcher,Dylan Cease,0.8839299690122999,1,0,0.11607003098770008,,15.0,9,1,0
2026-05-19,824357,k5,pitcher,MacKenzie Gore,0.7113919001456758,0,1,-0.7113919001456758,,3.0,13,1,0
2026-05-19,824677,k5,pitcher,Jacob Misiorowski,0.837860389676773,1,0,0.162139610323227,,18.0,7,3,0
2026-05-20,823302,k5,pitcher,Emmet Sheehan,0.7777446732620417,0,1,-0.7777446732620417,,12.0,9,1,0
2026-05-20,823547,k5,pitcher,Cam Schlittler,0.7058004932417803,1,0,0.2941995067582197,,18.0,3,1,0
2026-05-20,823866,k5,pitcher,Chris Sale,0.8796680413897382,1,0,0.1203319586102618,,21.0,10,8,0
2026-05-20,824033,k5,pitcher,Reid Detmers,0.7321276515904196,1,0,0.2678723484095804,,17.0,20,8,0
2026-05-21,823299,k5,pitcher,Shohei Ohtani,0.8188643607891033,0,1,-0.8188643607891033,,15.0,4,4,0
2026-05-22,823461,k5,pitcher,Cristopher Sánchez,0.7556604773304628,1,0,0.24433952266953718,,24.0,1,1,0
2026-05-22,823461,k5,pitcher,Gavin Williams,0.7084141528209923,1,0,0.2915858471790077,,24.0,1,1,0
2026-05-22,823863,k5,pitcher,Eury Pérez,0.7119050909086828,1,0,0.2880949090913172,,19.0,3,1,0
2026-05-22,824110,k5,pitcher,Logan Gilbert,0.7279319163470148,1,0,0.2720680836529852,,17.0,2,2,0
2026-05-22,824842,k5,pitcher,Jack Flaherty,0.7409916521480058,1,0,0.2590083478519942,,10.0,11,3,0
2026-05-23,822814,k5,pitcher,Paul Skenes,0.8126149599577958,0,1,-0.8126149599577958,,15.0,7,3,0
2026-05-23,823458,k5,pitcher,Zack Wheeler,0.8012676140498649,1,0,0.1987323859501351,,18.0,3,3,0
2026-05-23,823862,k5,pitcher,Freddy Peralta,0.7230501398800278,1,0,0.27694986011997225,,21.0,5,3,0
2026-05-23,824029,k5,pitcher,Jacob deGrom,0.8411269763529878,0,1,-0.8411269763529878,,9.0,15,3,0
2026-05-23,825082,k5,pitcher,Michael Soroka,0.7469645601996018,0,1,-0.7469645601996018,,18.0,5,1,0
2026-05-24,822813,k5,pitcher,Dylan Cease,0.9129377779663885,1,0,0.08706222203361147,,14.0,5,3,0
2026-05-24,823220,k5,pitcher,Robbie Ray,0.7441299256099384,0,1,-0.7441299256099384,,12.0,13,3,0
2026-05-24,823297,k5,pitcher,Michael King,0.8001231896836886,0,1,-0.8001231896836886,,11.0,7,3,0
2026-05-24,823786,k5,pitcher,Yoshinobu Yamamoto,0.7604328195353904,0,1,-0.7604328195353904,,21.0,6,4,0
2026-05-24,824028,k5,pitcher,Reid Detmers,0.7678643272221939,1,0,0.2321356727778061,,24.0,3,1,0
2026-05-24,824028,k5,pitcher,MacKenzie Gore,0.7075920080804198,1,0,0.2924079919195802,,18.0,3,1,0
2026-05-24,824030,k5,pitcher,Nathan Eovaldi,0.7902028464294616,1,0,0.2097971535705384,,21.0,7,3,0
2026-05-24,824759,k5,pitcher,Sonny Gray,0.7334943906269866,0,1,-0.7334943906269866,,12.0,11,1,0
2026-05-25,823296,k5,pitcher,Jesús Luzardo,0.7402909315918225,1,0,0.25970906840817753,,18.0,3,3,0
2026-05-25,823625,k5,pitcher,Nolan McLean,0.8390527433880539,1,0,0.1609472566119461,,10.0,9,5,0
2026-05-25,823784,k5,pitcher,Jacob Misiorowski,0.8784234410797582,1,0,0.12157655892024177,,21.0,6,4,0
2026-05-25,824838,k5,pitcher,Kyle Bradish,0.7141229449230356,0,1,-0.7141229449230356,,18.0,16,2,1
2026-05-26,823379,k5,pitcher,Braxton Ashcraft,0.72429673291782,1,0,0.27570326708217996,,19.0,13,11,0
2026-05-26,823624,k5,pitcher,Chase Burns,0.732018827163541,1,0,0.26798117283645895,,16.0,9,5,0
2026-05-26,823785,k5,pitcher,Kyle Harrison,0.7035084919307274,0,1,-0.7035084919307274,,18.0,6,6,0
2026-05-26,823948,k5,pitcher,Emmet Sheehan,0.7782379699170847,1,0,0.22176203008291528,,18.0,8,2,0
2026-05-26,824106,k5,pitcher,Cam Schlittler,0.7417656114732131,1,0,0.25823438852678693,,18.0,16,14,0
2026-05-26,824597,k5,pitcher,Joe Ryan,0.759643941039412,1,0,0.24035605896058798,,23.0,8,2,1
2026-05-27,823295,k5,pitcher,Cristopher Sánchez,0.8157885411631134,1,0,0.1842114588368866,,21.0,3,3,0
2026-05-27,824432,k5,pitcher,Gavin Williams,0.8046634323254426,0,1,-0.8046634323254426,,21.0,5,1,0
2026-05-27,825003,k5,pitcher,Logan Gilbert,0.7722865629283376,1,0,0.22771343707166236,,18.0,10,8,0
2026-05-28,822897,k5,pitcher,Jacob deGrom,0.7334160626995742,1,0,0.26658393730042584,,18.0,7,1,0
2026-05-28,823378,k5,pitcher,Paul Skenes,0.8741295350274664,1,0,0.12587046497253362,,16.0,9,5,0
2026-05-28,823947,k5,pitcher,Shohei Ohtani,0.8563419991496336,1,0,0.1436580008503664,,18.0,5,3,0
2026-05-28,824272,k5,pitcher,Jack Flaherty,0.8234558682562593,1,0,0.17654413174374073,,17.0,8,6,0
2026-05-28,824757,k5,pitcher,Chris Sale,0.8719958257987588,1,0,0.12800417420124122,,15.0,12,8,0
2026-05-29,822896,k5,pitcher,Nathan Eovaldi,0.745294067489755,1,0,0.254705932510245,,21.0,6,4,0
2026-05-29,823623,k5,pitcher,Freddy Peralta,0.7788667618793457,1,0,0.22113323812065433,,14.0,16,2,1
2026-05-30,822975,k5,pitcher,Drew Rasmussen,0.7436486573971682,0,1,-0.7436486573971682,,12.0,17,11,0
2026-05-30,823946,k5,pitcher,Zack Wheeler,0.7873783962279663,0,1,-0.7873783962279663,,18.0,6,2,0
2026-05-30,824431,k5,pitcher,Parker Messick,0.7061431365363939,0,1,-0.7061431365363939,,15.0,10,8,0
2026-05-30,824833,k5,pitcher,Trey Yesavage,0.7077027443596109,0,1,-0.7077027443596109,,15.0,11,1,0
2026-05-31,822976,k5,pitcher,Shane McClanahan,0.742578099131164,0,1,-0.742578099131164,,15.0,7,3,0
2026-05-31,823373,k5,pitcher,Braxton Ashcraft,0.7866143509472643,1,0,0.21338564905273572,,18.0,12,6,0
2026-05-31,823621,k5,pitcher,Nolan McLean,0.790617689423753,0,1,-0.790617689423753,,15.0,11,9,0
2026-05-31,823944,k5,pitcher,Yoshinobu Yamamoto,0.8289762103748811,1,0,0.17102378962511888,,16.0,10,8,0
2026-05-31,824187,k5,pitcher,Jacob Misiorowski,0.8686812300139325,1,0,0.1313187699860675,,21.0,2,2,0
2026-05-31,824832,k5,pitcher,Kyle Bradish,0.7173538622170945,0,1,-0.7173538622170945,,21.0,14,4,0
2026-06-01,823702,k5,pitcher,Joe Ryan,0.8233428892837172,1,0,0.17665711071628276,,18.0,15,3,0
2026-06-02,823052,k5,pitcher,Nathan Eovaldi,0.707980420891359,1,0,0.29201957910864096,,18.0,11,3,0
2026-06-02,823541,k5,pitcher,Cam Schlittler,0.7456282362779225,0,1,-0.7456282362779225,,13.0,13,5,0
2026-06-02,824027,k5,pitcher,José Soriano,0.7461940693292437,1,0,0.2538059306707563,,14.0,17,1,0
2026-06-02,824754,k5,pitcher,Connelly Early,0.752765158900316,1,0,0.24723484109968397,,16.0,6,2,0
2026-06-03,823129,k5,pitcher,Logan Gilbert,0.808537069912203,1,0,0.19146293008779702,,16.0,11,5,0
2026-06-03,823130,k5,pitcher,Freddy Peralta,0.7692106012002287,1,0,0.23078939879977134,,18.0,8,6,0
2026-06-03,823456,k5,pitcher,Cristopher Sánchez,0.8473614394645147,1,0,0.1526385605354853,,21.0,5,1,0
2026-06-03,823540,k5,pitcher,Gavin Williams,0.7476023926966657,1,0,0.25239760730333427,,16.0,9,1,0
2026-06-03,823701,k5,pitcher,Taj Bradley,0.7371917999537566,1,0,0.2628082000462434,,14.0,8,8,0
2026-06-03,824026,k5,pitcher,Grayson Rodriguez,0.7245686094368106,0,1,-0.7245686094368106,,11.0,10,6,0
2026-06-03,824509,k5,pitcher,Chase Burns,0.7439512156830741,1,0,0.2560487843169259,,18.0,7,3,0
2026-06-03,824755,k5,pitcher,Payton Tolle,0.7158748841906664,1,0,0.28412511580933364,,18.0,9,7,0
2026-06-04,823457,k5,pitcher,Zack Wheeler,0.8608286348250581,1,0,0.13917136517494189,,21.0,10,2,0
2026-06-04,824188,k5,pitcher,Spencer Arrighetti,0.7367341526366358,0,1,-0.7367341526366358,,12.0,20,2,0
2026-06-04,824188,k5,pitcher,Paul Skenes,0.8444612359570229,1,0,0.15553876404297706,,14.0,20,2,0
2026-06-04,824919,k5,pitcher,Chris Sale,0.854655395307865,1,0,0.14534460469213495,,17.0,9,5,0
2026-06-05,822810,k5,pitcher,Trey Yesavage,0.7319751154548119,1,0,0.26802488454518814,,17.0,16,10,0
2026-06-05,823455,k5,pitcher,Jesús Luzardo,0.7944715585999857,0,1,-0.7944715585999857,,18.0,14,2,0
2026-06-05,823538,k5,pitcher,Ryan Weathers,0.7078554392172779,0,1,-0.7078554392172779,,18.0,8,2,0
2026-06-05,823538,k5,pitcher,Sonny Gray,0.7220263504393865,0,1,-0.7220263504393865,,19.0,8,2,0
2026-06-05,824271,k5,pitcher,Framber Valdez,0.7044253870830328,1,0,0.2955746129169672,,15.0,10,4,0
2026-06-05,824271,k5,pitcher,Bryan Woo,0.7288884707367231,1,0,0.27111152926327686,,19.0,10,4,0
2026-06-06,823293,k5,pitcher,Michael King,0.7279192546182066,0,1,-0.7279192546182066,,18.0,5,5,0
2026-06-06,823697,k5,pitcher,Joe Ryan,0.825597461672744,1,0,0.17440253832725605,,18.0,5,1,0
2026-06-06,824915,k5,pitcher,Spencer Strider,0.7487270108701111,0,1,-0.7487270108701111,,15.0,9,3,0
2026-06-07,822807,k5,pitcher,Kevin Gausman,0.7501083836760951,1,0,0.24989161632390489,,15.0,10,2,0
2026-06-07,822890,k5,pitcher,Jacob deGrom,0.7081677226051193,1,0,0.2918322773948807,,18.0,10,10,0
2026-06-07,823292,k5,pitcher,Nolan McLean,0.7562263438930876,1,0,0.24377365610691237,,18.0,5,1,0
2026-06-07,823537,k5,pitcher,Cam Schlittler,0.7828154915217035,1,0,0.2171845084782965,,17.0,7,5,0
2026-06-07,823941,k5,pitcher,Emmet Sheehan,0.7999129255201018,0,1,-0.7999129255201018,,4.0,18,8,0
2026-06-07,823942,k5,pitcher,Yoshinobu Yamamoto,0.8943017232068673,0,1,-0.8943017232068673,,24.0,11,7,0
2026-06-07,824268,k5,pitcher,Jack Flaherty,0.7926844259245369,1,0,0.20731557407546308,,15.0,9,1,0
2026-06-07,824351,k5,pitcher,Jacob Misiorowski,0.9015661181814968,1,0,0.09843388181850321,,21.0,8,6,0
2026-06-08,824427,k5,pitcher,Gavin Williams,0.798738214385111,1,0,0.20126178561488905,,15.0,12,2,1
2026-06-09,822805,k5,pitcher,Dylan Cease,0.8539699073485743,1,0,0.14603009265142575,,18.0,5,1,0
2026-06-09,822805,k5,pitcher,Zack Wheeler,0.7431446698409958,1,0,0.2568553301590042,,18.0,5,1,0
2026-06-09,823374,k5,pitcher,Paul Skenes,0.8699526195341717,1,0,0.1300473804658283,,18.0,15,9,0
2026-06-09,823620,k5,pitcher,Freddy Peralta,0.7810479511660905,1,0,0.2189520488339095,,18.0,7,7,0
2026-06-09,824830,k5,pitcher,Logan Gilbert,0.8221093072818522,1,0,0.17789069271814784,,18.0,11,1,1
2026-06-10,823287,k5,pitcher,Michael King,0.7995769825910104,0,1,-0.7995769825910104,,20.0,9,1,0
2026-06-10,823290,k5,pitcher,Chase Burns,0.8044958242596719,1,0,0.19550417574032808,,16.0,8,2,1
2026-06-10,823372,k5,pitcher,Shohei Ohtani,0.798974391040383,1,0,0.20102560895961696,,20.0,17,1,0
2026-06-10,824266,k5,pitcher,Framber Valdez,0.7040779143141037,0,1,-0.7040779143141037,,15.0,10,2,0
2026-06-10,824428,k5,pitcher,Parker Messick,0.7089026863720074,0,1,-0.7089026863720074,,17.0,12,4,0
2026-06-10,824590,k5,pitcher,Chris Sale,0.9027136005122881,1,0,0.0972863994877119,,17.0,3,1,0
2026-06-11,824022,k5,pitcher,Reid Detmers,0.8172284404961624,1,0,0.1827715595038376,,21.0,5,1,1
2026-06-11,824827,k5,pitcher,Kyle Bradish,0.7681214573032481,1,0,0.2318785426967519,,12.0,12,2,0
2026-06-11,824827,k5,pitcher,Bryan Woo,0.7619163309968209,0,1,-0.7619163309968209,,15.0,12,2,0
2026-06-12,822803,k5,pitcher,Trey Yesavage,0.7161158690396398,0,1,-0.7161158690396398,,15.0,13,3,0
2026-06-12,823370,k5,pitcher,Braxton Ashcraft,0.766319044803164,0,1,-0.766319044803164,,15.0,11,5,0
2026-06-12,823617,k5,pitcher,Nolan McLean,0.7453465917370928,1,0,0.25465340826290717,,12.0,12,2,0
2026-06-12,823778,k5,pitcher,Jacob Misiorowski,0.925013249002416,1,0,0.074986750997584,,27.0,6,6,0
2026-06-12,824752,k5,pitcher,Sonny Gray,0.7492665727646087,1,0,0.25073342723539127,,18.0,11,9,0
2026-06-12,824826,k5,pitcher,Shane Baz,0.7176783831062091,0,1,-0.7176783831062091,,15.0,10,4,0
2026-06-13,822802,k5,pitcher,Kevin Gausman,0.7189051667051382,1,0,0.28109483329486185,,21.0,4,2,0
2026-06-13,823695,k5,pitcher,Joe Ryan,0.8137490149524457,1,0,0.18625098504755433,,18.0,17,1,0
2026-06-13,824587,k5,pitcher,Yoshinobu Yamamoto,0.8306297885748937,1,0,0.16937021142510633,,25.0,8,6,0
2026-06-14,823368,k5,pitcher,Paul Skenes,0.8806533723209642,1,0,0.11934662767903581,,18.0,6,2,0
2026-06-14,823615,k5,pitcher,Freddy Peralta,0.7798190057060967,0,1,-0.7798190057060967,,15.0,9,7,0
2026-06-14,823777,k5,pitcher,Kyle Harrison,0.7332721527338234,0,1,-0.7332721527338234,,18.0,4,4,0
2026-06-14,823777,k5,pitcher,Cristopher Sánchez,0.7690924906823777,0,1,-0.7690924906823777,,17.0,4,4,0
2026-06-14,824751,k5,pitcher,Connelly Early,0.708982469511918,0,1,-0.708982469511918,,14.0,10,2,0
2026-06-15,823452,k5,pitcher,Zack Wheeler,0.8463061162042462,1,0,0.15369388379575377,,18.0,7,7,0
2026-06-15,824505,k5,pitcher,Chase Burns,0.8190295644536619,1,0,0.18097043554633807,,15.0,12,12,0
2026-06-16,823451,k5,pitcher,Jesús Luzardo,0.7440340879991686,1,0,0.2559659120008314,,21.0,10,6,0
2026-06-16,824750,k5,pitcher,Dylan Cease,0.8129230483473446,1,0,0.18707695165265537,,15.0,7,5,0
2026-06-17,823128,k5,pitcher,Logan Gilbert,0.8465778314628818,1,0,0.1534221685371182,,21.0,4,2,0
2026-06-17,823536,k5,pitcher,Carlos Rodón,0.7927040432113349,1,0,0.20729595678866508,,15.0,15,5,0
2026-06-17,824182,k5,pitcher,Hunter Brown,0.7144298159098129,1,0,0.2855701840901871,,17.0,6,2,0
2026-06-17,824503,k5,pitcher,Nolan McLean,0.760966049560801,1,0,0.23903395043919895,,21.0,10,8,0
2026-06-17,825070,k5,pitcher,Reid Detmers,0.7193192542059726,0,1,-0.7193192542059726,,21.0,7,7,0
2026-06-18,822889,k5,pitcher,Joe Ryan,0.8103713507930067,1,0,0.1896286492069933,,15.0,12,6,0
2026-06-18,823125,k5,pitcher,Bryan Woo,0.793965993017878,1,0,0.20603400698212204,,21.0,3,3,0
2026-06-18,823127,k5,pitcher,George Kirby,0.7348187427245736,1,0,0.2651812572754264,,18.0,8,2,0
2026-06-18,823533,k5,pitcher,Ryan Weathers,0.7006912259114052,1,0,0.2993087740885948,,19.0,6,4,0
2026-06-18,824992,k5,pitcher,Braxton Ashcraft,0.7013464784981224,1,0,0.29865352150187763,,18.0,16,8,0
2026-06-19,823534,k5,pitcher,Cam Schlittler,0.8346069193312116,1,0,0.16539308066878844,,18.0,5,5,0
2026-06-19,824264,k5,pitcher,Tarik Skubal,0.8601492706062606,1,0,0.13985072939373944,,17.0,7,1,0
2026-06-19,824910,k5,pitcher,Jacob Misiorowski,0.9011865903152897,1,0,0.09881340968471031,,18.0,5,1,0
2026-06-20,822885,k5,pitcher,MacKenzie Gore,0.7730482177637036,1,0,0.22695178223629642,,18.0,10,2,1
2026-06-20,822886,k5,pitcher,Jacob deGrom,0.7645401565738029,1,0,0.23545984342619708,,18.0,16,2,0
2026-06-20,823447,k5,pitcher,Cristopher Sánchez,0.7826938624022366,1,0,0.2173061375977634,,18.0,18,12,0
2026-06-20,823447,k5,pitcher,Freddy Peralta,0.7552746519238625,0,1,-0.7552746519238625,,8.0,18,12,0
2026-06-20,823532,k5,pitcher,Will Warren,0.7003741387184106,1,0,0.2996258612815894,,17.0,12,8,0
2026-06-20,824909,k5,pitcher,Chris Sale,0.8650419096527108,1,0,0.13495809034728923,,17.0,7,1,0
2026-06-21,822883,k5,pitcher,Nathan Eovaldi,0.7502149009963287,1,0,0.2497850990036713,,18.0,7,1,0
2026-06-21,823123,k5,pitcher,Logan Gilbert,0.8492484424025527,1,0,0.1507515575974473,,19.0,4,2,0
2026-06-21,823449,k5,pitcher,Zack Wheeler,0.8510341945135509,1,0,0.1489658054864491,,17.0,8,4,0
2026-06-21,823531,k5,pitcher,Chase Burns,0.8025465949142558,1,0,0.19745340508574416,,15.0,5,3,0
2026-06-21,823934,k5,pitcher,Emmet Sheehan,0.7489913913614127,0,1,-0.7489913913614127,,10.0,13,11,0
2026-06-21,823937,k5,pitcher,Yoshinobu Yamamoto,0.8630189895251165,1,0,0.13698101047488354,,18.0,5,1,0
2026-06-21,824342,k5,pitcher,Paul Skenes,0.8606106544061835,1,0,0.13938934559381655,,18.0,3,1,0
2026-06-21,824987,k5,pitcher,Reid Detmers,0.7654965143633322,0,1,-0.7654965143633322,,18.0,16,2,0
2026-06-22,822800,k5,pitcher,Dylan Cease,0.8543614017944778,1,0,0.14563859820552216,,17.0,6,2,0
2026-06-22,822964,k5,pitcher,Drew Rasmussen,0.7028628411084757,1,0,0.29713715889152426,,18.0,3,1,0
2026-06-23,824016,k5,pitcher,Kyle Bradish,0.8114534682322477,1,0,0.18854653176775227,,24.0,7,5,0
2026-06-23,824262,k5,pitcher,Carlos Rodón,0.7270200186878651,1,0,0.27297998131213486,,16.0,7,1,0
2026-06-24,823367,k5,pitcher,Braxton Ashcraft,0.7610220192590371,1,0,0.23897798074096288,,18.0,12,10,0
2026-06-24,823367,k5,pitcher,Bryan Woo,0.7660738943854899,0,1,-0.7660738943854899,,12.0,12,10,0
2026-06-24,823613,k5,pitcher,Nolan McLean,0.7488994542017392,1,0,0.2511005457982608,,18.0,13,7,0
2026-06-24,823691,k5,pitcher,Joe Ryan,0.8158516411938829,1,0,0.18414835880611713,,18.0,7,1,0
2026-06-24,823691,k5,pitcher,Shohei Ohtani,0.7465536166756669,1,0,0.2534463833243331,,18.0,7,1,0
2026-06-24,823850,k5,pitcher,Jacob deGrom,0.7615443611378252,1,0,0.2384556388621748,,18.0,6,2,0
2026-06-24,824017,k5,pitcher,Shane Baz,0.725776215696586,1,0,0.274223784303414,,15.0,6,4,0
2026-06-24,824018,k5,pitcher,José Soriano,0.7211289483147215,0,1,-0.7211289483147215,,9.0,13,1,1
2026-06-24,824259,k5,pitcher,Tarik Skubal,0.8741432512408421,1,0,0.12585674875915787,,18.0,6,2,0
2026-06-24,824340,k5,pitcher,Sonny Gray,0.7176638589127935,1,0,0.2823361410872065,,21.0,7,3,0
2026-06-25,822717,k5,pitcher,Cristopher Sánchez,0.7225943464855391,1,0,0.2774056535144609,,15.0,15,5,0
2026-06-25,823612,k5,pitcher,Freddy Peralta,0.7036374566089252,1,0,0.2963625433910748,,17.0,7,1,1
2026-06-25,824747,k5,pitcher,Connelly Early,0.7325735609337779,1,0,0.2674264390662221,,18.0,9,3,0
2026-06-25,824747,k5,pitcher,Cam Schlittler,0.7559649018205029,1,0,0.2440350981794971,,15.0,9,3,0
2026-06-26,823363,k5,pitcher,Paul Skenes,0.9357647580647832,1,0,0.06423524193521679,,15.0,10,2,0
2026-06-26,823610,k5,pitcher,Zack Wheeler,0.831563813309103,1,0,0.168436186690897,,21.0,3,1,0
2026-06-26,823773,k5,pitcher,Jacob Misiorowski,0.9167902926160147,1,0,0.08320970738398525,,18.0,8,4,0
2026-06-26,824423,k5,pitcher,Joey Cantillo,0.7133474643519971,1,0,0.28665253564800286,,18.0,4,2,0
2026-06-27,822794,k5,pitcher,Dylan Cease,0.8759492979368314,1,0,0.1240507020631686,,14.0,11,3,0
2026-06-27,823364,k5,pitcher,Chase Burns,0.8347653789542104,1,0,0.16523462104578956,,18.0,16,2,0
2026-06-27,823688,k5,pitcher,Taj Bradley,0.7069262742593762,1,0,0.29307372574062385,,21.0,17,1,1
2026-06-27,824421,k5,pitcher,Logan Gilbert,0.7853426095335888,1,0,0.2146573904664112,,21.0,7,1,0
2026-06-28,823204,k5,pitcher,Robbie Ray,0.7216030453561262,0,1,-0.7216030453561262,,24.0,5,1,0
2026-06-28,823204,k5,pitcher,Chris Sale,0.8307147156458186,1,0,0.16928528435418144,,18.0,5,1,0
2026-06-28,823207,k5,pitcher,Logan Webb,0.7057686034892012,1,0,0.29423139651079877,,21.0,5,5,0
2026-06-28,823283,k5,pitcher,Yoshinobu Yamamoto,0.8204639527026918,0,1,-0.8204639527026918,,18.0,18,12,0
2026-06-28,823608,k5,pitcher,Jesús Luzardo,0.778295296841838,1,0,0.22170470315816204,,15.0,9,1,0
2026-06-28,824015,k5,pitcher,Reid Detmers,0.7684253389235153,1,0,0.23157466107648472,,17.0,7,3,0
2026-06-28,824422,k5,pitcher,Gavin Williams,0.7141027647969944,1,0,0.2858972352030056,,15.0,11,1,0
2026-06-28,824744,k5,pitcher,Sonny Gray,0.8221987342979385,1,0,0.17780126570206145,,22.0,9,1,1
2026-06-28,824821,k5,pitcher,Kyle Bradish,0.8170401047797174,0,1,-0.8170401047797174,,12.0,10,2,0
2026-06-29,823444,k5,pitcher,Braxton Ashcraft,0.7511018924316254,1,0,0.2488981075683746,,18.0,18,4,0
2026-06-29,824420,k5,pitcher,Parker Messick,0.7334590909459018,1,0,0.2665409090540982,,20.0,9,3,0
2026-06-29,824741,k5,pitcher,Ranger Suarez,0.7222042960265389,1,0,0.2777957039734611,,18.0,9,3,0
2026-06-29,824822,k5,pitcher,Shane Baz,0.7259293039043463,1,0,0.2740706960956537,,21.0,10,6,0
2026-06-30,823121,k5,pitcher,George Kirby,0.7915708162208319,1,0,0.20842918377916808,,24.0,8,4,0
2026-06-30,823445,k5,pitcher,Cristopher Sánchez,0.8221718965144653,1,0,0.17782810348553468,,21.0,8,8,0
2026-06-30,823528,k5,pitcher,Cam Schlittler,0.8499341014928872,1,0,0.15006589850711283,,12.0,12,6,0
2026-06-30,823528,k5,pitcher,Tarik Skubal,0.8519181982818784,1,0,0.14808180171812158,,18.0,12,6,0
2026-06-30,824418,k5,pitcher,Jacob deGrom,0.7487596246155557,1,0,0.2512403753844443,,21.0,6,2,0
2026-06-30,824742,k5,pitcher,Connelly Early,0.7008004799691243,1,0,0.2991995200308757,,12.0,9,7,0
2026-07-01,823122,k5,pitcher,Bryan Woo,0.8157154756978053,1,0,0.18428452430219466,,19.0,11,5,0
2026-07-01,823446,k5,pitcher,Zack Wheeler,0.9036820288345864,1,0,0.09631797116541363,,14.0,16,4,0
2026-07-01,823446,k5,pitcher,Paul Skenes,0.8892179610591803,1,0,0.11078203894081973,,12.0,16,4,0
2026-07-01,824175,k5,pitcher,Joe Ryan,0.7844858403652376,1,0,0.2155141596347624,,12.0,10,2,0
2026-07-01,824419,k5,pitcher,Joey Cantillo,0.7383612845903476,0,1,-0.7383612845903476,,15.0,13,5,0
2026-07-01,824419,k5,pitcher,MacKenzie Gore,0.7023546245664343,1,0,0.29764537543356573,,15.0,13,5,0
2026-07-02,823765,k5,pitcher,Jacob Misiorowski,0.9496173968501146,1,0,0.05038260314988541,,15.0,9,5,0
2026-07-02,823765,k5,pitcher,Chase Burns,0.8035114399556815,0,1,-0.8035114399556815,,18.0,9,5,0
2026-07-03,822714,k5,pitcher,Foster Griffin,0.782196513364587,0,1,-0.782196513364587,,15.0,14,4,0
2026-07-03,822884,k5,pitcher,Nathan Eovaldi,0.7545162262035668,1,0,0.24548377379643316,,15.0,14,6,0
2026-07-03,823119,k5,pitcher,Bryce Miller,0.7714128778360363,1,0,0.2285871221639637,,21.0,1,1,0
2026-07-03,824417,k5,pitcher,Gavin Williams,0.7747849478191992,1,0,0.22521505218080085,,14.0,7,1,1
2026-07-04,822716,k5,pitcher,Braxton Ashcraft,0.7069298188472845,1,0,0.29307018115271555,,17.0,8,6,0
2026-07-04,823118,k5,pitcher,Logan Gilbert,0.8037528964941487,1,0,0.19624710350585128,,22.0,11,11,0
2026-07-04,823120,k5,pitcher,Dylan Cease,0.8780539495768503,1,0,0.12194605042314965,,21.0,2,2,0
2026-07-04,823933,k5,pitcher,Shohei Ohtani,0.8129209487522492,1,0,0.18707905124775082,,18.0,7,1,0
2026-07-04,824013,k5,pitcher,Reid Detmers,0.7685756081517335,1,0,0.23142439184826646,,15.0,7,3,0
2026-07-04,824415,k5,pitcher,Parker Messick,0.7943722426420727,0,1,-0.7943722426420727,,15.0,4,2,0
2026-07-04,824499,k5,pitcher,Hunter Greene,0.792689443312309,1,0,0.20731055668769105,,10.0,13,3,0
2026-07-05,822715,k5,pitcher,Cade Cavalli,0.7038094662092105,0,1,-0.7038094662092105,,7.0,16,6,0
2026-07-05,823525,k5,pitcher,Joe Ryan,0.812555074481199,1,0,0.187444925518801,,21.0,7,5,0
2026-07-05,823932,k5,pitcher,Yoshinobu Yamamoto,0.8266756113959308,1,0,0.17332438860406918,,21.0,3,3,0
2026-07-05,824012,k5,pitcher,Sonny Gray,0.8349615613338283,1,0,0.16503843866617174,,18.0,9,7,0
2026-07-05,824092,k5,pitcher,Jesús Luzardo,0.7347093813295236,1,0,0.26529061867047643,,18.0,7,5,0
2026-07-05,824497,k5,pitcher,Kyle Bradish,0.7956824161027545,1,0,0.20431758389724552,,23.0,5,1,0
2026-07-05,824902,k5,pitcher,Nolan McLean,0.7684010873873642,1,0,0.23159891261263577,,18.0,19,1,0
2026-07-05,824903,k5,pitcher,Chris Sale,0.8882763915288377,0,1,-0.8882763915288377,,15.0,17,11,0
2026-07-06,822958,k5,pitcher,Griffin Jax,0.7412374166552964,1,0,0.2587625833447036,,15.0,6,4,0
2026-07-06,822958,k5,pitcher,Cam Schlittler,0.7134763789891976,1,0,0.2865236210108024,,24.0,6,4,0
2026-07-06,824010,k5,pitcher,Ranger Suarez,0.763543208918414,1,0,0.23645679108158602,,8.0,12,2,0
2026-07-07,823062,k5,pitcher,Jacob Misiorowski,0.8881615907277203,1,0,0.11183840927227973,,21.0,7,1,0
2026-07-07,823361,k5,pitcher,Paul Skenes,0.8847014315287851,0,1,-0.8847014315287851,,18.0,16,8,0
2026-07-07,823687,k5,pitcher,Taj Bradley,0.7050050722220366,1,0,0.29499492777796343,,21.0,4,2,0
2026-07-07,823847,k5,pitcher,Max Meyer,0.7303845592170685,0,1,-0.7303845592170685,,15.0,11,1,1
2026-07-07,824254,k5,pitcher,Tarik Skubal,0.8857869742889694,1,0,0.11421302571103065,,15.0,8,4,0
2026-07-07,824495,k5,pitcher,Zack Wheeler,0.8785620661633902,1,0,0.12143793383660983,,21.0,5,3,0
2026-07-08,822881,k5,pitcher,Jacob deGrom,0.8719387791446687,1,0,0.12806122085533134,,15.0,11,5,0
2026-07-08,823202,k5,pitcher,Dylan Cease,0.8592453835250268,1,0,0.14075461647497323,,24.0,10,10,0
2026-07-08,824496,k5,pitcher,Chase Burns,0.8517853044151823,0,1,-0.8517853044151823,,15.0,16,6,0
2026-07-09,822880,k5,pitcher,MacKenzie Gore,0.8363942738642463,1,0,0.16360572613575375,,15.0,14,12,0
2026-07-09,822954,k5,pitcher,Drew Rasmussen,0.7825479420160251,0,1,-0.7825479420160251,,7.0,16,8,0
2026-07-09,824494,k5,pitcher,Jesús Luzardo,0.8543414361442889,1,0,0.14565856385571108,,21.0,1,1,0
2026-07-10,822877,k5,pitcher,Nathan Eovaldi,0.8376429828297437,1,0,0.1623570171702563,,18.0,13,1,0
2026-07-10,822877,k5,pitcher,Reid Detmers,0.7100315921139659,1,0,0.28996840788603406,,12.0,13,1,0
2026-07-10,823604,k5,pitcher,Nolan McLean,0.8318372878412814,1,0,0.16816271215871859,,18.0,8,4,0
2026-07-10,823604,k5,pitcher,Sonny Gray,0.7684714016748576,0,1,-0.7684714016748576,,18.0,8,4,0
2026-07-10,824252,k5,pitcher,Jack Flaherty,0.7482190800936156,1,0,0.2517809199063844,,18.0,12,8,0
2026-07-10,824493,k5,pitcher,Hunter Greene,0.730751896694178,1,0,0.26924810330582205,,21.0,4,4,0
2026-07-10,824575,k5,pitcher,Sean Burke,0.7410313563818964,1,0,0.25896864361810357,,21.0,15,13,0
2026-07-11,822711,k5,pitcher,Cam Schlittler,0.8144876568699725,1,0,0.1855123431300275,,20.0,6,2,0
2026-07-11,822953,k5,pitcher,Griffin Jax,0.7697616585121614,0,1,-0.7697616585121614,,15.0,7,5,0
2026-07-11,822953,k5,pitcher,Logan Gilbert,0.7381962922660337,1,0,0.26180370773396633,,20.0,7,5,0
2026-07-11,823033,k5,pitcher,Chris Sale,0.8091870946920274,1,0,0.19081290530797257,,9.0,3,1,0
2026-07-11,823200,k5,pitcher,Robbie Ray,0.762163781358738,0,1,-0.762163781358738,,15.0,7,1,0
2026-07-11,823357,k5,pitcher,Braxton Ashcraft,0.7456868382576637,1,0,0.2543131617423363,,15.0,13,1,0
2026-07-11,823603,k5,pitcher,Freddy Peralta,0.70491422322473,1,0,0.29508577677527004,,13.0,4,4,0
2026-07-11,823682,k5,pitcher,Joe Ryan,0.8917398865135505,1,0,0.10826011348644948,,18.0,8,2,0
2026-07-11,823685,k5,pitcher,Zebby Matthews,0.7321510084350704,0,1,-0.7321510084350704,,18.0,7,1,0
2026-07-11,823844,k5,pitcher,Eury Pérez,0.7020823971749999,1,0,0.2979176028250001,,18.0,5,3,0
2026-07-11,824813,k5,pitcher,Kyle Bradish,0.7862936080789492,1,0,0.2137063919210508,,20.0,7,5,0
2026-07-12,822876,k5,pitcher,MacKenzie Gore,0.7644078283220537,0,1,-0.7644078283220537,,12.0,11,1,0
2026-07-12,822951,k5,pitcher,Ian Seymour,0.7327861237277034,0,1,-0.7327861237277034,,10.0,10,6,0
2026-07-12,823358,k5,pitcher,Paul Skenes,0.8692912499519407,1,0,0.13070875004805926,,16.0,19,9,0
2026-07-12,823681,k5,pitcher,Taj Bradley,0.8331222743851658,1,0,0.16687772561483416,,21.0,6,2,0
2026-07-12,823926,k5,pitcher,Yoshinobu Yamamoto,0.7754965848504883,1,0,0.22450341514951166,,18.0,11,7,0
2026-07-12,824250,k5,pitcher,Tarik Skubal,0.9108888173453862,1,0,0.08911118265461382,,15.0,5,5,0
2026-07-12,824250,k5,pitcher,Zack Wheeler,0.8896628892456243,1,0,0.11033711075437569,,18.0,5,5,0
2026-07-17,824901,k5,pitcher,Chris Sale,0.8656884730207887,1,0,0.13431152697921134,,21.0,16,14,0
2026-07-18,823441,k5,pitcher,Jesús Luzardo,0.8206342625009592,1,0,0.17936573749904083,,15.0,7,5,0
2026-07-18,824009,k5,pitcher,Reid Detmers,0.7854847325625198,1,0,0.21451526743748017,,18.0,3,1,0
2026-07-18,824169,k5,pitcher,Spencer Arrighetti,0.7047153305569863,1,0,0.2952846694430137,,15.0,6,2,1
2026-07-18,824414,k5,pitcher,Gavin Williams,0.8087638751541423,1,0,0.19123612484585772,,18.0,8,6,0
2026-07-19,823113,k5,pitcher,Logan Gilbert,0.8167732835022241,1,0,0.1832267164977759,,18.0,9,3,0
2026-07-19,823439,k5,pitcher,Nolan McLean,0.812702766180456,1,0,0.187297233819544,,18.0,7,5,0
2026-07-19,823523,k5,pitcher,Cam Schlittler,0.80657520557947,1,0,0.19342479442052996,,13.0,10,6,0
2026-07-19,823523,k5,pitcher,Yoshinobu Yamamoto,0.8359188985295366,1,0,0.1640811014704634,,27.0,10,6,0
2026-07-19,824008,k5,pitcher,Tarik Skubal,0.9106831901404566,1,0,0.08931680985954338,,21.0,7,7,0
2026-07-19,824168,k5,pitcher,Hunter Brown,0.7722520413837426,0,1,-0.7722520413837426,,14.0,7,3,0
2026-07-19,824330,k5,pitcher,Hunter Greene,0.7887911159529405,1,0,0.2112088840470595,,18.0,15,3,0
2026-07-19,824411,k5,pitcher,Joey Cantillo,0.8193383550106617,1,0,0.18066164498933834,,15.0,8,6,0
2026-07-19,824411,k5,pitcher,Paul Skenes,0.840452103389323,1,0,0.15954789661067703,,21.0,8,6,0
2026-07-19,824897,k5,pitcher,Nathan Eovaldi,0.718848166101478,0,1,-0.718848166101478,,12.0,13,3,0
2026-07-20,822788,k5,pitcher,Dylan Cease,0.8354237625027058,1,0,0.16457623749729422,,18.0,8,6,0
2026-07-20,823522,k5,pitcher,Braxton Ashcraft,0.7574590572777555,0,1,-0.7574590572777555,,9.0,13,3,0
2026-07-20,823762,k5,pitcher,Jacob Misiorowski,0.899581923391159,1,0,0.10041807660884094,,12.0,11,5,0
2026-07-20,824410,k5,pitcher,Joe Ryan,0.7847051581102894,0,1,-0.7847051581102894,,12.0,17,9,0
2026-07-21,822874,k5,pitcher,Jacob deGrom,0.8261089348576708,1,0,0.17389106514232922,,14.0,13,7,0
2026-07-21,823112,k5,pitcher,George Kirby,0.7765648266190632,1,0,0.22343517338093677,,18.0,8,8,0
2026-07-21,823437,k5,pitcher,Zack Wheeler,0.8751988721011099,1,0,0.12480112789889009,,21.0,3,1,0
2026-07-22,823114,k5,pitcher,Chase Burns,0.7480852037417247,1,0,0.2519147962582753,,15.0,6,2,0
2026-07-22,823518,k5,pitcher,Gerrit Cole,0.7859516561793857,1,0,0.21404834382061433,,21.0,8,2,1
2026-07-22,824004,k5,pitcher,Reid Detmers,0.7231736938101947,1,0,0.2768263061898053,,16.0,1,1,0
2026-07-23,824406,k5,pitcher,Gavin Williams,0.7803828657614644,1,0,0.21961713423853557,,21.0,4,2,1
2026-07-23,824406,k5,pitcher,Taj Bradley,0.71742901129,1,0,0.28257098870999997,,21.0,4,2,1
2026-07-23,824893,k5,pitcher,Chris Sale,0.8604414671978021,1,0,0.13955853280219788,,18.0,11,1,0
2026-07-24,823434,k5,pitcher,Jesús Luzardo,0.8502712756515571,1,0,0.14972872434844287,,21.0,1,1,0
2026-07-24,823434,k5,pitcher,Cam Schlittler,0.8327701777534354,1,0,0.16722982224656457,,22.0,1,1,0
2026-07-24,824248,k5,pitcher,Tarik Skubal,0.885456958933715,1,0,0.11454304106628499,,22.0,3,1,0
2026-07-25,822869,k5,pitcher,Nathan Eovaldi,0.7590338151642658,1,0,0.24096618483573418,,21.0,8,6,0
2026-07-25,822872,k5,pitcher,MacKenzie Gore,0.7480024818857307,1,0,0.2519975181142693,,15.0,9,1,0
2026-07-25,823027,k5,pitcher,Hunter Greene,0.7733874688779401,0,1,-0.7733874688779401,,16.0,7,7,0
2026-07-25,823196,k5,pitcher,Logan Webb,0.7699239969772721,0,1,-0.7699239969772721,,18.0,13,1,1
2026-07-25,823197,k5,pitcher,Robbie Ray,0.7771862088538515,1,0,0.22281379114614852,,18.0,11,7,0
2026-07-25,823355,k5,pitcher,Paul Skenes,0.8698274278607825,1,0,0.1301725721392175,,16.0,11,11,0
2026-07-25,823600,k5,pitcher,Nolan McLean,0.8065854716898021,1,0,0.1934145283101979,,18.0,7,1,0
2026-07-25,823600,k5,pitcher,Yoshinobu Yamamoto,0.8112325652169601,1,0,0.18876743478303992,,18.0,7,1,0
2026-07-25,823841,k5,pitcher,Eury Pérez,0.8004408516675904,0,1,-0.8004408516675904,,21.0,9,5,0
2026-07-25,824571,k5,pitcher,Hunter Brown,0.7247490661474875,1,0,0.27525093385251254,,21.0,5,3,0
2026-07-25,824734,k5,pitcher,Dylan Cease,0.8662843218519197,1,0,0.13371567814808027,,27.0,6,6,0
2026-07-26,822870,k5,pitcher,Jacob deGrom,0.8095361604227963,0,1,-0.8095361604227963,,15.0,10,2,0
2026-07-26,822870,k5,pitcher,Logan Gilbert,0.8114093493440088,0,1,-0.8114093493440088,,17.0,10,2,0
2026-07-26,823354,k5,pitcher,Braxton Ashcraft,0.7062494807872003,1,0,0.2937505192127997,,18.0,15,1,0
2026-07-26,823433,k5,pitcher,Cristopher Sánchez,0.8044354849687704,1,0,0.19556451503122962,,18.0,15,7,0
2026-07-26,823599,k5,pitcher,Freddy Peralta,0.712842844114066,0,1,-0.712842844114066,,12.0,11,5,0
2026-07-26,823755,k5,pitcher,Jacob Misiorowski,0.9209380997856959,1,0,0.07906190021430415,,15.0,13,9,0
2026-07-27,823839,k5,pitcher,Zack Wheeler,0.8804192851791268,1,0,0.11958071482087318,,9.0,15,1,0
2026-07-27,824245,k5,pitcher,Kyle Bradish,0.717156775727133,0,1,-0.717156775727133,,14.0,13,3,0
2026-07-28,822949,k5,pitcher,Griffin Jax,0.7515983229682357,1,0,0.2484016770317643,,17.0,5,3,0
2026-07-28,823676,k5,pitcher,Taj Bradley,0.732508534231817,1,0,0.26749146576818295,,18.0,5,1,0
2026-07-28,824243,k5,pitcher,Troy Melton,0.726177861110087,1,0,0.273822138889913,,21.0,14,14,0
2026-07-28,824489,k5,pitcher,Gavin Williams,0.8237357523933438,1,0,0.17626424760665615,,21.0,2,2,0
2026-07-28,824490,k5,pitcher,Chase Burns,0.7379680746679099,0,1,-0.7379680746679099,,15.0,11,1,0
2026-07-28,824569,k5,pitcher,Gerrit Cole,0.7494849856589352,1,0,0.2505150143410648,,18.0,5,1,0
2026-07-29,823275,k5,pitcher,Michael King,0.7450650356314723,1,0,0.2549349643685277,,18.0,15,1,0
2026-07-29,823598,k5,pitcher,Chris Sale,0.8335694331470165,1,0,0.16643056685298352,,18.0,1,1,0
2026-07-29,823677,k5,pitcher,Joe Ryan,0.7561934137481323,0,1,-0.7561934137481323,,18.0,4,4,0
2026-07-29,823837,k5,pitcher,Jesús Luzardo,0.7823409182759085,1,0,0.21765908172409154,,19.0,14,2,0
2026-07-29,824003,k5,pitcher,Reid Detmers,0.730536136765991,1,0,0.26946386323400895,,15.0,5,1,0
2026-07-29,824242,k5,pitcher,Tarik Skubal,0.9342158799804975,1,0,0.06578412001950251,,20.0,19,1,1
2026-07-29,824487,k5,pitcher,Joey Cantillo,0.7413219009278357,1,0,0.2586780990721643,,12.0,7,5,0
2026-07-29,824567,k5,pitcher,Cam Schlittler,0.8548204470915027,1,0,0.14517955290849727,,19.0,11,1,1
2026-07-30,823595,k5,pitcher,Nolan McLean,0.8414891802859519,1,0,0.15851081971404812,,19.0,6,2,0
2026-07-30,823595,k5,pitcher,Eury Pérez,0.7404195832161543,1,0,0.2595804167838457,,18.0,6,2,0
2026-07-30,824568,k5,pitcher,Sean Burke,0.806697045974524,1,0,0.19330295402547604,,18.0,3,1,1
2026-07-31,822782,k5,pitcher,Dylan Cease,0.8899417332453936,1,0,0.1100582667546064,,18.0,4,2,0
2026-07-31,824486,k5,pitcher,Hunter Greene,0.8833205650619852,0,1,-0.8833205650619852,,18.0,15,1,0
2026-07-31,824486,k5,pitcher,Paul Skenes,0.898785061958153,1,0,0.101214938041847,,12.0,15,1,0
2026-08-01,823109,k5,pitcher,Logan Gilbert,0.8342563130179141,1,0,0.16574368698208586,,21.0,7,1,0
2026-08-01,823999,k5,pitcher,Shane Drohan,0.7191931437997049,1,0,0.2808068562002951,,18.0,8,4,0
2026-08-01,824164,k5,pitcher,Hunter Brown,0.7568764554353491,1,0,0.2431235445646509,,17.0,13,9,0
2026-08-01,824485,k5,pitcher,Braxton Ashcraft,0.7226264948503671,1,0,0.2773735051496329,,15.0,5,3,0
2026-08-01,824808,k5,pitcher,Cristopher Sánchez,0.7527826546939671,1,0,0.2472173453060329,,18.0,5,5,0
2026-08-02,822943,k5,pitcher,Griffin Jax,0.8246962513897109,1,0,0.17530374861028908,,15.0,10,8,0
2026-08-02,823107,k5,pitcher,Taj Bradley,0.7443693288840909,0,1,-0.7443693288840909,,18.0,13,1,0
2026-08-02,823919,k5,pitcher,Emmet Sheehan,0.7309555673547754,0,1,-0.7309555673547754,,8.0,12,4,0
2026-08-02,823920,k5,pitcher,Yoshinobu Yamamoto,0.8476689965728857,0,1,-0.8476689965728857,,24.0,5,1,0
2026-08-02,823996,k5,pitcher,Jacob Misiorowski,0.9237714484629247,1,0,0.0762285515370753,,21.0,3,3,0
2026-08-02,824404,k5,pitcher,Gavin Williams,0.7668352655669561,1,0,0.23316473443304386,,17.0,5,5,0
2026-08-02,824483,k5,pitcher,Chase Burns,0.7934362666880777,1,0,0.20656373331192235,,18.0,12,8,0
2026-08-02,824648,k5,pitcher,Gerrit Cole,0.7102125724234377,1,0,0.2897874275765623,,17.0,3,1,0
2026-08-02,824807,k5,pitcher,Kyle Bradish,0.7980406288890017,0,1,-0.7980406288890017,,9.0,8,8,0
2026-08-02,824807,k5,pitcher,Zack Wheeler,0.900515840110572,0,1,-0.900515840110572,,6.0,8,8,0
2026-08-03,823520,k5,pitcher,Cam Schlittler,0.8289500033861247,1,0,0.17104999661387532,,9.0,20,6,0
2026-08-04,823432,k5,pitcher,Jesús Luzardo,0.8176707639114756,1,0,0.18232923608852436,,24.0,5,5,0
2026-08-04,823756,k5,pitcher,Logan Henderson,0.7978353541690869,1,0,0.2021646458309131,,18.0,6,2,0
2026-08-04,824084,k5,pitcher,Joe Ryan,0.7042641904019781,0,1,-0.7042641904019781,,16.0,10,6,0
2026-08-04,824403,k5,pitcher,Joey Cantillo,0.7465394323015808,1,0,0.2534605676984192,,15.0,8,4,0
2026-08-05,824645,k5,pitcher,Tarik Skubal,0.8728438351798892,1,0,0.12715616482011083,,18.0,6,4,0
2026-04-01,823158,k6,pitcher,Logan Gilbert,0.7366852208027324,1,0,0.26331477919726765,,16.0,5,5,0
2026-04-01,824211,k6,pitcher,Garrett Crochet,0.7365141103075104,1,0,0.26348588969248965,,15.0,10,2,0
2026-04-01,824212,k6,pitcher,Hunter Brown,0.7050641169657578,1,0,0.29493588303424223,,18.0,11,7,0
2026-04-01,824940,k6,pitcher,Chris Sale,0.8928129392846648,0,1,-0.8928129392846648,,18.0,6,4,0
2026-04-01,825106,k6,pitcher,Tarik Skubal,0.7063950606442628,0,1,-0.7063950606442628,,21.0,1,1,0
2026-04-02,823970,k6,pitcher,Yoshinobu Yamamoto,0.7486181687113121,0,1,-0.7486181687113121,,18.0,5,3,0
2026-04-02,824133,k6,pitcher,Cole Ragans,0.7142475821929078,1,0,0.28575241780709215,,18.0,6,4,0
2026-04-03,824621,k6,pitcher,Dylan Cease,0.7976441372650108,1,0,0.20235586273498918,,13.0,9,1,1
2026-04-07,823567,k6,pitcher,Cam Schlittler,0.7048075852251741,1,0,0.29519241477482594,,15.0,8,2,0
2026-04-07,823727,k6,pitcher,Tarik Skubal,0.7849784619150575,1,0,0.2150215380849425,,14.0,6,2,0
2026-04-07,824052,k6,pitcher,Chris Sale,0.8067205968688959,1,0,0.19327940313110414,,12.0,8,4,0
2026-04-07,824780,k6,pitcher,Garrett Crochet,0.8120264061490091,1,0,0.18797359385099088,,19.0,5,1,0
2026-04-08,822833,k6,pitcher,Dylan Cease,0.7235737357449951,1,0,0.27642626425500494,,15.0,7,1,0
2026-04-10,824534,k6,pitcher,Chase Burns,0.7572969770018666,0,1,-0.7572969770018666,,16.0,12,8,0
2026-04-11,823968,k6,pitcher,Tyler Glasnow,0.7923359595638909,1,0,0.2076640404361091,,18.0,15,1,0
2026-04-12,823317,k6,pitcher,Nick Pivetta,0.7326784135824724,0,1,-0.7326784135824724,,9.0,9,5,0
2026-04-12,823642,k6,pitcher,Freddy Peralta,0.7526958237542577,1,0,0.2473041762457423,,18.0,1,1,0
2026-04-12,824293,k6,pitcher,Tarik Skubal,0.7541472184441008,1,0,0.24585278155589918,,20.0,10,6,0
2026-04-12,824938,k6,pitcher,Chris Sale,0.7606135677432285,1,0,0.23938643225677148,,18.0,14,12,0
2026-04-13,823725,k6,pitcher,Garrett Crochet,0.8273976275520412,0,1,-0.8273976275520412,,5.0,19,7,0
2026-04-18,823152,k6,pitcher,Logan Gilbert,0.7666856441121108,1,0,0.23331435588788918,,16.0,5,5,0
2026-04-18,823474,k6,pitcher,Chris Sale,0.7482186250500223,1,0,0.25178137494997765,,21.0,4,2,0
2026-04-18,824373,k6,pitcher,Tyler Glasnow,0.7768635117043419,1,0,0.22313648829565813,,21.0,8,6,0
2026-04-18,824775,k6,pitcher,Tarik Skubal,0.7509613324977247,1,0,0.24903866750227532,,18.0,5,3,0
2026-04-19,824777,k6,pitcher,Garrett Crochet,0.7479188351991806,1,0,0.25208116480081944,,15.0,8,4,0
2026-04-21,824046,k6,pitcher,Dylan Cease,0.772112439306622,1,0,0.227887560693378,,15.0,7,3,0
2026-04-22,823147,k6,pitcher,Logan Gilbert,0.7893934802373054,0,1,-0.7893934802373054,,12.0,9,1,0
2026-04-23,823233,k6,pitcher,Tyler Glasnow,0.7268949620380061,1,0,0.2731050379619939,,24.0,3,3,0
2026-04-23,824288,k6,pitcher,Tarik Skubal,0.8178087258694712,0,1,-0.8178087258694712,,18.0,9,1,0
2026-04-25,823799,k6,pitcher,Jacob Misiorowski,0.7672615410365353,1,0,0.23273845896346468,,18.0,9,3,1
2026-04-25,824121,k6,pitcher,Cole Ragans,0.7106322976002782,1,0,0.28936770239972176,,18.0,13,11,0
2026-04-25,824851,k6,pitcher,Garrett Crochet,0.7763658842094204,1,0,0.22363411579057957,,18.0,18,16,0
2026-04-26,823635,k6,pitcher,Nolan McLean,0.7820921348298148,1,0,0.21790786517018523,,15.0,4,2,0
2026-04-26,824934,k6,pitcher,Chris Sale,0.7714536883566475,1,0,0.22854631164335248,,18.0,8,4,0
2026-04-27,822825,k6,pitcher,Dylan Cease,0.8015289840180411,0,1,-0.8015289840180411,,17.0,5,5,0
2026-04-29,822908,k6,pitcher,Jacob deGrom,0.7006190471055169,0,1,-0.7006190471055169,,18.0,5,1,0
2026-04-29,823958,k6,pitcher,Tyler Glasnow,0.7826464482638522,1,0,0.2173535517361478,,17.0,5,1,0
2026-04-29,824930,k6,pitcher,Tarik Skubal,0.7095322777803205,1,0,0.29046772221967954,,21.0,7,1,0
2026-04-30,823391,k6,pitcher,Paul Skenes,0.7761874927108642,1,0,0.22381250728913582,,15.0,15,5,0
2026-05-01,822744,k6,pitcher,Jacob Misiorowski,0.7047530820328978,1,0,0.29524691796710223,,16.0,7,5,0
2026-05-02,823715,k6,pitcher,Dylan Cease,0.740788381974533,1,0,0.259211618025467,,21.0,15,7,0
2026-05-03,824042,k6,pitcher,Nolan McLean,0.7354338605434851,1,0,0.26456613945651486,,12.0,7,1,1
2026-05-03,824365,k6,pitcher,Chris Sale,0.8252438086869804,1,0,0.17475619131301956,,21.0,10,8,0
2026-05-04,823552,k6,pitcher,Cam Schlittler,0.7597458335603575,0,1,-0.7597458335603575,,17.0,13,11,0
2026-05-06,823470,k6,pitcher,Zack Wheeler,0.7598894769375212,0,1,-0.7598894769375212,,19.0,9,3,0
2026-05-07,825091,k6,pitcher,Paul Skenes,0.7268086853987868,1,0,0.27319131460121315,,24.0,1,1,0
2026-05-08,822822,k6,pitcher,Dylan Cease,0.8452998302163438,1,0,0.1547001697836562,,21.0,2,2,0
2026-05-08,823466,k6,pitcher,Jesús Luzardo,0.7460761378989118,1,0,0.2539238621010882,,9.0,16,2,1
2026-05-08,823794,k6,pitcher,Jacob Misiorowski,0.7499910098356083,1,0,0.2500089901643917,,18.0,6,6,0
2026-05-09,823957,k6,pitcher,Chris Sale,0.8073688609075552,1,0,0.19263113909244478,,21.0,4,2,0
2026-05-10,823463,k6,pitcher,Cristopher Sánchez,0.7732904208296836,1,0,0.22670957917031642,,21.0,6,6,0
2026-05-12,823385,k6,pitcher,Paul Skenes,0.8868266575573411,1,0,0.11317334244265886,,24.0,4,2,0
2026-05-13,822815,k6,pitcher,Dylan Cease,0.7179675028074338,1,0,0.2820324971925662,,21.0,8,2,1
2026-05-13,823791,k6,pitcher,Jacob Misiorowski,0.8188908246575,1,0,0.18110917534250004,,21.0,4,2,0
2026-05-13,824841,k6,pitcher,Kyle Bradish,0.7248561829503687,1,0,0.2751438170496313,,18.0,7,7,0
2026-05-14,823630,k6,pitcher,Nolan McLean,0.7255269215159434,1,0,0.27447307848405655,,21.0,13,5,0
2026-05-14,824926,k6,pitcher,Chris Sale,0.8514641115512273,1,0,0.14853588844877275,,18.0,2,2,0
2026-05-16,823139,k6,pitcher,Logan Gilbert,0.7198493427984385,0,1,-0.7198493427984385,,20.0,11,3,0
2026-05-17,823381,k6,pitcher,Paul Skenes,0.8393381919321214,1,0,0.16066180806787855,,15.0,6,6,0
2026-05-17,823381,k6,pitcher,Zack Wheeler,0.7416033106206419,1,0,0.2583966893793581,,21.0,6,6,0
2026-05-19,823301,k6,pitcher,Yoshinobu Yamamoto,0.7295114231448006,1,0,0.27048857685519945,,21.0,1,1,0
2026-05-19,823548,k6,pitcher,Dylan Cease,0.7961897989402559,1,0,0.20381020105974412,,15.0,9,1,0
2026-05-19,824677,k6,pitcher,Jacob Misiorowski,0.7465623048142771,1,0,0.2534376951857229,,18.0,7,3,0
2026-05-20,823866,k6,pitcher,Chris Sale,0.8303618353543889,1,0,0.1696381646456111,,21.0,10,8,0
2026-05-21,823299,k6,pitcher,Shohei Ohtani,0.7021934406291198,0,1,-0.7021934406291198,,15.0,4,4,0
2026-05-23,822814,k6,pitcher,Paul Skenes,0.7350455351528616,0,1,-0.7350455351528616,,15.0,7,3,0
2026-05-23,824029,k6,pitcher,Jacob deGrom,0.7211664263346439,0,1,-0.7211664263346439,,9.0,15,3,0
2026-05-24,822813,k6,pitcher,Dylan Cease,0.8436148495856232,1,0,0.15638515041437684,,14.0,5,3,0
2026-05-25,823625,k6,pitcher,Nolan McLean,0.7239042560116496,1,0,0.27609574398835035,,10.0,9,5,0
2026-05-25,823784,k6,pitcher,Jacob Misiorowski,0.8080170299616168,1,0,0.19198297003838316,,21.0,6,4,0
2026-05-27,823295,k6,pitcher,Cristopher Sánchez,0.7121853905894243,1,0,0.2878146094105757,,21.0,3,3,0
2026-05-28,823378,k6,pitcher,Paul Skenes,0.8163623430328176,1,0,0.18363765696718237,,16.0,9,5,0
2026-05-28,823947,k6,pitcher,Shohei Ohtani,0.7557722529672642,1,0,0.24422774703273575,,18.0,5,3,0
2026-05-28,824757,k6,pitcher,Chris Sale,0.8089661654337572,1,0,0.1910338345662428,,15.0,12,8,0
2026-05-31,823944,k6,pitcher,Yoshinobu Yamamoto,0.7272468722004278,1,0,0.27275312779957217,,16.0,10,8,0
2026-05-31,824187,k6,pitcher,Jacob Misiorowski,0.7996553624921529,1,0,0.20034463750784715,,21.0,2,2,0
2026-06-03,823456,k6,pitcher,Cristopher Sánchez,0.7474968410840162,1,0,0.25250315891598385,,21.0,5,1,0
2026-06-04,823457,k6,pitcher,Zack Wheeler,0.7728003006212112,1,0,0.2271996993787888,,21.0,10,2,0
2026-06-04,824188,k6,pitcher,Paul Skenes,0.767231718497315,1,0,0.23276828150268503,,14.0,20,2,0
2026-06-04,824919,k6,pitcher,Chris Sale,0.7935281236344062,1,0,0.20647187636559383,,17.0,9,5,0
2026-06-06,823697,k6,pitcher,Joe Ryan,0.7085386236615477,0,1,-0.7085386236615477,,18.0,5,1,0
2026-06-07,823942,k6,pitcher,Yoshinobu Yamamoto,0.8210289957981987,0,1,-0.8210289957981987,,24.0,11,7,0
2026-06-07,824351,k6,pitcher,Jacob Misiorowski,0.8393400477170068,1,0,0.16065995228299323,,21.0,8,6,0
2026-06-09,822805,k6,pitcher,Dylan Cease,0.7316284509721989,1,0,0.26837154902780114,,18.0,5,1,0
2026-06-09,823374,k6,pitcher,Paul Skenes,0.8108207225673855,1,0,0.18917927743261453,,18.0,15,9,0
2026-06-10,824590,k6,pitcher,Chris Sale,0.8534889445035708,1,0,0.14651105549642918,,17.0,3,1,0
2026-06-11,824022,k6,pitcher,Reid Detmers,0.7280795613375,1,0,0.27192043866250004,,21.0,5,1,1
2026-06-12,823778,k6,pitcher,Jacob Misiorowski,0.8842629268178627,1,0,0.11573707318213733,,27.0,6,6,0
2026-06-13,824587,k6,pitcher,Yoshinobu Yamamoto,0.7313811996143291,1,0,0.2686188003856709,,25.0,8,6,0
2026-06-14,823368,k6,pitcher,Paul Skenes,0.8253478674085081,1,0,0.17465213259149193,,18.0,6,2,0
2026-06-15,823452,k6,pitcher,Zack Wheeler,0.7446363576602537,1,0,0.2553636423397463,,18.0,7,7,0
2026-06-15,824505,k6,pitcher,Chase Burns,0.7136782547033821,1,0,0.2863217452966179,,15.0,12,12,0
2026-06-16,824750,k6,pitcher,Dylan Cease,0.7033308383151966,1,0,0.2966691616848034,,15.0,7,5,0
2026-06-17,823128,k6,pitcher,Logan Gilbert,0.7195049038330974,1,0,0.2804950961669026,,21.0,4,2,0
2026-06-19,823534,k6,pitcher,Cam Schlittler,0.7265294359823853,1,0,0.2734705640176147,,18.0,5,5,0
2026-06-19,824264,k6,pitcher,Tarik Skubal,0.7937148969982111,1,0,0.20628510300178893,,17.0,7,1,0
2026-06-19,824910,k6,pitcher,Jacob Misiorowski,0.8486558700232255,1,0,0.1513441299767745,,18.0,5,1,0
2026-06-20,824909,k6,pitcher,Chris Sale,0.7821163930816499,1,0,0.21788360691835007,,17.0,7,1,0
2026-06-21,823123,k6,pitcher,Logan Gilbert,0.7501233229107496,1,0,0.24987667708925043,,19.0,4,2,0
2026-06-21,823449,k6,pitcher,Zack Wheeler,0.7585581191486791,1,0,0.2414418808513209,,17.0,8,4,0
2026-06-21,823937,k6,pitcher,Yoshinobu Yamamoto,0.7667214948511393,1,0,0.23327850514886073,,18.0,5,1,0
2026-06-21,824342,k6,pitcher,Paul Skenes,0.7835038209935848,1,0,0.21649617900641516,,18.0,3,1,0
2026-06-22,822800,k6,pitcher,Dylan Cease,0.7656945880192755,1,0,0.23430541198072452,,17.0,6,2,0
2026-06-24,824259,k6,pitcher,Tarik Skubal,0.8146046060814194,1,0,0.18539539391858062,,18.0,6,2,0
2026-06-26,823363,k6,pitcher,Paul Skenes,0.9061198860598809,1,0,0.09388011394011908,,15.0,10,2,0
2026-06-26,823610,k6,pitcher,Zack Wheeler,0.7377076508238566,0,1,-0.7377076508238566,,21.0,3,1,0
2026-06-26,823773,k6,pitcher,Jacob Misiorowski,0.8698678164644906,1,0,0.13013218353550937,,18.0,8,4,0
2026-06-27,822794,k6,pitcher,Dylan Cease,0.8012907100668103,1,0,0.1987092899331897,,14.0,11,3,0
2026-06-27,823364,k6,pitcher,Chase Burns,0.7156554301644583,1,0,0.2843445698355417,,18.0,16,2,0
2026-06-28,823204,k6,pitcher,Chris Sale,0.7449720006311903,1,0,0.2550279993688097,,18.0,5,1,0
2026-06-28,823283,k6,pitcher,Yoshinobu Yamamoto,0.7175087775438074,0,1,-0.7175087775438074,,18.0,18,12,0
2026-06-28,824744,k6,pitcher,Sonny Gray,0.7026368458169694,1,0,0.2973631541830306,,22.0,9,1,1
2026-06-30,823445,k6,pitcher,Cristopher Sánchez,0.7122084305779318,1,0,0.2877915694220682,,21.0,8,8,0
2026-06-30,823528,k6,pitcher,Cam Schlittler,0.7705427127443343,0,1,-0.7705427127443343,,12.0,12,6,0
2026-06-30,823528,k6,pitcher,Tarik Skubal,0.7779531687569008,1,0,0.2220468312430992,,18.0,12,6,0
2026-07-01,823446,k6,pitcher,Zack Wheeler,0.8344742007596577,1,0,0.16552579924034228,,14.0,16,4,0
2026-07-01,823446,k6,pitcher,Paul Skenes,0.8367312534908016,0,1,-0.8367312534908016,,12.0,16,4,0
2026-07-02,823765,k6,pitcher,Jacob Misiorowski,0.9211655487836418,1,0,0.07883445121635824,,15.0,9,5,0
2026-07-04,823120,k6,pitcher,Dylan Cease,0.7955488990303324,1,0,0.20445110096966757,,21.0,2,2,0
2026-07-05,823932,k6,pitcher,Yoshinobu Yamamoto,0.7213668656486772,1,0,0.27863313435132275,,21.0,3,3,0
2026-07-05,824012,k6,pitcher,Sonny Gray,0.708501122059125,1,0,0.29149887794087503,,18.0,9,7,0
2026-07-05,824903,k6,pitcher,Chris Sale,0.8378516092254048,0,1,-0.8378516092254048,,15.0,17,11,0
2026-07-07,823062,k6,pitcher,Jacob Misiorowski,0.8372970332465133,1,0,0.16270296675348672,,21.0,7,1,0
2026-07-07,823361,k6,pitcher,Paul Skenes,0.8277876317287441,0,1,-0.8277876317287441,,18.0,16,8,0
2026-07-07,824254,k6,pitcher,Tarik Skubal,0.8246836600501666,1,0,0.17531633994983342,,15.0,8,4,0
2026-07-07,824495,k6,pitcher,Zack Wheeler,0.7979606101172468,1,0,0.20203938988275316,,21.0,5,3,0
2026-07-08,822881,k6,pitcher,Jacob deGrom,0.764565006439817,1,0,0.23543499356018305,,15.0,11,5,0
2026-07-08,823202,k6,pitcher,Dylan Cease,0.7782756706382333,1,0,0.22172432936176667,,24.0,10,10,0
2026-07-08,824496,k6,pitcher,Chase Burns,0.741340299702242,0,1,-0.741340299702242,,15.0,16,6,0
2026-07-09,824494,k6,pitcher,Jesús Luzardo,0.7721084569532334,1,0,0.22789154304676662,,21.0,1,1,0
2026-07-10,822877,k6,pitcher,Nathan Eovaldi,0.7143985289066401,1,0,0.28560147109335987,,18.0,13,1,0
2026-07-10,823604,k6,pitcher,Nolan McLean,0.722050699648575,1,0,0.27794930035142495,,18.0,8,4,0
2026-07-11,822711,k6,pitcher,Cam Schlittler,0.7101386422949859,1,0,0.2898613577050141,,20.0,6,2,0
2026-07-11,823033,k6,pitcher,Chris Sale,0.7388925803189574,0,1,-0.7388925803189574,,9.0,3,1,0
2026-07-11,823682,k6,pitcher,Joe Ryan,0.8008942876212636,1,0,0.19910571237873642,,18.0,8,2,0
2026-07-12,823358,k6,pitcher,Paul Skenes,0.8114742533506529,1,0,0.18852574664934707,,16.0,19,9,0
2026-07-12,823681,k6,pitcher,Taj Bradley,0.7202894689475484,1,0,0.2797105310524516,,21.0,6,2,0
2026-07-12,824250,k6,pitcher,Tarik Skubal,0.8679465513240805,0,1,-0.8679465513240805,,15.0,5,5,0
2026-07-12,824250,k6,pitcher,Zack Wheeler,0.828278429079375,1,0,0.171721570920625,,18.0,5,5,0
2026-07-17,824901,k6,pitcher,Chris Sale,0.8105075969919943,1,0,0.18949240300800574,,21.0,16,14,0
2026-07-18,823441,k6,pitcher,Jesús Luzardo,0.7128281039333085,1,0,0.28717189606669147,,15.0,7,5,0
2026-07-19,823523,k6,pitcher,Yoshinobu Yamamoto,0.7268653747487538,1,0,0.2731346252512462,,27.0,10,6,0
2026-07-19,824008,k6,pitcher,Tarik Skubal,0.8572076149600814,1,0,0.14279238503991865,,21.0,7,7,0
2026-07-19,824411,k6,pitcher,Paul Skenes,0.7651538358957037,1,0,0.23484616410429626,,21.0,8,6,0
2026-07-20,822788,k6,pitcher,Dylan Cease,0.707580981536428,1,0,0.292419018463572,,18.0,8,6,0
2026-07-20,823762,k6,pitcher,Jacob Misiorowski,0.8334267666621894,1,0,0.1665732333378106,,12.0,11,5,0
2026-07-21,823437,k6,pitcher,Zack Wheeler,0.7896271994161089,1,0,0.21037280058389107,,21.0,3,1,0
2026-07-23,824893,k6,pitcher,Chris Sale,0.80585713742081,1,0,0.19414286257919,,18.0,11,1,0
2026-07-24,823434,k6,pitcher,Jesús Luzardo,0.7604487938492435,1,0,0.23955120615075653,,21.0,1,1,0
2026-07-24,823434,k6,pitcher,Cam Schlittler,0.7296677154741249,1,0,0.2703322845258751,,22.0,1,1,0
2026-07-24,824248,k6,pitcher,Tarik Skubal,0.8353134680884505,1,0,0.16468653191154947,,22.0,3,1,0
2026-07-25,823355,k6,pitcher,Paul Skenes,0.8068987427858498,1,0,0.19310125721415017,,16.0,11,11,0
2026-07-25,823600,k6,pitcher,Yoshinobu Yamamoto,0.7054969547107277,0,1,-0.7054969547107277,,18.0,7,1,0
2026-07-25,824734,k6,pitcher,Dylan Cease,0.7821498169294703,1,0,0.21785018307052972,,27.0,6,6,0
2026-07-26,823755,k6,pitcher,Jacob Misiorowski,0.8793602406526708,1,0,0.12063975934732918,,15.0,13,9,0
2026-07-27,823839,k6,pitcher,Zack Wheeler,0.8189677192415598,1,0,0.18103228075844024,,9.0,15,1,0
2026-07-28,824489,k6,pitcher,Gavin Williams,0.7016949392203645,1,0,0.2983050607796355,,21.0,2,2,0
2026-07-29,823598,k6,pitcher,Chris Sale,0.7721289373369449,1,0,0.22787106266305512,,18.0,1,1,0
2026-07-29,824242,k6,pitcher,Tarik Skubal,0.9030844789177215,1,0,0.09691552108227852,,20.0,19,1,1
2026-07-29,824567,k6,pitcher,Cam Schlittler,0.7673824726327626,1,0,0.2326175273672374,,19.0,11,1,1
2026-07-30,823595,k6,pitcher,Nolan McLean,0.7378370186701357,1,0,0.26216298132986426,,19.0,6,2,0
2026-07-31,822782,k6,pitcher,Dylan Cease,0.8190987382787372,1,0,0.18090126172126275,,18.0,4,2,0
2026-07-31,824486,k6,pitcher,Hunter Greene,0.7862651279370286,0,1,-0.7862651279370286,,18.0,15,1,0
2026-07-31,824486,k6,pitcher,Paul Skenes,0.8480492301219313,1,0,0.15195076987806866,,12.0,15,1,0
2026-08-01,823109,k6,pitcher,Logan Gilbert,0.7186753083553317,1,0,0.28132469164466833,,21.0,7,1,0
2026-08-02,823920,k6,pitcher,Yoshinobu Yamamoto,0.742008747514258,0,1,-0.742008747514258,,24.0,5,1,0
2026-08-02,823996,k6,pitcher,Jacob Misiorowski,0.8884094645136608,1,0,0.11159053548633924,,21.0,3,3,0
2026-08-02,824807,k6,pitcher,Zack Wheeler,0.8444214343779358,0,1,-0.8444214343779358,,6.0,8,8,0
2026-08-03,823520,k6,pitcher,Cam Schlittler,0.7387527873027631,1,0,0.26124721269723694,,9.0,20,6,0
2026-08-04,823432,k6,pitcher,Jesús Luzardo,0.7089906636438013,1,0,0.29100933635619874,,24.0,5,5,0
2026-08-05,824645,k6,pitcher,Tarik Skubal,0.8087283131862296,1,0,0.19127168681377038,,18.0,6,4,0
2026-04-01,824940,k7,pitcher,Chris Sale,0.8131768196362474,0,1,-0.8131768196362474,,18.0,6,4,0
2026-04-03,824621,k7,pitcher,Dylan Cease,0.7495861431583366,0,1,-0.7495861431583366,,13.0,9,1,1
2026-04-11,823968,k7,pitcher,Tyler Glasnow,0.7060588154796518,1,0,0.29394118452034823,,18.0,15,1,0
2026-05-03,824365,k7,pitcher,Chris Sale,0.7313594783334024,1,0,0.2686405216665976,,21.0,10,8,0
2026-05-08,822822,k7,pitcher,Dylan Cease,0.737218044969829,1,0,0.262781955030171,,21.0,2,2,0
2026-05-12,823385,k7,pitcher,Paul Skenes,0.803475774145028,1,0,0.19652422585497198,,24.0,4,2,0
2026-05-13,823791,k7,pitcher,Jacob Misiorowski,0.7138875212874427,1,0,0.2861124787125573,,21.0,4,2,0
2026-05-14,824926,k7,pitcher,Chris Sale,0.7330950228112368,1,0,0.26690497718876316,,18.0,2,2,0
2026-05-17,823381,k7,pitcher,Paul Skenes,0.7032057273028085,1,0,0.2967942726971915,,15.0,6,6,0
2026-05-20,823866,k7,pitcher,Chris Sale,0.7096703473084283,1,0,0.29032965269157174,,21.0,10,8,0
2026-05-24,822813,k7,pitcher,Dylan Cease,0.7382315051038655,1,0,0.2617684948961345,,14.0,5,3,0
2026-06-07,824351,k7,pitcher,Jacob Misiorowski,0.7626547326040125,1,0,0.2373452673959875,,21.0,8,6,0
2026-06-10,824590,k7,pitcher,Chris Sale,0.7414888050006366,0,1,-0.7414888050006366,,17.0,3,1,0
2026-06-12,823778,k7,pitcher,Jacob Misiorowski,0.8084540761510113,1,0,0.19154592384898872,,27.0,6,6,0
2026-06-19,824910,k7,pitcher,Jacob Misiorowski,0.7664702911790464,1,0,0.23352970882095359,,18.0,5,1,0
2026-06-26,823363,k7,pitcher,Paul Skenes,0.8197789109384348,1,0,0.1802210890615652,,15.0,10,2,0
2026-06-26,823773,k7,pitcher,Jacob Misiorowski,0.7803431636781217,1,0,0.21965683632187827,,18.0,8,4,0
2026-07-01,823446,k7,pitcher,Zack Wheeler,0.7321605445806906,1,0,0.2678394554193094,,14.0,16,4,0
2026-07-01,823446,k7,pitcher,Paul Skenes,0.7102982366415981,0,1,-0.7102982366415981,,12.0,16,4,0
2026-07-02,823765,k7,pitcher,Jacob Misiorowski,0.8682919500077679,1,0,0.13170804999223207,,15.0,9,5,0
2026-07-05,824903,k7,pitcher,Chris Sale,0.7182917210429233,0,1,-0.7182917210429233,,15.0,17,11,0
2026-07-07,823062,k7,pitcher,Jacob Misiorowski,0.7297875037377598,1,0,0.2702124962622402,,21.0,7,1,0
2026-07-12,824250,k7,pitcher,Tarik Skubal,0.7583782916158129,0,1,-0.7583782916158129,,15.0,5,5,0
2026-07-12,824250,k7,pitcher,Zack Wheeler,0.7103676207731114,1,0,0.28963237922688856,,18.0,5,5,0
2026-07-19,824008,k7,pitcher,Tarik Skubal,0.7444528057548386,1,0,0.25554719424516137,,21.0,7,7,0
2026-07-20,823762,k7,pitcher,Jacob Misiorowski,0.7405769862807482,0,1,-0.7405769862807482,,12.0,11,5,0
2026-07-24,824248,k7,pitcher,Tarik Skubal,0.7098951367662403,1,0,0.2901048632337597,,22.0,3,1,0
2026-07-26,823755,k7,pitcher,Jacob Misiorowski,0.8127230266940254,1,0,0.1872769733059746,,15.0,13,9,0
2026-07-27,823839,k7,pitcher,Zack Wheeler,0.7160067108147153,0,1,-0.7160067108147153,,9.0,15,1,0
2026-07-29,824242,k7,pitcher,Tarik Skubal,0.8177724404520598,0,1,-0.8177724404520598,,20.0,19,1,1
2026-07-31,824486,k7,pitcher,Paul Skenes,0.7298650876998525,1,0,0.2701349123001475,,12.0,15,1,0
2026-08-02,823996,k7,pitcher,Jacob Misiorowski,0.8319850450054522,1,0,0.16801495499454777,,21.0,3,3,0
2026-08-02,824807,k7,pitcher,Zack Wheeler,0.748673442624096,0,1,-0.748673442624096,,6.0,8,8,0
2026-04-01,823157,outs16,pitcher,George Kirby,0.7293938763269681,1,0,0.27060612367303194,,18.0,8,2,0
2026-04-01,823322,outs16,pitcher,Logan Webb,0.7155214176793039,1,0,0.2844785823206961,,18.0,12,6,0
2026-04-01,823483,outs16,pitcher,Cristopher Sánchez,0.7075263525120511,1,0,0.2924736474879489,,16.0,11,1,1
2026-04-01,824212,outs16,pitcher,Hunter Brown,0.7182647302052851,1,0,0.28173526979471486,,18.0,11,7,0
2026-04-01,824940,outs16,pitcher,Chris Sale,0.7762454983531691,1,0,0.22375450164683086,,18.0,6,4,0
2026-04-05,823238,outs16,pitcher,Logan Webb,0.776638660223841,1,0,0.22336133977615902,,21.0,7,3,0
2026-04-05,823566,outs16,pitcher,Max Fried,0.7342996596673469,1,0,0.2657003403326531,,20.0,13,1,0
2026-04-07,823727,outs16,pitcher,Tarik Skubal,0.7102413330081774,0,1,-0.7102413330081774,,14.0,6,2,0
2026-04-07,823887,outs16,pitcher,Sandy Alcantara,0.7776218660603303,1,0,0.22237813393966965,,25.0,9,3,1
2026-04-08,822915,outs16,pitcher,Bryan Woo,0.7258300116811031,0,1,-0.7258300116811031,,15.0,3,3,0
2026-04-08,823235,outs16,pitcher,Cristopher Sánchez,0.7511091555638719,0,1,-0.7511091555638719,,15.0,6,6,0
2026-04-10,823482,outs16,pitcher,Jesús Luzardo,0.7517791227001003,0,1,-0.7517791227001003,,14.0,9,1,0
2026-04-11,823968,outs16,pitcher,Tyler Glasnow,0.7168544933170645,1,0,0.2831455066829355,,18.0,15,1,0
2026-04-11,824857,outs16,pitcher,Logan Webb,0.7600592219309464,1,0,0.23994077806905356,,18.0,8,4,0
2026-04-12,824293,outs16,pitcher,Tarik Skubal,0.7779152942843696,1,0,0.22208470571563044,,20.0,10,6,0
2026-04-12,824293,outs16,pitcher,Sandy Alcantara,0.7460158463419112,1,0,0.2539841536580888,,18.0,10,6,0
2026-04-12,824938,outs16,pitcher,Chris Sale,0.7108267344255964,1,0,0.2891732655744036,,18.0,14,12,0
2026-04-13,823153,outs16,pitcher,George Kirby,0.7343625891447739,1,0,0.2656374108552261,,23.0,8,4,0
2026-04-13,823481,outs16,pitcher,Cristopher Sánchez,0.7622861231047618,1,0,0.23771387689523815,,18.0,20,6,0
2026-04-13,823725,outs16,pitcher,Garrett Crochet,0.7217855931936052,0,1,-0.7217855931936052,,5.0,19,7,0
2026-04-14,824292,outs16,pitcher,Framber Valdez,0.7469552746194051,1,0,0.25304472538059486,,21.0,3,1,0
2026-04-15,823477,outs16,pitcher,Jesús Luzardo,0.7286066472276913,1,0,0.2713933527723087,,16.0,13,9,0
2026-04-16,823560,outs16,pitcher,Max Fried,0.784645432768114,1,0,0.21535456723188595,,16.0,15,7,0
2026-04-17,822752,outs16,pitcher,Logan Webb,0.7312267110711268,1,0,0.2687732889288732,,18.0,15,5,0
2026-04-18,823151,outs16,pitcher,George Kirby,0.8041202407685282,1,0,0.19587975923147183,,17.0,10,4,0
2026-04-18,823151,outs16,pitcher,Nathan Eovaldi,0.7020984076583227,0,1,-0.7020984076583227,,15.0,10,4,0
2026-04-18,823152,outs16,pitcher,Logan Gilbert,0.7509527187666163,1,0,0.2490472812333837,,16.0,5,5,0
2026-04-18,823474,outs16,pitcher,Cristopher Sánchez,0.78980998874801,1,0,0.21019001125199,,18.0,4,2,0
2026-04-18,823474,outs16,pitcher,Chris Sale,0.7168316817359863,1,0,0.2831683182640137,,21.0,4,2,0
2026-04-18,823882,outs16,pitcher,Sandy Alcantara,0.7635086729989135,0,1,-0.7635086729989135,,15.0,7,3,0
2026-04-18,824048,outs16,pitcher,José Soriano,0.7178121677013637,1,0,0.2821878322986363,,17.0,8,8,0
2026-04-18,824775,outs16,pitcher,Tarik Skubal,0.7499578955426963,1,0,0.2500421044573037,,18.0,5,3,0
2026-04-19,823150,outs16,pitcher,Bryan Woo,0.7826086507964575,1,0,0.21739134920354253,,21.0,7,3,0
2026-04-19,824777,outs16,pitcher,Garrett Crochet,0.7054976280517712,0,1,-0.7054976280517712,,15.0,8,4,0
2026-04-21,824448,outs16,pitcher,Parker Messick,0.702023820561256,0,1,-0.702023820561256,,15.0,13,3,0
2026-04-22,823147,outs16,pitcher,Logan Gilbert,0.7880384690550938,0,1,-0.7880384690550938,,12.0,9,1,0
2026-04-22,823236,outs16,pitcher,Yoshinobu Yamamoto,0.7312593870310229,1,0,0.2687406129689771,,21.0,4,2,0
2026-04-22,824044,outs16,pitcher,José Soriano,0.765308847814458,0,1,-0.765308847814458,,15.0,10,4,0
2026-04-22,824123,outs16,pitcher,Michael Wacha,0.7363071093658661,1,0,0.2636928906341339,,16.0,14,2,0
2026-04-22,824774,outs16,pitcher,Max Fried,0.7431040822652484,1,0,0.2568959177347516,,24.0,5,3,0
2026-04-23,823233,outs16,pitcher,Logan Webb,0.8180584407616908,1,0,0.18194155923830924,,21.0,3,3,0
2026-04-23,823233,outs16,pitcher,Tyler Glasnow,0.7350762910431902,1,0,0.26492370895680983,,24.0,3,3,0
2026-04-23,824288,outs16,pitcher,Tarik Skubal,0.8068700936593187,1,0,0.19312990634068128,,18.0,9,1,0
2026-04-23,824689,outs16,pitcher,Cristopher Sánchez,0.7727248869719102,1,0,0.22727511302808978,,16.0,15,1,1
2026-04-24,824529,outs16,pitcher,Framber Valdez,0.7031863103806935,0,1,-0.7031863103806935,,13.0,17,1,0
2026-04-25,822826,outs16,pitcher,Kevin Gausman,0.7096033896599789,1,0,0.29039661034002107,,20.0,8,2,0
2026-04-25,822909,outs16,pitcher,Nathan Eovaldi,0.7111563674818785,1,0,0.2888436325181215,,18.0,9,7,0
2026-04-25,823069,outs16,pitcher,George Kirby,0.7260132901248998,1,0,0.2739867098751002,,18.0,5,1,0
2026-04-25,823070,outs16,pitcher,Bryan Woo,0.7110281606263025,0,1,-0.7110281606263025,,9.0,20,2,0
2026-04-25,823232,outs16,pitcher,Sandy Alcantara,0.7222285470519902,1,0,0.27777145294800976,,18.0,13,5,0
2026-04-26,823635,outs16,pitcher,Nolan McLean,0.7728956263427414,0,1,-0.7728956263427414,,15.0,4,2,0
2026-04-26,824934,outs16,pitcher,Chris Sale,0.7750127853260237,1,0,0.2249872146739763,,18.0,8,4,0
2026-04-28,822906,outs16,pitcher,Max Fried,0.7926645637325113,1,0,0.20733543626748874,,18.0,6,2,0
2026-04-28,823473,outs16,pitcher,Jesús Luzardo,0.7433911065804352,1,0,0.25660889341956483,,21.0,7,7,0
2026-04-28,823961,outs16,pitcher,Yoshinobu Yamamoto,0.7785129977406132,0,1,-0.7785129977406132,,15.0,9,1,0
2026-04-29,822907,outs16,pitcher,Nathan Eovaldi,0.7165161121630435,1,0,0.28348388783695655,,21.0,3,3,0
2026-04-29,823717,outs16,pitcher,Taj Bradley,0.7133263237738717,1,0,0.28667367622612827,,21.0,8,2,0
2026-04-29,823717,outs16,pitcher,George Kirby,0.7518449735503724,1,0,0.2481550264496276,,17.0,8,2,0
2026-04-29,823958,outs16,pitcher,Tyler Glasnow,0.7560248262434945,1,0,0.24397517375650546,,17.0,5,1,0
2026-04-29,823958,outs16,pitcher,Sandy Alcantara,0.7085431101533155,1,0,0.2914568898466845,,18.0,5,1,0
2026-04-29,824930,outs16,pitcher,Tarik Skubal,0.7713951040408038,1,0,0.2286048959591962,,21.0,7,1,0
2026-04-30,823472,outs16,pitcher,Cristopher Sánchez,0.8472358526979602,1,0,0.1527641473020398,,20.0,5,1,0
2026-04-30,823472,outs16,pitcher,Logan Webb,0.7789267048524384,1,0,0.22107329514756158,,21.0,5,1,0
2026-04-30,824929,outs16,pitcher,Bryce Elder,0.7081571858918475,1,0,0.2918428141081525,,18.0,7,3,0
2026-05-02,823146,outs16,pitcher,Bryan Woo,0.709824923812887,1,0,0.290175076187113,,18.0,13,1,0
2026-05-03,823555,outs16,pitcher,Max Fried,0.8118346624589304,1,0,0.18816533754106957,,16.0,14,8,0
2026-05-03,823711,outs16,pitcher,Joe Ryan,0.7075705579114357,0,1,-0.7075705579114357,,1.0,7,1,0
2026-05-03,824365,outs16,pitcher,Chris Sale,0.7654169672900653,1,0,0.23458303270993475,,21.0,10,8,0
2026-05-04,822984,outs16,pitcher,Nick Martinez,0.7085832916882723,0,1,-0.7085832916882723,,15.0,6,4,0
2026-05-04,823552,outs16,pitcher,Cam Schlittler,0.7248845685610744,1,0,0.2751154314389256,,17.0,13,11,0
2026-05-04,824120,outs16,pitcher,Michael Wacha,0.7472184264461622,1,0,0.2527815735538378,,21.0,8,4,0
2026-05-05,823469,outs16,pitcher,Cristopher Sánchez,0.8531004091592161,1,0,0.14689959084078386,,24.0,10,8,0
2026-05-05,823873,outs16,pitcher,Sandy Alcantara,0.7275415462788831,0,1,-0.7275415462788831,,13.0,16,2,0
2026-05-05,824201,outs16,pitcher,Yoshinobu Yamamoto,0.7033381177586068,1,0,0.2966618822413932,,18.0,11,5,0
2026-05-05,824281,outs16,pitcher,Framber Valdez,0.7525329589804105,0,1,-0.7525329589804105,,9.0,13,7,0
2026-05-06,823141,outs16,pitcher,Bryan Woo,0.7141646720449106,1,0,0.28583532795508937,,18.0,4,2,0
2026-05-06,823142,outs16,pitcher,George Kirby,0.780387845085492,1,0,0.21961215491450803,,21.0,5,1,0
2026-05-06,823227,outs16,pitcher,Logan Webb,0.8286028415211962,0,1,-0.8286028415211962,,12.0,15,5,0
2026-05-06,823470,outs16,pitcher,Zack Wheeler,0.7010621416459893,1,0,0.29893785835401065,,19.0,9,3,0
2026-05-07,824117,outs16,pitcher,Seth Lugo,0.7646431276188199,0,1,-0.7646431276188199,,12.0,13,3,0
2026-05-07,824681,outs16,pitcher,Shota Imanaga,0.7471160858998297,1,0,0.2528839141001703,,18.0,11,5,0
2026-05-08,822822,outs16,pitcher,Dylan Cease,0.7264588727401118,1,0,0.2735411272598882,,21.0,2,2,0
2026-05-08,823466,outs16,pitcher,Jesús Luzardo,0.77724249005204,0,1,-0.77724249005204,,9.0,16,2,1
2026-05-08,823794,outs16,pitcher,Max Fried,0.7480540900937969,1,0,0.25194590990620314,,18.0,6,6,0
2026-05-08,824116,outs16,pitcher,Kris Bubic,0.7270470627961482,1,0,0.27295293720385183,,17.0,7,1,0
2026-05-08,824443,outs16,pitcher,Parker Messick,0.7129285339266007,1,0,0.2870714660733993,,17.0,10,2,0
2026-05-09,823957,outs16,pitcher,Chris Sale,0.812418026485966,1,0,0.18758197351403405,,21.0,4,2,0
2026-05-09,824115,outs16,pitcher,Michael Wacha,0.7496667539518916,1,0,0.25033324604810836,,21.0,6,4,0
2026-05-09,824847,outs16,pitcher,Shane Baz,0.7172869904725429,0,1,-0.7172869904725429,,14.0,8,4,0
2026-05-10,823463,outs16,pitcher,Cristopher Sánchez,0.8941822457023616,1,0,0.1058177542976384,,21.0,6,6,0
2026-05-10,824605,outs16,pitcher,Davis Martin,0.7285519846236463,1,0,0.27144801537635366,,18.0,3,1,0
2026-05-12,823385,outs16,pitcher,Paul Skenes,0.7911016041801425,1,0,0.20889839581985747,,24.0,4,2,0
2026-05-12,824199,outs16,pitcher,George Kirby,0.7402177369441209,0,1,-0.7402177369441209,,15.0,4,2,0
2026-05-13,822815,outs16,pitcher,Dylan Cease,0.7545809473313141,1,0,0.2454190526686859,,21.0,8,2,1
2026-05-13,823386,outs16,pitcher,Mitch Keller,0.7152041243128447,1,0,0.28479587568715525,,17.0,14,6,0
2026-05-13,823951,outs16,pitcher,Yoshinobu Yamamoto,0.7795737518743551,1,0,0.22042624812564493,,19.0,8,4,0
2026-05-13,824438,outs16,pitcher,Parker Messick,0.7485397142933914,1,0,0.2514602857066086,,20.0,6,2,0
2026-05-13,824841,outs16,pitcher,Max Fried,0.7609728891733607,0,1,-0.7609728891733607,,9.0,7,7,0
2026-05-13,824928,outs16,pitcher,Shota Imanaga,0.7154683645205567,1,0,0.28453163547944327,,21.0,5,3,0
2026-05-14,823630,outs16,pitcher,Nolan McLean,0.72481075676702,1,0,0.27518924323298,,21.0,13,5,0
2026-05-14,823952,outs16,pitcher,Shohei Ohtani,0.756392436119983,1,0,0.24360756388001703,,21.0,4,4,0
2026-05-14,824926,outs16,pitcher,Chris Sale,0.8469056010559802,1,0,0.15309439894401977,,18.0,2,2,0
2026-05-15,823384,outs16,pitcher,Braxton Ashcraft,0.7277386930147145,1,0,0.2722613069852855,,20.0,20,2,1
2026-05-15,823629,outs16,pitcher,Cam Schlittler,0.700744159099747,1,0,0.29925584090025303,,20.0,7,3,0
2026-05-16,822981,outs16,pitcher,Nick Martinez,0.7345240454154561,1,0,0.26547595458454387,,18.0,15,5,1
2026-05-16,823139,outs16,pitcher,Logan Gilbert,0.705403451467841,1,0,0.294596548532159,,20.0,11,3,0
2026-05-16,823382,outs16,pitcher,Cristopher Sánchez,0.8476971670440222,1,0,0.1523028329559778,,27.0,6,6,0
2026-05-16,824924,outs16,pitcher,Bryce Elder,0.7479081834666662,1,0,0.2520918165333338,,24.0,5,1,0
2026-05-17,823138,outs16,pitcher,George Kirby,0.7751071910403958,1,0,0.22489280895960417,,17.0,11,5,0
2026-05-17,823381,outs16,pitcher,Paul Skenes,0.7957155041506709,0,1,-0.7957155041506709,,15.0,6,6,0
2026-05-17,823381,outs16,pitcher,Zack Wheeler,0.715037134556528,1,0,0.28496286544347205,,21.0,6,6,0
2026-05-17,824038,outs16,pitcher,Justin Wrobleski,0.7324776677473084,1,0,0.2675223322526916,,18.0,17,13,0
2026-05-17,824436,outs16,pitcher,Gavin Williams,0.7346119902864479,1,0,0.26538800971355214,,18.0,13,7,0
2026-05-18,824114,outs16,pitcher,Seth Lugo,0.7426251346823812,1,0,0.2573748653176188,,18.0,4,2,0
2026-05-18,824277,outs16,pitcher,Framber Valdez,0.7122993811812581,0,1,-0.7122993811812581,,15.0,10,6,0
2026-05-18,824680,outs16,pitcher,Shota Imanaga,0.7511323471388748,0,1,-0.7511323471388748,,13.0,12,6,0
2026-05-19,823137,outs16,pitcher,Bryan Woo,0.7417863272917092,1,0,0.25821367270829076,,18.0,7,5,0
2026-05-19,823301,outs16,pitcher,Yoshinobu Yamamoto,0.7241787078607785,1,0,0.27582129213922146,,21.0,1,1,0
2026-05-19,823464,outs16,pitcher,Jesús Luzardo,0.7142703795689485,1,0,0.28572962043105155,,18.0,5,3,0
2026-05-19,823548,outs16,pitcher,Dylan Cease,0.7130396455590416,0,1,-0.7130396455590416,,15.0,9,1,0
2026-05-20,823547,outs16,pitcher,Cam Schlittler,0.7541346700464472,1,0,0.2458653299535528,,18.0,3,1,0
2026-05-20,823866,outs16,pitcher,Chris Sale,0.8236712633397428,1,0,0.17632873666025717,,21.0,10,8,0
2026-05-20,824111,outs16,pitcher,Michael Wacha,0.7560293298484,1,0,0.2439706701516,,18.0,7,1,0
2026-05-20,825084,outs16,pitcher,Merrill Kelly,0.7187690759984958,1,0,0.2812309240015042,,18.0,9,3,0
2026-05-20,825086,outs16,pitcher,Ryne Nelson,0.7089732957752096,1,0,0.2910267042247904,,21.0,8,2,0
2026-05-21,822733,outs16,pitcher,Cade Cavalli,0.7036070707286678,1,0,0.2963929292713322,,21.0,3,1,0
2026-05-21,823299,outs16,pitcher,Shohei Ohtani,0.7155546312228857,0,1,-0.7155546312228857,,15.0,4,4,0
2026-05-21,823864,outs16,pitcher,Sandy Alcantara,0.7045996332624845,1,0,0.29540036673751546,,18.0,12,6,0
2026-05-22,822816,outs16,pitcher,Kevin Gausman,0.704267496263533,1,0,0.295732503736467,,20.0,8,4,0
2026-05-22,823461,outs16,pitcher,Cristopher Sánchez,0.8794776966438093,1,0,0.12052230335619074,,24.0,1,1,0
2026-05-22,823788,outs16,pitcher,Justin Wrobleski,0.70792261905994,0,1,-0.70792261905994,,15.0,6,4,0
2026-05-22,824922,outs16,pitcher,Bryce Elder,0.7236916625359142,1,0,0.2763083374640858,,18.0,9,1,1
2026-05-23,822814,outs16,pitcher,Paul Skenes,0.7617993006331236,0,1,-0.7617993006331236,,15.0,7,3,0
2026-05-23,823223,outs16,pitcher,Trevor McDonald,0.7535363766777824,0,1,-0.7535363766777824,,11.0,13,5,0
2026-05-23,823223,outs16,pitcher,Davis Martin,0.7069795340877888,1,0,0.2930204659122112,,17.0,13,5,0
2026-05-23,823458,outs16,pitcher,Zack Wheeler,0.7516673938967651,1,0,0.24833260610323493,,18.0,3,3,0
2026-05-23,824109,outs16,pitcher,George Kirby,0.7078138296615659,1,0,0.2921861703384341,,18.0,5,5,0
2026-05-24,822813,outs16,pitcher,Dylan Cease,0.7798697133795707,0,1,-0.7798697133795707,,14.0,5,3,0
2026-05-24,823297,outs16,pitcher,Michael King,0.7175335520834913,0,1,-0.7175335520834913,,11.0,7,3,0
2026-05-24,824030,outs16,pitcher,Nathan Eovaldi,0.7470109091019296,1,0,0.2529890908980704,,21.0,7,3,0
2026-05-24,824108,outs16,pitcher,Seth Lugo,0.7156018357768092,1,0,0.28439816422319075,,19.0,14,2,0
2026-05-24,824676,outs16,pitcher,Shota Imanaga,0.7367195750906197,1,0,0.2632804249093803,,18.0,13,3,0
2026-05-24,825081,outs16,pitcher,Ryne Nelson,0.7583171299270206,1,0,0.2416828700729794,,24.0,10,8,0
2026-05-25,823625,outs16,pitcher,Nolan McLean,0.7200193246426146,0,1,-0.7200193246426146,,10.0,9,5,0
2026-05-25,823784,outs16,pitcher,Jacob Misiorowski,0.7116141406358275,1,0,0.2883858593641725,,21.0,6,4,0
2026-05-25,824107,outs16,pitcher,Michael Wacha,0.7343885174522597,1,0,0.26561148254774025,,21.0,7,1,0
2026-05-26,823379,outs16,pitcher,Braxton Ashcraft,0.7314657895610371,1,0,0.26853421043896286,,19.0,13,11,0
2026-05-26,824106,outs16,pitcher,Cam Schlittler,0.713475179775264,1,0,0.286524820224736,,18.0,16,14,0
2026-05-27,822809,outs16,pitcher,Kevin Gausman,0.7290188818717935,0,1,-0.7290188818717935,,15.0,3,1,0
2026-05-27,823217,outs16,pitcher,Trevor McDonald,0.7189428702920737,1,0,0.2810571297079263,,19.0,5,1,0
2026-05-27,823295,outs16,pitcher,Cristopher Sánchez,0.8772451425926459,1,0,0.12275485740735415,,21.0,3,3,0
2026-05-27,824432,outs16,pitcher,Gavin Williams,0.7503404844855517,1,0,0.24965951551444832,,21.0,5,1,0
2026-05-27,824756,outs16,pitcher,Bryce Elder,0.7062935093450583,0,1,-0.7062935093450583,,10.0,8,8,0
2026-05-28,823378,outs16,pitcher,Paul Skenes,0.7832427822002952,1,0,0.2167572177997048,,16.0,9,5,0
2026-05-28,823947,outs16,pitcher,Shohei Ohtani,0.7348035178350835,1,0,0.26519648216491654,,18.0,5,3,0
2026-05-28,824595,outs16,pitcher,Davis Martin,0.7509316390116575,1,0,0.2490683609883425,,18.0,8,4,0
2026-05-28,824757,outs16,pitcher,Chris Sale,0.8197745263516127,0,1,-0.8197745263516127,,15.0,12,8,0
2026-05-29,822896,outs16,pitcher,Nathan Eovaldi,0.8098109917233235,1,0,0.1901890082766765,,21.0,6,4,0
2026-05-30,823135,outs16,pitcher,George Kirby,0.7441107169400882,1,0,0.25588928305991177,,16.0,13,1,1
2026-05-30,823375,outs16,pitcher,Mitch Keller,0.7101217484210803,0,1,-0.7101217484210803,,12.0,19,1,0
2026-05-30,823946,outs16,pitcher,Justin Wrobleski,0.7089609323619628,1,0,0.2910390676380372,,21.0,6,2,0
2026-05-30,823946,outs16,pitcher,Zack Wheeler,0.7237291938748297,1,0,0.2762708061251703,,18.0,6,2,0
2026-05-30,824431,outs16,pitcher,Parker Messick,0.7272156891173158,0,1,-0.7272156891173158,,15.0,10,8,0
2026-05-31,822895,outs16,pitcher,Michael Wacha,0.7059050317895949,0,1,-0.7059050317895949,,15.0,9,3,0
2026-05-31,823132,outs16,pitcher,Bryan Woo,0.7462201980635512,1,0,0.2537798019364488,,21.0,6,4,0
2026-05-31,823132,outs16,pitcher,Ryne Nelson,0.7106437408057475,1,0,0.28935625919425245,,16.0,6,4,0
2026-05-31,823373,outs16,pitcher,Braxton Ashcraft,0.787905514807906,1,0,0.21209448519209395,,18.0,12,6,0
2026-05-31,823621,outs16,pitcher,Nolan McLean,0.707037513004643,0,1,-0.707037513004643,,15.0,11,9,0
2026-05-31,823944,outs16,pitcher,Yoshinobu Yamamoto,0.7770648316366671,1,0,0.22293516836333294,,16.0,10,8,0
2026-06-01,822730,outs16,pitcher,Cade Cavalli,0.7270669644154185,0,1,-0.7270669644154185,,15.0,10,4,0
2026-06-02,823052,outs16,pitcher,Dustin May,0.7154372093499778,1,0,0.2845627906500222,,17.0,11,3,0
2026-06-02,823052,outs16,pitcher,Nathan Eovaldi,0.7838324903394961,1,0,0.2161675096605039,,18.0,11,3,0
2026-06-02,823541,outs16,pitcher,Cam Schlittler,0.7289569251516721,0,1,-0.7289569251516721,,13.0,13,5,0
2026-06-02,824027,outs16,pitcher,José Soriano,0.7158288947959824,0,1,-0.7158288947959824,,14.0,17,1,0
2026-06-03,822973,outs16,pitcher,Nick Martinez,0.7256900109012381,0,1,-0.7256900109012381,,12.0,9,5,0
2026-06-03,823129,outs16,pitcher,Logan Gilbert,0.741652867130774,1,0,0.25834713286922595,,16.0,11,5,0
2026-06-03,823130,outs16,pitcher,George Kirby,0.7793593164966912,0,1,-0.7793593164966912,,12.0,8,6,0
2026-06-03,823456,outs16,pitcher,Cristopher Sánchez,0.8912115938492404,1,0,0.10878840615075958,,21.0,5,1,0
2026-06-04,823457,outs16,pitcher,Zack Wheeler,0.7864227378609627,1,0,0.21357726213903727,,21.0,10,2,0
2026-06-04,824188,outs16,pitcher,Paul Skenes,0.7522380890217721,0,1,-0.7522380890217721,,14.0,20,2,0
2026-06-04,824919,outs16,pitcher,Chris Sale,0.8253717104148288,1,0,0.17462828958517118,,17.0,9,5,0
2026-06-05,823455,outs16,pitcher,Jesús Luzardo,0.7116404844443689,1,0,0.2883595155556311,,18.0,14,2,0
2026-06-05,823538,outs16,pitcher,Ryan Weathers,0.7407021422137612,1,0,0.2592978577862388,,18.0,8,2,0
2026-06-05,824271,outs16,pitcher,Framber Valdez,0.7305440033730174,0,1,-0.7305440033730174,,15.0,10,4,0
2026-06-05,824271,outs16,pitcher,Bryan Woo,0.7433135473018214,1,0,0.2566864526981786,,19.0,10,4,0
2026-06-05,824672,outs16,pitcher,Shota Imanaga,0.7050931380076096,1,0,0.29490686199239036,,18.0,13,1,0
2026-06-05,825076,outs16,pitcher,Ryne Nelson,0.7450661394030236,1,0,0.2549338605969764,,21.0,5,1,0
2026-06-06,823697,outs16,pitcher,Joe Ryan,0.8121948742666273,1,0,0.1878051257333727,,18.0,5,1,0
2026-06-06,824915,outs16,pitcher,Braxton Ashcraft,0.7248434646751217,0,1,-0.7248434646751217,,15.0,9,3,0
2026-06-06,825073,outs16,pitcher,Merrill Kelly,0.7128735047976845,0,1,-0.7128735047976845,,15.0,15,13,0
2026-06-07,822807,outs16,pitcher,Kevin Gausman,0.7369978234359106,0,1,-0.7369978234359106,,15.0,10,2,0
2026-06-07,823537,outs16,pitcher,Cam Schlittler,0.736268209278922,1,0,0.263731790721078,,17.0,7,5,0
2026-06-07,823857,outs16,pitcher,Sandy Alcantara,0.7131217602181328,1,0,0.2868782397818672,,21.0,5,3,0
2026-06-07,823942,outs16,pitcher,Yoshinobu Yamamoto,0.7888141581332561,1,0,0.21118584186674394,,24.0,11,7,0
2026-06-07,824351,outs16,pitcher,Jacob Misiorowski,0.7121410447423927,1,0,0.2878589552576073,,21.0,8,6,0
2026-06-07,824916,outs16,pitcher,Bryce Elder,0.7097514790128027,1,0,0.29024852098719733,,18.0,5,1,0
2026-06-08,822806,outs16,pitcher,Cristopher Sánchez,0.867397155862737,1,0,0.13260284413726298,,21.0,7,3,0
2026-06-08,824427,outs16,pitcher,Gavin Williams,0.7090033517503365,0,1,-0.7090033517503365,,15.0,12,2,1
2026-06-09,822805,outs16,pitcher,Zack Wheeler,0.7527525009030404,1,0,0.24724749909695964,,18.0,5,1,0
2026-06-09,822969,outs16,pitcher,Nick Martinez,0.7139469532373308,1,0,0.2860530467626692,,21.0,7,1,0
2026-06-09,823374,outs16,pitcher,Paul Skenes,0.7829575792706196,1,0,0.2170424207293804,,18.0,15,9,0
2026-06-09,823858,outs16,pitcher,Max Meyer,0.7092805776360808,1,0,0.29071942236391923,,16.0,16,4,0
2026-06-09,824105,outs16,pitcher,Stephen Kolek,0.725127796464169,0,1,-0.725127796464169,,15.0,8,2,0
2026-06-09,824105,outs16,pitcher,Nathan Eovaldi,0.7760736988649087,1,0,0.22392630113509127,,17.0,8,2,0
2026-06-10,823856,outs16,pitcher,Ryne Nelson,0.72204461018607,0,1,-0.72204461018607,,12.0,8,8,0
2026-06-10,824266,outs16,pitcher,Framber Valdez,0.7270877811144553,0,1,-0.7270877811144553,,15.0,10,2,0
2026-06-10,824590,outs16,pitcher,Chris Sale,0.8015685426645082,1,0,0.19843145733549183,,17.0,3,1,0
2026-06-11,824022,outs16,pitcher,Reid Detmers,0.7000591152675886,1,0,0.29994088473241143,,21.0,5,1,1
2026-06-11,824101,outs16,pitcher,Michael Wacha,0.741091210686432,1,0,0.258908789313568,,21.0,6,2,0
2026-06-11,824827,outs16,pitcher,Bryan Woo,0.7449998818502915,0,1,-0.7449998818502915,,15.0,12,2,0
2026-06-12,823370,outs16,pitcher,Braxton Ashcraft,0.7673458957540316,0,1,-0.7673458957540316,,15.0,11,5,0
2026-06-12,823370,outs16,pitcher,Sandy Alcantara,0.7135185740132527,1,0,0.2864814259867473,,24.0,11,5,0
2026-06-12,823778,outs16,pitcher,Jacob Misiorowski,0.8014642610972629,1,0,0.19853573890273712,,27.0,6,6,0
2026-06-12,824826,outs16,pitcher,Shane Baz,0.7546129683826487,0,1,-0.7546129683826487,,15.0,10,4,0
2026-06-13,823695,outs16,pitcher,Joe Ryan,0.7913486087393199,1,0,0.2086513912606801,,18.0,17,1,0
2026-06-13,824587,outs16,pitcher,Yoshinobu Yamamoto,0.7370689220523698,1,0,0.26293107794763015,,25.0,8,6,0
2026-06-13,824749,outs16,pitcher,Ranger Suarez,0.7019771618816898,0,1,-0.7019771618816898,,15.0,9,3,0
2026-06-14,823212,outs16,pitcher,Logan Webb,0.7414942858874963,1,0,0.25850571411250367,,24.0,6,4,0
2026-06-14,823368,outs16,pitcher,Paul Skenes,0.7876462875286566,1,0,0.21235371247134338,,18.0,6,2,0
2026-06-14,823777,outs16,pitcher,Cristopher Sánchez,0.8538678710118148,1,0,0.14613212898818517,,17.0,4,4,0
2026-06-14,824099,outs16,pitcher,Stephen Kolek,0.715329323881054,1,0,0.28467067611894603,,22.0,4,4,0
2026-06-14,824751,outs16,pitcher,Nathan Eovaldi,0.7763335751471525,1,0,0.2236664248528475,,21.0,10,2,0
2026-06-15,823046,outs16,pitcher,Dustin May,0.7254557763169315,1,0,0.2745442236830685,,27.0,3,3,0
2026-06-15,823452,outs16,pitcher,Zack Wheeler,0.7825873203412345,1,0,0.21741267965876554,,18.0,7,7,0
2026-06-15,824505,outs16,pitcher,Chase Burns,0.7023447494703922,0,1,-0.7023447494703922,,15.0,12,12,0
2026-06-16,823451,outs16,pitcher,Jesús Luzardo,0.7563730834954965,1,0,0.24362691650450352,,21.0,10,6,0
2026-06-16,825071,outs16,pitcher,Ryne Nelson,0.7062700331651471,1,0,0.29372996683485286,,21.0,7,1,0
2026-06-17,823128,outs16,pitcher,Logan Gilbert,0.7102616847279264,1,0,0.2897383152720736,,21.0,4,2,0
2026-06-17,823450,outs16,pitcher,Sandy Alcantara,0.7298467807176309,1,0,0.27015321928236913,,18.0,16,8,0
2026-06-17,824503,outs16,pitcher,Nick Lodolo,0.7232215562600183,0,1,-0.7232215562600183,,14.0,10,8,0
2026-06-18,822889,outs16,pitcher,Joe Ryan,0.7897950530769284,0,1,-0.7897950530769284,,15.0,12,6,0
2026-06-18,823125,outs16,pitcher,Bryan Woo,0.7542600837272317,1,0,0.24573991627276826,,21.0,3,3,0
2026-06-18,823127,outs16,pitcher,George Kirby,0.7435702148892075,1,0,0.2564297851107925,,18.0,8,2,0
2026-06-19,823534,outs16,pitcher,Cam Schlittler,0.7323204309709148,1,0,0.2676795690290852,,18.0,5,5,0
2026-06-19,824910,outs16,pitcher,Jacob Misiorowski,0.7685885190592887,1,0,0.2314114809407113,,18.0,5,1,0
2026-06-20,822885,outs16,pitcher,MacKenzie Gore,0.7065753168669537,1,0,0.29342468313304626,,18.0,10,2,1
2026-06-20,823447,outs16,pitcher,Cristopher Sánchez,0.8605575019682276,1,0,0.13944249803177244,,18.0,18,12,0
2026-06-20,823854,outs16,pitcher,Max Meyer,0.7433344364130472,0,1,-0.7433344364130472,,15.0,9,3,0
2026-06-20,824909,outs16,pitcher,Chris Sale,0.7712581202394163,1,0,0.2287418797605837,,17.0,7,1,0
2026-06-21,822883,outs16,pitcher,Nathan Eovaldi,0.7840871021733937,1,0,0.21591289782660628,,18.0,7,1,0
2026-06-21,823123,outs16,pitcher,Logan Gilbert,0.7960441113323555,1,0,0.20395588866764447,,19.0,4,2,0
2026-06-21,823449,outs16,pitcher,Zack Wheeler,0.7810877717347045,1,0,0.21891222826529555,,17.0,8,4,0
2026-06-21,823852,outs16,pitcher,Logan Webb,0.7449615912467038,1,0,0.2550384087532962,,24.0,3,1,0
2026-06-21,823937,outs16,pitcher,Yoshinobu Yamamoto,0.7699162138746445,1,0,0.23008378612535552,,18.0,5,1,0
2026-06-21,824095,outs16,pitcher,Stephen Kolek,0.7051700610568933,0,1,-0.7051700610568933,,5.0,22,2,0
2026-06-21,824342,outs16,pitcher,Paul Skenes,0.734476249734881,1,0,0.265523750265119,,18.0,3,1,0
2026-06-22,822964,outs16,pitcher,Drew Rasmussen,0.7164403797158115,1,0,0.28355962028418846,,18.0,3,1,0
2026-06-22,824261,outs16,pitcher,Framber Valdez,0.7066608754807003,1,0,0.29333912451929967,,18.0,8,2,0
2026-06-23,822718,outs16,pitcher,Jesús Luzardo,0.7109225813334084,1,0,0.28907741866659165,,20.0,23,5,0
2026-06-23,823365,outs16,pitcher,George Kirby,0.7218963086650987,1,0,0.2781036913349013,,18.0,5,1,0
2026-06-23,823849,outs16,pitcher,Sandy Alcantara,0.7992929770032771,1,0,0.20070702299672294,,20.0,10,2,0
2026-06-24,823367,outs16,pitcher,Braxton Ashcraft,0.7096077848407355,1,0,0.2903922151592645,,18.0,12,10,0
2026-06-24,823367,outs16,pitcher,Bryan Woo,0.7471334521739609,0,1,-0.7471334521739609,,12.0,12,10,0
2026-06-24,823691,outs16,pitcher,Joe Ryan,0.7837133150527046,1,0,0.21628668494729542,,18.0,7,1,0
2026-06-24,824259,outs16,pitcher,Tarik Skubal,0.7558435989392112,1,0,0.24415640106078884,,18.0,6,2,0
2026-06-24,824341,outs16,pitcher,Ranger Suarez,0.7015622406884789,1,0,0.29843775931152106,,18.0,14,2,0
2026-06-25,822717,outs16,pitcher,Cristopher Sánchez,0.809848628166794,0,1,-0.809848628166794,,15.0,15,5,0
2026-06-26,822796,outs16,pitcher,Nathan Eovaldi,0.7610037028885261,1,0,0.23899629711147385,,21.0,9,1,0
2026-06-26,822962,outs16,pitcher,Nick Martinez,0.7057436191151097,1,0,0.29425638088489026,,17.0,7,5,0
2026-06-26,823363,outs16,pitcher,Paul Skenes,0.8346897190088206,0,1,-0.8346897190088206,,15.0,10,2,0
2026-06-26,823610,outs16,pitcher,Zack Wheeler,0.7608113339647768,1,0,0.23918866603522315,,21.0,3,1,0
2026-06-26,823773,outs16,pitcher,Jacob Misiorowski,0.7896173531424815,1,0,0.2103826468575185,,18.0,8,4,0
2026-06-27,822794,outs16,pitcher,Dylan Cease,0.7068946389511022,0,1,-0.7068946389511022,,14.0,11,3,0
2026-06-27,824257,outs16,pitcher,Framber Valdez,0.7324739568945291,1,0,0.2675260431054709,,18.0,14,2,0
2026-06-28,823204,outs16,pitcher,Chris Sale,0.7907947606137431,1,0,0.2092052393862569,,18.0,5,1,0
2026-06-28,823207,outs16,pitcher,Logan Webb,0.8111756734507751,1,0,0.18882432654922487,,21.0,5,5,0
2026-06-28,823283,outs16,pitcher,Yoshinobu Yamamoto,0.7451743462031656,1,0,0.2548256537968344,,18.0,18,12,0
2026-06-28,823608,outs16,pitcher,Jesús Luzardo,0.7905647284851747,0,1,-0.7905647284851747,,15.0,9,1,0
2026-06-28,824744,outs16,pitcher,Sonny Gray,0.8008777509090024,1,0,0.19912224909099763,,22.0,9,1,1
2026-06-29,824420,outs16,pitcher,Parker Messick,0.7574162568594264,1,0,0.24258374314057363,,20.0,9,3,0
2026-06-29,824741,outs16,pitcher,Ranger Suarez,0.7587878588417168,1,0,0.24121214115828316,,18.0,9,3,0
2026-06-30,823121,outs16,pitcher,George Kirby,0.7854739491793945,1,0,0.2145260508206055,,24.0,8,4,0
2026-06-30,823445,outs16,pitcher,Cristopher Sánchez,0.8394023108251283,1,0,0.16059768917487172,,21.0,8,8,0
2026-06-30,823528,outs16,pitcher,Cam Schlittler,0.7514944992410758,0,1,-0.7514944992410758,,12.0,12,6,0
2026-06-30,823528,outs16,pitcher,Tarik Skubal,0.7181865838825198,1,0,0.28181341611748023,,18.0,12,6,0
2026-06-30,824339,outs16,pitcher,Sandy Alcantara,0.7158411077562137,1,0,0.2841588922437863,,17.0,17,3,0
2026-06-30,824418,outs16,pitcher,Tanner Bibee,0.7161939553858452,1,0,0.2838060446141548,,21.0,6,2,0
2026-07-01,823122,outs16,pitcher,Bryan Woo,0.744871781872313,1,0,0.25512821812768705,,19.0,11,5,0
2026-07-01,823446,outs16,pitcher,Zack Wheeler,0.8144753339319567,0,1,-0.8144753339319567,,14.0,16,4,0
2026-07-01,823446,outs16,pitcher,Paul Skenes,0.7714509534530559,0,1,-0.7714509534530559,,12.0,16,4,0
2026-07-01,824175,outs16,pitcher,Joe Ryan,0.7302391647198805,0,1,-0.7302391647198805,,12.0,10,2,0
2026-07-02,823765,outs16,pitcher,Jacob Misiorowski,0.8073911024269029,0,1,-0.8073911024269029,,15.0,9,5,0
2026-07-03,822714,outs16,pitcher,Foster Griffin,0.7020260288756253,0,1,-0.7020260288756253,,15.0,14,4,0
2026-07-03,822884,outs16,pitcher,Nathan Eovaldi,0.755977560509763,0,1,-0.755977560509763,,15.0,14,6,0
2026-07-04,823118,outs16,pitcher,Logan Gilbert,0.7808649420418537,1,0,0.21913505795814625,,22.0,11,11,0
2026-07-04,824336,outs16,pitcher,Logan Webb,0.8061105368998812,0,1,-0.8061105368998812,,9.0,18,12,0
2026-07-04,824415,outs16,pitcher,Parker Messick,0.7985303823759539,0,1,-0.7985303823759539,,15.0,4,2,0
2026-07-05,823932,outs16,pitcher,Yoshinobu Yamamoto,0.7736605380356437,1,0,0.22633946196435628,,21.0,3,3,0
2026-07-05,824012,outs16,pitcher,Sonny Gray,0.7696001876856838,1,0,0.23039981231431617,,18.0,9,7,0
2026-07-05,824092,outs16,pitcher,Michael Wacha,0.756159196865529,1,0,0.24384080313447098,,18.0,7,5,0
2026-07-05,824092,outs16,pitcher,Jesús Luzardo,0.7445222617407974,1,0,0.2554777382592026,,18.0,7,5,0
2026-07-05,824413,outs16,pitcher,Tanner Bibee,0.7138393875325946,0,1,-0.7138393875325946,,12.0,13,1,0
2026-07-05,824903,outs16,pitcher,Chris Sale,0.8216788420165715,0,1,-0.8216788420165715,,15.0,17,11,0
2026-07-05,824983,outs16,pitcher,Sandy Alcantara,0.7411599091424734,1,0,0.2588400908575266,,24.0,9,5,0
2026-07-06,824010,outs16,pitcher,Ranger Suarez,0.7414889502812243,0,1,-0.7414889502812243,,8.0,12,2,0
2026-07-06,824089,outs16,pitcher,Cristopher Sánchez,0.7963739107737802,0,1,-0.7963739107737802,,10.0,16,14,0
2026-07-07,823062,outs16,pitcher,Jacob Misiorowski,0.7419445510236224,1,0,0.25805544897637755,,21.0,7,1,0
2026-07-07,823361,outs16,pitcher,Paul Skenes,0.7865021978194474,1,0,0.2134978021805526,,18.0,16,8,0
2026-07-07,823847,outs16,pitcher,Max Meyer,0.7124353901605609,0,1,-0.7124353901605609,,15.0,11,1,1
2026-07-07,824254,outs16,pitcher,Tarik Skubal,0.7854159619739328,0,1,-0.7854159619739328,,15.0,8,4,0
2026-07-07,824495,outs16,pitcher,Zack Wheeler,0.7463932579978408,1,0,0.25360674200215916,,21.0,5,3,0
2026-07-08,822881,outs16,pitcher,Jacob deGrom,0.7427968785859945,0,1,-0.7427968785859945,,15.0,11,5,0
2026-07-08,823202,outs16,pitcher,Logan Webb,0.8397920426474059,1,0,0.16020795735259408,,21.0,10,10,0
2026-07-08,823202,outs16,pitcher,Dylan Cease,0.7116475048636572,1,0,0.28835249513634276,,24.0,10,10,0
2026-07-08,823848,outs16,pitcher,George Kirby,0.7693031028808867,1,0,0.23069689711911334,,18.0,2,2,0
2026-07-08,823929,outs16,pitcher,Justin Wrobleski,0.7038026287126599,1,0,0.29619737128734014,,21.0,7,1,0
2026-07-09,822880,outs16,pitcher,MacKenzie Gore,0.7004435183202715,0,1,-0.7004435183202715,,15.0,14,12,0
2026-07-09,822954,outs16,pitcher,Drew Rasmussen,0.7173682360269881,0,1,-0.7173682360269881,,7.0,16,8,0
2026-07-09,823606,outs16,pitcher,Michael Wacha,0.7624965605613967,0,1,-0.7624965605613967,,14.0,10,4,0
2026-07-09,824251,outs16,pitcher,Framber Valdez,0.7247173138608537,1,0,0.2752826861391463,,21.0,5,3,0
2026-07-09,824494,outs16,pitcher,Jesús Luzardo,0.7810923901627775,1,0,0.21890760983722246,,21.0,1,1,0
2026-07-10,822877,outs16,pitcher,Nathan Eovaldi,0.7669713118326021,1,0,0.23302868816739786,,18.0,13,1,0
2026-07-10,823604,outs16,pitcher,Nolan McLean,0.7718583122196481,1,0,0.22814168778035193,,18.0,8,4,0
2026-07-10,823604,outs16,pitcher,Sonny Gray,0.7678063506190268,1,0,0.2321936493809732,,18.0,8,4,0
2026-07-10,823845,outs16,pitcher,Sandy Alcantara,0.8088179754867129,1,0,0.19118202451328714,,21.0,5,1,0
2026-07-10,823845,outs16,pitcher,Parker Messick,0.7238398278148089,1,0,0.27616017218519107,,18.0,5,1,0
2026-07-11,822711,outs16,pitcher,Cam Schlittler,0.7180097885429199,1,0,0.28199021145708014,,20.0,6,2,0
2026-07-11,822953,outs16,pitcher,Logan Gilbert,0.73209191656899,1,0,0.26790808343101,,20.0,7,5,0
2026-07-11,823033,outs16,pitcher,Chris Sale,0.7426227958313999,0,1,-0.7426227958313999,,9.0,3,1,0
2026-07-11,823682,outs16,pitcher,Joe Ryan,0.7615041128000398,1,0,0.23849588719996018,,18.0,8,2,0
2026-07-11,824249,outs16,pitcher,Casey Mize,0.7022819872080328,1,0,0.2977180127919672,,17.0,6,2,0
2026-07-11,824249,outs16,pitcher,Cristopher Sánchez,0.7472112721772706,1,0,0.25278872782272943,,21.0,6,2,0
2026-07-11,824813,outs16,pitcher,Kyle Bradish,0.7002563415023094,1,0,0.2997436584976906,,20.0,7,5,0
2026-07-12,822876,outs16,pitcher,MacKenzie Gore,0.7267566576048619,0,1,-0.7267566576048619,,12.0,11,1,0
2026-07-12,823358,outs16,pitcher,Paul Skenes,0.7832764736996778,1,0,0.2167235263003222,,16.0,19,9,0
2026-07-12,823681,outs16,pitcher,Taj Bradley,0.7068011980331376,1,0,0.29319880196686243,,21.0,6,2,0
2026-07-12,823926,outs16,pitcher,Yoshinobu Yamamoto,0.7755657796202923,1,0,0.22443422037970773,,18.0,11,7,0
2026-07-12,824250,outs16,pitcher,Tarik Skubal,0.8096205803662221,0,1,-0.8096205803662221,,15.0,5,5,0
2026-07-12,824250,outs16,pitcher,Zack Wheeler,0.7902255308038039,1,0,0.20977446919619613,,18.0,5,5,0
2026-07-17,823766,outs16,pitcher,Sandy Alcantara,0.7253752186425472,1,0,0.27462478135745283,,18.0,3,1,1
2026-07-17,824901,outs16,pitcher,Chris Sale,0.7386304192317501,1,0,0.2613695807682499,,21.0,16,14,0
2026-07-18,823441,outs16,pitcher,Jesús Luzardo,0.7687372519956946,0,1,-0.7687372519956946,,15.0,7,5,0
2026-07-19,823113,outs16,pitcher,Logan Gilbert,0.7941846394960037,1,0,0.2058153605039963,,18.0,9,3,0
2026-07-19,823439,outs16,pitcher,Nolan McLean,0.7051777374344513,1,0,0.29482226256554867,,18.0,7,5,0
2026-07-19,823523,outs16,pitcher,Cam Schlittler,0.7140217059992261,0,1,-0.7140217059992261,,13.0,10,6,0
2026-07-19,823523,outs16,pitcher,Yoshinobu Yamamoto,0.7332296345383255,1,0,0.26677036546167454,,27.0,10,6,0
2026-07-19,824008,outs16,pitcher,Tarik Skubal,0.7619294527584924,1,0,0.23807054724150756,,21.0,7,7,0
2026-07-19,824411,outs16,pitcher,Paul Skenes,0.7140606209280659,1,0,0.2859393790719341,,21.0,8,6,0
2026-07-19,824739,outs16,pitcher,Sonny Gray,0.7350140049109594,1,0,0.26498599508904064,,18.0,7,5,0
2026-07-19,824897,outs16,pitcher,Nathan Eovaldi,0.702762952240739,0,1,-0.702762952240739,,12.0,13,3,0
2026-07-20,823436,outs16,pitcher,Cristopher Sánchez,0.7592323338134358,1,0,0.2407676661865642,,16.0,17,3,0
2026-07-20,824087,outs16,pitcher,Michael Wacha,0.7132074141031134,1,0,0.2867925858968866,,18.0,7,1,0
2026-07-21,822787,outs16,pitcher,Kevin Gausman,0.7403671988029111,0,1,-0.7403671988029111,,10.0,14,10,0
2026-07-21,823112,outs16,pitcher,George Kirby,0.7685080312542221,1,0,0.23149196874577793,,18.0,8,8,0
2026-07-21,823437,outs16,pitcher,Zack Wheeler,0.7780480003700211,1,0,0.2219519996299789,,21.0,3,1,0
2026-07-21,823437,outs16,pitcher,Justin Wrobleski,0.7109513764387652,1,0,0.28904862356123484,,19.0,3,1,0
2026-07-22,824735,outs16,pitcher,Jake Bennett,0.7131277338286117,1,0,0.2868722661713883,,17.0,9,3,0
2026-07-23,824166,outs16,pitcher,Sandy Alcantara,0.7318585857465187,1,0,0.26814141425348126,,21.0,7,3,0
2026-07-23,824893,outs16,pitcher,Chris Sale,0.726928352155062,1,0,0.273071647844938,,18.0,11,1,0
2026-07-24,823434,outs16,pitcher,Jesús Luzardo,0.7207918825740719,1,0,0.2792081174259281,,21.0,1,1,0
2026-07-24,824248,outs16,pitcher,Tarik Skubal,0.8113971911665699,1,0,0.18860280883343006,,22.0,3,1,0
2026-07-25,822869,outs16,pitcher,Nathan Eovaldi,0.7142464854257841,1,0,0.28575351457421594,,21.0,8,6,0
2026-07-25,822869,outs16,pitcher,Bryan Woo,0.7111723151761554,0,1,-0.7111723151761554,,15.0,8,6,0
2026-07-25,823196,outs16,pitcher,Logan Webb,0.7915431106024379,1,0,0.20845688939756213,,18.0,13,1,1
2026-07-25,823355,outs16,pitcher,Paul Skenes,0.7573592959141517,1,0,0.24264070408584826,,16.0,11,11,0
2026-07-25,823600,outs16,pitcher,Nolan McLean,0.7404319217181904,1,0,0.2595680782818096,,18.0,7,1,0
2026-07-25,823600,outs16,pitcher,Yoshinobu Yamamoto,0.7762831425274795,1,0,0.22371685747252046,,18.0,7,1,0
2026-07-25,824734,outs16,pitcher,Sonny Gray,0.7287143367415212,0,1,-0.7287143367415212,,15.0,6,6,0
2026-07-25,824734,outs16,pitcher,Dylan Cease,0.7235341988488486,1,0,0.2764658011511514,,27.0,6,6,0
2026-07-26,822870,outs16,pitcher,Logan Gilbert,0.7571737030875686,1,0,0.2428262969124314,,17.0,10,2,0
2026-07-26,823433,outs16,pitcher,Cristopher Sánchez,0.8089392741811119,1,0,0.1910607258188881,,18.0,15,7,0
2026-07-27,822868,outs16,pitcher,George Kirby,0.7355107007967253,0,1,-0.7355107007967253,,12.0,10,4,0
2026-07-27,823839,outs16,pitcher,Zack Wheeler,0.7924452754565212,0,1,-0.7924452754565212,,9.0,15,1,0
2026-07-28,823676,outs16,pitcher,Taj Bradley,0.7027430112059685,1,0,0.2972569887940315,,18.0,5,1,0
2026-07-28,823838,outs16,pitcher,Sandy Alcantara,0.8055909078842252,1,0,0.19440909211577484,,21.0,1,1,0
2026-07-29,823192,outs16,pitcher,Logan Webb,0.7782678645862952,1,0,0.22173213541370485,,18.0,19,13,0
2026-07-29,823837,outs16,pitcher,Jesús Luzardo,0.7399423244082074,1,0,0.2600576755917926,,19.0,14,2,0
2026-07-29,823923,outs16,pitcher,Justin Wrobleski,0.7955831555214347,1,0,0.20441684447856534,,18.0,13,1,0
2026-07-29,824242,outs16,pitcher,Tarik Skubal,0.8350651567530559,1,0,0.16493484324694407,,20.0,19,1,1
2026-07-29,824567,outs16,pitcher,Cam Schlittler,0.7103520722736052,1,0,0.2896479277263948,,19.0,11,1,1
2026-07-30,823595,outs16,pitcher,Nolan McLean,0.7892946192826406,1,0,0.21070538071735945,,19.0,6,2,0
2026-07-31,822782,outs16,pitcher,Dylan Cease,0.8037212612618818,1,0,0.19627873873811819,,18.0,4,2,0
2026-07-31,824486,outs16,pitcher,Hunter Greene,0.7143176992571615,1,0,0.2856823007428385,,18.0,15,1,0
2026-07-31,824486,outs16,pitcher,Paul Skenes,0.7661617907932072,0,1,-0.7661617907932072,,12.0,15,1,0
2026-08-01,823109,outs16,pitcher,Logan Gilbert,0.7801442624446815,1,0,0.2198557375553185,,21.0,7,1,0
2026-08-01,824808,outs16,pitcher,Cristopher Sánchez,0.7706552788332731,1,0,0.22934472116672688,,18.0,5,5,0
2026-08-02,823592,outs16,pitcher,Sandy Alcantara,0.7660662435511473,1,0,0.23393375644885273,,18.0,2,2,0
2026-08-02,823920,outs16,pitcher,Yoshinobu Yamamoto,0.8104184526814965,1,0,0.18958154731850352,,24.0,5,1,0
2026-08-02,824404,outs16,pitcher,Gavin Williams,0.7075229139036551,1,0,0.29247708609634493,,17.0,5,5,0
2026-08-02,824807,outs16,pitcher,Zack Wheeler,0.7389783826420347,0,1,-0.7389783826420347,,6.0,8,8,0
2026-08-03,823520,outs16,pitcher,Cam Schlittler,0.780710270612139,0,1,-0.780710270612139,,9.0,20,6,0
2026-08-04,822867,outs16,pitcher,Logan Webb,0.7582951488423204,1,0,0.2417048511576796,,18.0,6,4,0
2026-08-04,823432,outs16,pitcher,Jesús Luzardo,0.7700138568033918,1,0,0.22998614319660815,,24.0,5,5,0
2026-08-04,824647,outs16,pitcher,Matthew Boyd,0.7521045623709263,1,0,0.24789543762907373,,20.0,15,5,0
2026-08-04,824647,outs16,pitcher,Justin Wrobleski,0.7113071646375378,0,1,-0.7113071646375378,,13.0,15,5,0
2026-08-05,824645,outs16,pitcher,Tarik Skubal,0.7764090624808893,1,0,0.22359093751911074,,18.0,6,4,0
